     1                                  ; ==============================================================================
     2                                  ; Antigravity OS - 64-Bit Long Mode Kernel Entry & Main Event Loop
     3                                  ; Loaded at physical address 0x0000000000008000 by the 64-bit Bootloader
     4                                  ; ==============================================================================
     5                                  
     6                                  [org 0x8000]
     7                                  [bits 64]
     8                                  default rel
     9                                  
    10                                  kernel_entry:
    11                                      ; Initialize screen display
    12 00000000 C605060100000F              mov byte [current_attr], 0x0F   ; White on black
    13 00000007 E838010000                  call vga_clear_screen
    14                                  
    15                                      ; Print OS Welcome Banner
    16 0000000C E886000000                  call kernel_print_banner
    17                                  
    18                                      ; Initialize 64-bit Interrupt Descriptor Table & Remap 8259 PIC
    19 00000011 B309                        mov bl, COLOR_LIGHT_BLUE
    20 00000013 48BE-                       mov rsi, MSG_INIT_IDT
    20 00000015 [4FC9000000000000] 
    21 0000001D E89B020000                  call vga_print_string_color
    22                                  
    23 00000022 E875140000                  call idt64_init
    24                                  
    25 00000027 B30A                        mov bl, COLOR_LIGHT_GREEN
    26 00000029 48BE-                       mov rsi, MSG_IDT_OK
    26 0000002B [8BC9000000000000] 
    27 00000033 E885020000                  call vga_print_string_color
    28                                  
    29                                      ; Enable Hardware Interrupts (IRQ 0 Timer and IRQ 1 Keyboard)
    30 00000038 FB                          sti
    31                                  
    32                                      ; Mount or format AntigravityFS (AFS) Storage Subsystem
    33 00000039 E86B200000                  call fs_init
    34                                  
    35                                      ; Initialize PCI Bus and Realtek RTL8139 Network Subsystem
    36 0000003E E80C320000                  call net_init
    37 00000043 E88C3E0000                  call arp_init
    38                                  
    39                                      ; Initialize Bochs Graphics Adaptor (BGA) Subsystem
    40 00000048 E8637E0000                  call bga_init
    41                                  
    42 0000004D B30B                        mov bl, COLOR_LIGHT_CYAN
    43 0000004F 488D357CC90000              lea rsi, [MSG_READY]
    44 00000056 E862020000                  call vga_print_string_color
    45                                  
    46                                      ; Display Initial 64-bit Shell Prompt
    47 0000005B E85AAF0000                  call shell_print_prompt
    48                                  
    49                                  ; ------------------------------------------------------------------------------
    50                                  ; Main Kernel Event Loop: Low-power park via 'hlt' until hardware interrupt
    51                                  ; ------------------------------------------------------------------------------
    52                                  kernel_loop:
    53                                      ; Poll network interface for background packets (ARP, ICMP ping replies, etc.)
    54 00000060 E8DD330000                  call net_poll
    55                                  
    56 00000065 F4                          hlt
    57                                  
    58                                      ; Check if Tab auto-completion was requested
    59 00000066 803D2316000001              cmp byte [tab_requested], 1
    60 0000006D 750E                        jne .check_enter
    61 0000006F C6051A16000000              mov byte [tab_requested], 0
    62 00000076 E8E3C30000                  call shell_tab_complete
    63 0000007B EBE3                        jmp kernel_loop
    64                                  
    65                                  .check_enter:
    66                                      ; Check if keyboard ISR reported a completed line (Enter was pressed)
    67 0000007D 803D0B16000001              cmp byte [line_ready], 1
    68 00000084 75DA                        jne kernel_loop
    69                                  
    70                                      ; Execute command in buffer
    71 00000086 E844AF0000                  call shell_execute_command
    72                                  
    73                                      ; Reset buffer state for next command
    74 0000008B E823180000                  call keyboard_clear_buffer
    75                                  
    76                                      ; Render prompt again
    77 00000090 E825AF0000                  call shell_print_prompt
    78                                  
    79 00000095 EBC9                        jmp kernel_loop
    80                                  
    81                                  ; ------------------------------------------------------------------------------
    82                                  ; kernel_print_banner: Renders stylized 64-bit OS startup logo
    83                                  ; ------------------------------------------------------------------------------
    84                                  kernel_print_banner:
    85 00000097 50                          push rax
    86 00000098 53                          push rbx
    87 00000099 56                          push rsi
    88                                  
    89                                      ; Print logo in Cyan
    90 0000009A B30B                        mov bl, COLOR_LIGHT_CYAN
    91 0000009C 48BE-                       mov rsi, BANNER_LINE1
    91 0000009E [42C7000000000000] 
    92 000000A6 E812020000                  call vga_print_string_color
    93 000000AB 48BE-                       mov rsi, BANNER_LINE2
    93 000000AD [8DC7000000000000] 
    94 000000B5 E803020000                  call vga_print_string_color
    95 000000BA 48BE-                       mov rsi, BANNER_LINE3
    95 000000BC [D8C7000000000000] 
    96 000000C4 E8F4010000                  call vga_print_string_color
    97 000000C9 48BE-                       mov rsi, BANNER_LINE4
    97 000000CB [23C8000000000000] 
    98 000000D3 E8E5010000                  call vga_print_string_color
    99 000000D8 48BE-                       mov rsi, BANNER_LINE5
    99 000000DA [6EC8000000000000] 
   100 000000E2 E8D6010000                  call vga_print_string_color
   101 000000E7 48BE-                       mov rsi, BANNER_LINE6
   101 000000E9 [B9C8000000000000] 
   102 000000F1 E8C7010000                  call vga_print_string_color
   103                                  
   104                                      ; Print subtitle in Yellow
   105 000000F6 B30E                        mov bl, COLOR_YELLOW
   106 000000F8 48BE-                       mov rsi, BANNER_SUBTITLE
   106 000000FA [04C9000000000000] 
   107 00000102 E8B6010000                  call vga_print_string_color
   108                                  
   109 00000107 5E                          pop rsi
   110 00000108 5B                          pop rbx
   111 00000109 58                          pop rax
   112 0000010A C3                          ret
   113                                  
   114                                  ; ------------------------------------------------------------------------------
   115                                  ; Included 64-Bit Kernel Subsystems
   116                                  ; ------------------------------------------------------------------------------
   117                                  %include "vga.asm"
     1                              <1> ; ==============================================================================
     2                              <1> ; Antigravity OS - 64-bit VGA 80x25 Color Text Mode Driver
     3                              <1> ; Manages Video RAM at 0x000B8000, hardware cursor, 64-bit hex/dec formatting
     4                              <1> ; ==============================================================================
     5                              <1> 
     6                              <1> [bits 64]
     7                              <1> 
     8                              <1> VGA_BUFFER      equ 0x000B8000
     9                              <1> VGA_COLS        equ 80
    10                              <1> VGA_ROWS        equ 25
    11                              <1> VGA_CELLS       equ VGA_COLS * VGA_ROWS
    12                              <1> 
    13                              <1> ; Color Codes
    14                              <1> COLOR_BLACK         equ 0x00
    15                              <1> COLOR_BLUE          equ 0x01
    16                              <1> COLOR_GREEN         equ 0x02
    17                              <1> COLOR_CYAN          equ 0x03
    18                              <1> COLOR_RED           equ 0x04
    19                              <1> COLOR_MAGENTA       equ 0x05
    20                              <1> COLOR_BROWN         equ 0x06
    21                              <1> COLOR_LIGHT_GRAY    equ 0x07
    22                              <1> COLOR_DARK_GRAY     equ 0x08
    23                              <1> COLOR_LIGHT_BLUE    equ 0x09
    24                              <1> COLOR_LIGHT_GREEN   equ 0x0A
    25                              <1> COLOR_LIGHT_CYAN    equ 0x0B
    26                              <1> COLOR_LIGHT_RED     equ 0x0C
    27                              <1> COLOR_LIGHT_MAGENTA equ 0x0D
    28                              <1> COLOR_YELLOW        equ 0x0E
    29                              <1> COLOR_WHITE         equ 0x0F
    30                              <1> 
    31                              <1> ; VGA I/O Ports
    32                              <1> VGA_PORT_INDEX      equ 0x3D4
    33                              <1> VGA_PORT_DATA       equ 0x3D5
    34                              <1> 
    35 0000010B 00                  <1> cursor_row:         db 0
    36 0000010C 00                  <1> cursor_col:         db 0
    37 0000010D 0F                  <1> current_attr:       db 0x0F     ; Default: White on Black
    38 0000010E 307830303030303030- <1> hex64_buffer:       db "0x0000000000000000", 0
    38 00000117 303030303030303030- <1>
    38 00000120 00                  <1>
    39 00000121 307830303030303030- <1> hex32_buffer:       db "0x00000000", 0
    39 0000012A 3000                <1>
    40 0000012C 00<rep 18h>         <1> dec_buffer:         times 24 db 0
    41                              <1> 
    42                              <1> ; ------------------------------------------------------------------------------
    43                              <1> ; vga_clear_screen: Clears the entire text display with the current attribute
    44                              <1> ; ------------------------------------------------------------------------------
    45                              <1> vga_clear_screen:
    46 00000144 50                  <1>     push rax
    47 00000145 51                  <1>     push rcx
    48 00000146 57                  <1>     push rdi
    49                              <1> 
    50 00000147 BF00800B00          <1>     mov rdi, VGA_BUFFER
    51 0000014C B9D0070000          <1>     mov rcx, VGA_CELLS
    52 00000151 8A25B6FFFFFF        <1>     mov ah, [current_attr]
    53 00000157 B020                <1>     mov al, ' '
    54 00000159 66F3AB              <1>     rep stosw
    55                              <1> 
    56 0000015C C605A8FFFFFF00      <1>     mov byte [cursor_row], 0
    57 00000163 C605A2FFFFFF00      <1>     mov byte [cursor_col], 0
    58 0000016A E806010000          <1>     call vga_update_cursor
    59                              <1> 
    60 0000016F 5F                  <1>     pop rdi
    61 00000170 59                  <1>     pop rcx
    62 00000171 58                  <1>     pop rax
    63 00000172 C3                  <1>     ret
    64                              <1> 
    65                              <1> ; ------------------------------------------------------------------------------
    66                              <1> ; vga_print_char: Prints character in AL to screen at current cursor position
    67                              <1> ; Handles: '\n' (0x0A), '\r' (0x0D), '\b' (0x08)
    68                              <1> ; ------------------------------------------------------------------------------
    69                              <1> vga_print_char:
    70 00000173 50                  <1>     push rax
    71 00000174 53                  <1>     push rbx
    72 00000175 51                  <1>     push rcx
    73 00000176 52                  <1>     push rdx
    74 00000177 57                  <1>     push rdi
    75                              <1> 
    76 00000178 3C0A                <1>     cmp al, 0x0A                ; Line Feed
    77 0000017A 7451                <1>     je .newline
    78 0000017C 3C0D                <1>     cmp al, 0x0D                ; Carriage Return
    79 0000017E 745C                <1>     je .carriagereturn
    80 00000180 3C08                <1>     cmp al, 0x08                ; Backspace
    81 00000182 7461                <1>     je .backspace
    82                              <1> 
    83                              <1>     ; Normal printable character
    84 00000184 480FB60D7FFFFFFF    <1>     movzx rcx, byte [cursor_row]
    85 0000018C 486BC950            <1>     imul rcx, VGA_COLS
    86 00000190 480FB61574FFFFFF    <1>     movzx rdx, byte [cursor_col]
    87 00000198 4801D1              <1>     add rcx, rdx
    88 0000019B 48D1E1              <1>     shl rcx, 1                  ; 2 bytes per cell
    89                              <1> 
    90 0000019E BF00800B00          <1>     mov rdi, VGA_BUFFER
    91 000001A3 4801CF              <1>     add rdi, rcx
    92 000001A6 8A2561FFFFFF        <1>     mov ah, [current_attr]
    93 000001AC 668907              <1>     mov [rdi], ax
    94                              <1> 
    95                              <1>     ; Advance cursor
    96 000001AF FE0557FFFFFF        <1>     inc byte [cursor_col]
    97 000001B5 803D50FFFFFF50      <1>     cmp byte [cursor_col], VGA_COLS
    98 000001BC 7C74                <1>     jl .done
    99 000001BE C60547FFFFFF00      <1>     mov byte [cursor_col], 0
   100 000001C5 FE0540FFFFFF        <1>     inc byte [cursor_row]
   101 000001CB EB57                <1>     jmp .check_scroll
   102                              <1> 
   103                              <1> .newline:
   104 000001CD C60538FFFFFF00      <1>     mov byte [cursor_col], 0
   105 000001D4 FE0531FFFFFF        <1>     inc byte [cursor_row]
   106 000001DA EB48                <1>     jmp .check_scroll
   107                              <1> 
   108                              <1> .carriagereturn:
   109 000001DC C60529FFFFFF00      <1>     mov byte [cursor_col], 0
   110 000001E3 EB4D                <1>     jmp .done
   111                              <1> 
   112                              <1> .backspace:
   113 000001E5 803D20FFFFFF00      <1>     cmp byte [cursor_col], 0
   114 000001EC 7444                <1>     je .done                    ; Cannot backspace past left edge
   115 000001EE FE0D18FFFFFF        <1>     dec byte [cursor_col]
   116                              <1> 
   117 000001F4 480FB60D0FFFFFFF    <1>     movzx rcx, byte [cursor_row]
   118 000001FC 486BC950            <1>     imul rcx, VGA_COLS
   119 00000200 480FB61504FFFFFF    <1>     movzx rdx, byte [cursor_col]
   120 00000208 4801D1              <1>     add rcx, rdx
   121 0000020B 48D1E1              <1>     shl rcx, 1
   122 0000020E BF00800B00          <1>     mov rdi, VGA_BUFFER
   123 00000213 4801CF              <1>     add rdi, rcx
   124 00000216 C60720              <1>     mov byte [rdi], ' '
   125 00000219 8A05EEFEFFFF        <1>     mov al, [current_attr]
   126 0000021F 884701              <1>     mov byte [rdi+1], al
   127 00000222 EB0E                <1>     jmp .done
   128                              <1> 
   129                              <1> .check_scroll:
   130 00000224 803DE0FEFFFF19      <1>     cmp byte [cursor_row], VGA_ROWS
   131 0000022B 7C05                <1>     jl .done
   132 0000022D E80B000000          <1>     call vga_scroll
   133                              <1> 
   134                              <1> .done:
   135 00000232 E83E000000          <1>     call vga_update_cursor
   136 00000237 5F                  <1>     pop rdi
   137 00000238 5A                  <1>     pop rdx
   138 00000239 59                  <1>     pop rcx
   139 0000023A 5B                  <1>     pop rbx
   140 0000023B 58                  <1>     pop rax
   141 0000023C C3                  <1>     ret
   142                              <1> 
   143                              <1> ; ------------------------------------------------------------------------------
   144                              <1> ; vga_scroll: Scrolls screen content up by 1 row when bottom is reached
   145                              <1> ; ------------------------------------------------------------------------------
   146                              <1> vga_scroll:
   147 0000023D 50                  <1>     push rax
   148 0000023E 51                  <1>     push rcx
   149 0000023F 57                  <1>     push rdi
   150 00000240 56                  <1>     push rsi
   151 00000241 FC                  <1>     cld
   152                              <1> 
   153 00000242 BF00800B00          <1>     mov rdi, VGA_BUFFER
   154 00000247 BEA0800B00          <1>     mov rsi, VGA_BUFFER + (VGA_COLS * 2)
   155 0000024C B980070000          <1>     mov rcx, (VGA_ROWS - 1) * VGA_COLS
   156 00000251 66F3A5              <1>     rep movsw
   157                              <1> 
   158 00000254 BF008F0B00          <1>     mov rdi, VGA_BUFFER + ((VGA_ROWS - 1) * VGA_COLS * 2)
   159 00000259 B950000000          <1>     mov rcx, VGA_COLS
   160 0000025E 8A25A9FEFFFF        <1>     mov ah, [current_attr]
   161 00000264 B020                <1>     mov al, ' '
   162 00000266 66F3AB              <1>     rep stosw
   163                              <1> 
   164 00000269 C6059BFEFFFF18      <1>     mov byte [cursor_row], VGA_ROWS - 1
   165 00000270 5E                  <1>     pop rsi
   166 00000271 5F                  <1>     pop rdi
   167 00000272 59                  <1>     pop rcx
   168 00000273 58                  <1>     pop rax
   169 00000274 C3                  <1>     ret
   170                              <1> 
   171                              <1> ; ------------------------------------------------------------------------------
   172                              <1> ; vga_update_cursor: Updates hardware text cursor position via CRT controller
   173                              <1> ; ------------------------------------------------------------------------------
   174                              <1> vga_update_cursor:
   175 00000275 50                  <1>     push rax
   176 00000276 51                  <1>     push rcx
   177 00000277 52                  <1>     push rdx
   178                              <1> 
   179 00000278 480FB60D8BFEFFFF    <1>     movzx rcx, byte [cursor_row]
   180 00000280 486BC950            <1>     imul rcx, VGA_COLS
   181 00000284 480FB61580FEFFFF    <1>     movzx rdx, byte [cursor_col]
   182 0000028C 4801D1              <1>     add rcx, rdx                ; RCX = position (0 .. 1999)
   183                              <1> 
   184                              <1>     ; Low byte to port 0x3D4/0x3D5
   185 0000028F 66BAD403            <1>     mov dx, VGA_PORT_INDEX
   186 00000293 B00F                <1>     mov al, 0x0F
   187 00000295 EE                  <1>     out dx, al
   188 00000296 66FFC2              <1>     inc dx
   189 00000299 88C8                <1>     mov al, cl
   190 0000029B EE                  <1>     out dx, al
   191                              <1> 
   192                              <1>     ; High byte to port 0x3D4/0x3D5
   193 0000029C 66FFCA              <1>     dec dx
   194 0000029F B00E                <1>     mov al, 0x0E
   195 000002A1 EE                  <1>     out dx, al
   196 000002A2 66FFC2              <1>     inc dx
   197 000002A5 88E8                <1>     mov al, ch
   198 000002A7 EE                  <1>     out dx, al
   199                              <1> 
   200 000002A8 5A                  <1>     pop rdx
   201 000002A9 59                  <1>     pop rcx
   202 000002AA 58                  <1>     pop rax
   203 000002AB C3                  <1>     ret
   204                              <1> 
   205                              <1> ; ------------------------------------------------------------------------------
   206                              <1> ; vga_print_string: Prints null-terminated string at RSI with current attribute
   207                              <1> ; ------------------------------------------------------------------------------
   208                              <1> vga_print_string:
   209 000002AC 50                  <1>     push rax
   210 000002AD 56                  <1>     push rsi
   211                              <1> .loop:
   212 000002AE AC                  <1>     lodsb
   213 000002AF 84C0                <1>     test al, al
   214 000002B1 7407                <1>     jz .done
   215 000002B3 E8BBFEFFFF          <1>     call vga_print_char
   216 000002B8 EBF4                <1>     jmp .loop
   217                              <1> .done:
   218 000002BA 5E                  <1>     pop rsi
   219 000002BB 58                  <1>     pop rax
   220 000002BC C3                  <1>     ret
   221                              <1> 
   222                              <1> ; ------------------------------------------------------------------------------
   223                              <1> ; vga_print_string_color: Prints string at RSI with color specified in BL
   224                              <1> ; ------------------------------------------------------------------------------
   225                              <1> vga_print_string_color:
   226 000002BD 50                  <1>     push rax
   227 000002BE 8A0549FEFFFF        <1>     mov al, [current_attr]
   228 000002C4 50                  <1>     push rax
   229 000002C5 881D42FEFFFF        <1>     mov [current_attr], bl
   230 000002CB E8DCFFFFFF          <1>     call vga_print_string
   231 000002D0 58                  <1>     pop rax
   232 000002D1 880536FEFFFF        <1>     mov [current_attr], al
   233 000002D7 58                  <1>     pop rax
   234 000002D8 C3                  <1>     ret
   235                              <1> 
   236                              <1> ; ------------------------------------------------------------------------------
   237                              <1> ; vga_print_hex64: Prints 64-bit value in RAX as 16-digit hexadecimal string
   238                              <1> ; ------------------------------------------------------------------------------
   239                              <1> vga_print_hex64:
   240 000002D9 50                  <1>     push rax
   241 000002DA 53                  <1>     push rbx
   242 000002DB 51                  <1>     push rcx
   243 000002DC 52                  <1>     push rdx
   244 000002DD 57                  <1>     push rdi
   245 000002DE 56                  <1>     push rsi
   246                              <1> 
   247 000002DF 48BF-               <1>     mov rdi, hex64_buffer + 2   ; Skip "0x"
   247 000002E1 [1001000000000000]  <1>
   248 000002E9 B910000000          <1>     mov rcx, 16                 ; 16 nibbles (64 bits)
   249                              <1> .hex_loop:
   250 000002EE 48C1C004            <1>     rol rax, 4
   251 000002F2 4889C2              <1>     mov rdx, rax
   252 000002F5 4883E20F            <1>     and rdx, 0x0F
   253 000002F9 80FA09              <1>     cmp dl, 9
   254 000002FC 7E05                <1>     jle .digit
   255 000002FE 80C237              <1>     add dl, 'A' - 10
   256 00000301 EB03                <1>     jmp .store
   257                              <1> .digit:
   258 00000303 80C230              <1>     add dl, '0'
   259                              <1> .store:
   260 00000306 8817                <1>     mov [rdi], dl
   261 00000308 48FFC7              <1>     inc rdi
   262 0000030B E2E1                <1>     loop .hex_loop
   263                              <1> 
   264 0000030D C60700              <1>     mov byte [rdi], 0
   265 00000310 48BE-               <1>     mov rsi, hex64_buffer
   265 00000312 [0E01000000000000]  <1>
   266 0000031A E88DFFFFFF          <1>     call vga_print_string
   267                              <1> 
   268 0000031F 5E                  <1>     pop rsi
   269 00000320 5F                  <1>     pop rdi
   270 00000321 5A                  <1>     pop rdx
   271 00000322 59                  <1>     pop rcx
   272 00000323 5B                  <1>     pop rbx
   273 00000324 58                  <1>     pop rax
   274 00000325 C3                  <1>     ret
   275                              <1> 
   276                              <1> ; ------------------------------------------------------------------------------
   277                              <1> ; vga_print_hex32: Prints 32-bit value in EAX as 8-digit hexadecimal string
   278                              <1> ; ------------------------------------------------------------------------------
   279                              <1> vga_print_hex32:
   280 00000326 50                  <1>     push rax
   281 00000327 53                  <1>     push rbx
   282 00000328 51                  <1>     push rcx
   283 00000329 52                  <1>     push rdx
   284 0000032A 57                  <1>     push rdi
   285 0000032B 56                  <1>     push rsi
   286                              <1> 
   287 0000032C 48BF-               <1>     mov rdi, hex32_buffer + 2
   287 0000032E [2301000000000000]  <1>
   288 00000336 B908000000          <1>     mov rcx, 8
   289                              <1> .hex_loop:
   290 0000033B C1C004              <1>     rol eax, 4
   291 0000033E 89C2                <1>     mov edx, eax
   292 00000340 83E20F              <1>     and edx, 0x0F
   293 00000343 80FA09              <1>     cmp dl, 9
   294 00000346 7E05                <1>     jle .digit
   295 00000348 80C237              <1>     add dl, 'A' - 10
   296 0000034B EB03                <1>     jmp .store
   297                              <1> .digit:
   298 0000034D 80C230              <1>     add dl, '0'
   299                              <1> .store:
   300 00000350 8817                <1>     mov [rdi], dl
   301 00000352 48FFC7              <1>     inc rdi
   302 00000355 E2E4                <1>     loop .hex_loop
   303                              <1> 
   304 00000357 C60700              <1>     mov byte [rdi], 0
   305 0000035A 48BE-               <1>     mov rsi, hex32_buffer
   305 0000035C [2101000000000000]  <1>
   306 00000364 E843FFFFFF          <1>     call vga_print_string
   307                              <1> 
   308 00000369 5E                  <1>     pop rsi
   309 0000036A 5F                  <1>     pop rdi
   310 0000036B 5A                  <1>     pop rdx
   311 0000036C 59                  <1>     pop rcx
   312 0000036D 5B                  <1>     pop rbx
   313 0000036E 58                  <1>     pop rax
   314 0000036F C3                  <1>     ret
   315                              <1> 
   316                              <1> ; ------------------------------------------------------------------------------
   317                              <1> ; vga_print_dec: Prints 64-bit unsigned integer in RAX as decimal
   318                              <1> ; ------------------------------------------------------------------------------
   319                              <1> vga_print_dec:
   320 00000370 50                  <1>     push rax
   321 00000371 51                  <1>     push rcx
   322 00000372 52                  <1>     push rdx
   323 00000373 57                  <1>     push rdi
   324 00000374 56                  <1>     push rsi
   325                              <1> 
   326 00000375 48BF-               <1>     mov rdi, dec_buffer + 23
   326 00000377 [4301000000000000]  <1>
   327 0000037F C60700              <1>     mov byte [rdi], 0
   328 00000382 4885C0              <1>     test rax, rax
   329 00000385 7508                <1>     jnz .convert
   330 00000387 48FFCF              <1>     dec rdi
   331 0000038A C60730              <1>     mov byte [rdi], '0'
   332 0000038D EB18                <1>     jmp .print
   333                              <1> 
   334                              <1> .convert:
   335 0000038F B90A000000          <1>     mov rcx, 10
   336                              <1> .loop:
   337 00000394 4831D2              <1>     xor rdx, rdx
   338 00000397 48F7F1              <1>     div rcx                     ; RAX = quotient, RDX = remainder
   339 0000039A 80C230              <1>     add dl, '0'
   340 0000039D 48FFCF              <1>     dec rdi
   341 000003A0 8817                <1>     mov [rdi], dl
   342 000003A2 4885C0              <1>     test rax, rax
   343 000003A5 75ED                <1>     jnz .loop
   344                              <1> 
   345                              <1> .print:
   346 000003A7 4889FE              <1>     mov rsi, rdi
   347 000003AA E8FDFEFFFF          <1>     call vga_print_string
   348                              <1> 
   349 000003AF 5E                  <1>     pop rsi
   350 000003B0 5F                  <1>     pop rdi
   351 000003B1 5A                  <1>     pop rdx
   352 000003B2 59                  <1>     pop rcx
   353 000003B3 58                  <1>     pop rax
   354 000003B4 C3                  <1>     ret
   355                              <1> 
   356                              <1> ; ------------------------------------------------------------------------------
   357                              <1> ; vga_print_hex8: Prints 8-bit value in AL as 2 hexadecimal uppercase digits
   358                              <1> ; ------------------------------------------------------------------------------
   359                              <1> vga_print_hex8:
   360 000003B5 50                  <1>     push rax
   361 000003B6 53                  <1>     push rbx
   362 000003B7 88C3                <1>     mov bl, al
   363 000003B9 C0E804              <1>     shr al, 4
   364 000003BC 240F                <1>     and al, 0x0F
   365 000003BE E816000000          <1>     call .nibble
   366 000003C3 E8ABFDFFFF          <1>     call vga_print_char
   367 000003C8 88D8                <1>     mov al, bl
   368 000003CA 240F                <1>     and al, 0x0F
   369 000003CC E808000000          <1>     call .nibble
   370 000003D1 E89DFDFFFF          <1>     call vga_print_char
   371 000003D6 5B                  <1>     pop rbx
   372 000003D7 58                  <1>     pop rax
   373 000003D8 C3                  <1>     ret
   374                              <1> .nibble:
   375 000003D9 3C0A                <1>     cmp al, 10
   376 000003DB 7C03                <1>     jl .digit
   377 000003DD 0437                <1>     add al, 'A' - 10
   378 000003DF C3                  <1>     ret
   379                              <1> .digit:
   380 000003E0 0430                <1>     add al, '0'
   381 000003E2 C3                  <1>     ret
   382                              <1> 
   383                              <1> ; ------------------------------------------------------------------------------
   384                              <1> ; vga_print_hex16: Prints 16-bit value in AX as 4 hexadecimal uppercase digits
   385                              <1> ; ------------------------------------------------------------------------------
   386                              <1> vga_print_hex16:
   387 000003E3 50                  <1>     push rax
   388 000003E4 53                  <1>     push rbx
   389 000003E5 6689C3              <1>     mov bx, ax
   390 000003E8 88F8                <1>     mov al, bh
   391 000003EA E8C6FFFFFF          <1>     call vga_print_hex8
   392 000003EF 88D8                <1>     mov al, bl
   393 000003F1 E8BFFFFFFF          <1>     call vga_print_hex8
   394 000003F6 5B                  <1>     pop rbx
   395 000003F7 58                  <1>     pop rax
   396 000003F8 C3                  <1>     ret
   397                              <1> 
   118                                  %include "idt.asm"
     1                              <1> ; ==============================================================================
     2                              <1> ; Antigravity OS - 64-bit Interrupt Descriptor Table (IDT) & 8259 PIC Remap
     3                              <1> ; Configures 16-byte 64-bit interrupt gates and hardware IRQs
     4                              <1> ; ==============================================================================
     5                              <1> 
     6                              <1> [bits 64]
     7                              <1> 
     8                              <1> ; PIC I/O Ports
     9                              <1> PIC1_COMMAND    equ 0x20
    10                              <1> PIC1_DATA       equ 0x21
    11                              <1> PIC2_COMMAND    equ 0xA0
    12                              <1> PIC2_DATA       equ 0xA1
    13                              <1> PIC_EOI         equ 0x20
    14                              <1> 
    15                              <1> ; 64-bit IDT Gate Type
    16                              <1> IDT_GATE_INTERRUPT  equ 0x8E    ; Present=1, DPL=00, GateType=1110 (64-bit Interrupt Gate)
    17                              <1> 
    18 000003F9 90<rep 7h>          <1> align 16
    19                              <1> idt64_start:
    20 00000400 00<rep 1000h>       <1>     times 256 * 16 db 0        ; 256 interrupt gates, 16 bytes each = 4096 bytes
    21                              <1> idt64_end:
    22                              <1> 
    23                              <1> idt64_descriptor:
    24 00001400 FF0F                <1>     dw idt64_end - idt64_start - 1  ; Limit (2 bytes)
    25 00001402 [0004000000000000]  <1>     dq idt64_start                  ; Base Address (8 bytes for 64-bit LIDT)
    26                              <1> 
    27                              <1> ; ------------------------------------------------------------------------------
    28                              <1> ; idt_set_gate: Installs a 64-bit interrupt handler into the IDT
    29                              <1> ; Input:
    30                              <1> ;   AL  = Interrupt vector (0 - 255)
    31                              <1> ;   RDX = 64-bit Handler address
    32                              <1> ;   CL  = Type / Attribute byte (0x8E)
    33                              <1> ; ------------------------------------------------------------------------------
    34                              <1> idt_set_gate:
    35 0000140A 50                  <1>     push rax
    36 0000140B 57                  <1>     push rdi
    37                              <1> 
    38 0000140C 480FB6C0            <1>     movzx rax, al
    39 00001410 48C1E004            <1>     shl rax, 4                  ; Multiply by 16 (16 bytes per gate)
    40 00001414 488DB8[00040000]    <1>     lea rdi, [idt64_start + rax]
    41                              <1> 
    42                              <1>     ; Bits 0..15 of handler offset
    43 0000141B 668917              <1>     mov [rdi], dx
    44                              <1> 
    45                              <1>     ; Code segment selector (0x18 = CODE_SEG64)
    46 0000141E 66C747021800        <1>     mov word [rdi + 2], 0x18
    47                              <1> 
    48                              <1>     ; IST = 0 (Interrupt Stack Table unused)
    49 00001424 C6470400            <1>     mov byte [rdi + 4], 0x00
    50                              <1> 
    51                              <1>     ; Type and attributes (0x8E)
    52 00001428 884F05              <1>     mov [rdi + 5], cl
    53                              <1> 
    54                              <1>     ; Bits 16..31 of handler offset
    55 0000142B 4889D0              <1>     mov rax, rdx
    56 0000142E 48C1E810            <1>     shr rax, 16
    57 00001432 66894706            <1>     mov [rdi + 6], ax
    58                              <1> 
    59                              <1>     ; Bits 32..63 of handler offset
    60 00001436 4889D0              <1>     mov rax, rdx
    61 00001439 48C1E820            <1>     shr rax, 32
    62 0000143D 894708              <1>     mov [rdi + 8], eax
    63                              <1> 
    64                              <1>     ; Reserved 32 bits (must be 0)
    65 00001440 C7470C00000000      <1>     mov dword [rdi + 12], 0x00000000
    66                              <1> 
    67 00001447 5F                  <1>     pop rdi
    68 00001448 58                  <1>     pop rax
    69 00001449 C3                  <1>     ret
    70                              <1> 
    71                              <1> ; ------------------------------------------------------------------------------
    72                              <1> ; pic_remap: Remaps 8259 PIC so IRQs do not collide with CPU exceptions
    73                              <1> ; Master IRQ 0-7  -> INT 0x20 - 0x27
    74                              <1> ; Slave  IRQ 8-15 -> INT 0x28 - 0x2F
    75                              <1> ; ------------------------------------------------------------------------------
    76                              <1> pic_remap:
    77 0000144A 50                  <1>     push rax
    78                              <1> 
    79                              <1>     ; ICW1: Start initialization sequence in cascade mode
    80 0000144B B011                <1>     mov al, 0x11
    81 0000144D E620                <1>     out PIC1_COMMAND, al
    82 0000144F E845000000          <1>     call io_wait
    83 00001454 E6A0                <1>     out PIC2_COMMAND, al
    84 00001456 E83E000000          <1>     call io_wait
    85                              <1> 
    86                              <1>     ; ICW2: Vector offsets
    87 0000145B B020                <1>     mov al, 0x20                ; Master PIC vector offset 0x20 (32)
    88 0000145D E621                <1>     out PIC1_DATA, al
    89 0000145F E835000000          <1>     call io_wait
    90 00001464 B028                <1>     mov al, 0x28                ; Slave PIC vector offset 0x28 (40)
    91 00001466 E6A1                <1>     out PIC2_DATA, al
    92 00001468 E82C000000          <1>     call io_wait
    93                              <1> 
    94                              <1>     ; ICW3: Cascading configuration
    95 0000146D B004                <1>     mov al, 0x04                ; Master PIC has slave at IRQ2
    96 0000146F E621                <1>     out PIC1_DATA, al
    97 00001471 E823000000          <1>     call io_wait
    98 00001476 B002                <1>     mov al, 0x02                ; Slave PIC cascade identity (2)
    99 00001478 E6A1                <1>     out PIC2_DATA, al
   100 0000147A E81A000000          <1>     call io_wait
   101                              <1> 
   102                              <1>     ; ICW4: Set 8086/88 mode
   103 0000147F B001                <1>     mov al, 0x01
   104 00001481 E621                <1>     out PIC1_DATA, al
   105 00001483 E811000000          <1>     call io_wait
   106 00001488 E6A1                <1>     out PIC2_DATA, al
   107 0000148A E80A000000          <1>     call io_wait
   108                              <1> 
   109                              <1>     ; Unmask IRQ 0 (Timer) and IRQ 1 (Keyboard): 11111100b = 0xFC
   110 0000148F B0FC                <1>     mov al, 0xFC
   111 00001491 E621                <1>     out PIC1_DATA, al
   112 00001493 B0FF                <1>     mov al, 0xFF                ; Mask slave IRQs for now
   113 00001495 E6A1                <1>     out PIC2_DATA, al
   114                              <1> 
   115 00001497 58                  <1>     pop rax
   116 00001498 C3                  <1>     ret
   117                              <1> 
   118                              <1> io_wait:
   119 00001499 E680                <1>     out 0x80, al
   120 0000149B C3                  <1>     ret
   121                              <1> 
   122                              <1> ; ------------------------------------------------------------------------------
   123                              <1> ; idt64_init: Initializes 64-bit IDT, remaps PIC, installs handlers, and loads IDTR
   124                              <1> ; ------------------------------------------------------------------------------
   125                              <1> idt64_init:
   126 0000149C 50                  <1>     push rax
   127 0000149D 53                  <1>     push rbx
   128 0000149E 51                  <1>     push rcx
   129 0000149F 52                  <1>     push rdx
   130                              <1> 
   131                              <1>     ; Remap the 8259 PIC
   132 000014A0 E8A5FFFFFF          <1>     call pic_remap
   133                              <1> 
   134                              <1>     ; Populate all 256 gates with default exception handler
   135 000014A5 4831DB              <1>     xor rbx, rbx
   136                              <1> .init_all_gates:
   137 000014A8 88D8                <1>     mov al, bl
   138 000014AA 48BA-               <1>     mov rdx, isr_default_exception
   138 000014AC [ED15000000000000]  <1>
   139 000014B4 B18E                <1>     mov cl, IDT_GATE_INTERRUPT
   140 000014B6 E84FFFFFFF          <1>     call idt_set_gate
   141 000014BB 48FFC3              <1>     inc rbx
   142 000014BE 4881FB00010000      <1>     cmp rbx, 256
   143 000014C5 7CE1                <1>     jl .init_all_gates
   144                              <1> 
   145                              <1>     ; Install specific CPU exception handlers
   146 000014C7 B000                <1>     mov al, 0                   ; Division by Zero (#0)
   147 000014C9 48BA-               <1>     mov rdx, isr_divide_by_zero
   147 000014CB [0216000000000000]  <1>
   148 000014D3 B18E                <1>     mov cl, IDT_GATE_INTERRUPT
   149 000014D5 E830FFFFFF          <1>     call idt_set_gate
   150                              <1> 
   151 000014DA B00D                <1>     mov al, 13                  ; General Protection Fault (#13)
   152 000014DC 48BA-               <1>     mov rdx, isr_general_protection
   152 000014DE [1716000000000000]  <1>
   153 000014E6 B18E                <1>     mov cl, IDT_GATE_INTERRUPT
   154 000014E8 E81DFFFFFF          <1>     call idt_set_gate
   155                              <1> 
   156                              <1>     ; Install IRQ 0 (Timer, vector 0x20)
   157 000014ED B020                <1>     mov al, 0x20
   158 000014EF 48BA-               <1>     mov rdx, isr_timer
   158 000014F1 [2C16000000000000]  <1>
   159 000014F9 B18E                <1>     mov cl, IDT_GATE_INTERRUPT
   160 000014FB E80AFFFFFF          <1>     call idt_set_gate
   161                              <1> 
   162                              <1>     ; Install IRQ 1 (Keyboard, vector 0x21)
   163 00001500 B021                <1>     mov al, 0x21
   164 00001502 48BA-               <1>     mov rdx, isr_keyboard
   164 00001504 [3B16000000000000]  <1>
   165 0000150C B18E                <1>     mov cl, IDT_GATE_INTERRUPT
   166 0000150E E8F7FEFFFF          <1>     call idt_set_gate
   167                              <1> 
   168                              <1>     ; Install IRQ 12 (Mouse, vector 0x2C)
   169 00001513 B02C                <1>     mov al, 0x2C
   170 00001515 48BA-               <1>     mov rdx, isr_mouse
   170 00001517 [7C16000000000000]  <1>
   171 0000151F B18E                <1>     mov cl, IDT_GATE_INTERRUPT
   172 00001521 E8E4FEFFFF          <1>     call idt_set_gate
   173                              <1> 
   174                              <1>     ; Load 64-bit IDT Pointer register
   175 00001526 0F011DD3FEFFFF      <1>     lidt [idt64_descriptor]
   176                              <1> 
   177 0000152D 5A                  <1>     pop rdx
   178 0000152E 59                  <1>     pop rcx
   179 0000152F 5B                  <1>     pop rbx
   180 00001530 58                  <1>     pop rax
   181 00001531 C3                  <1>     ret
   119                                  %include "isr.asm"
     1                              <1> ; ==============================================================================
     2                              <1> ; Antigravity OS - 64-bit Interrupt Service Routines (ISRs)
     3                              <1> ; Handles 64-bit hardware IRQs and CPU exception vectors using iretq
     4                              <1> ; ==============================================================================
     5                              <1> 
     6                              <1> [bits 64]
     7                              <1> 
     8 00001532 0000000000000000    <1> timer_ticks:        dq 0
     9 0000153A 0A5B43505520455843- <1> MSG_DEFAULT_EXC:    db 0x0A, "[CPU EXCEPTION] Unhandled exception occurred in 64-bit mode! System halted.", 0x0A, 0
     9 00001543 455054494F4E5D2055- <1>
     9 0000154C 6E68616E646C656420- <1>
     9 00001555 657863657074696F6E- <1>
     9 0000155E 206F63637572726564- <1>
     9 00001567 20696E2036342D6269- <1>
     9 00001570 74206D6F6465212053- <1>
     9 00001579 797374656D2068616C- <1>
     9 00001582 7465642E0A00        <1>
    10 00001588 0A5B43505520455843- <1> MSG_DIV_ZERO:       db 0x0A, "[CPU EXCEPTION #0] 64-bit Division By Zero!", 0x0A, 0
    10 00001591 455054494F4E202330- <1>
    10 0000159A 5D2036342D62697420- <1>
    10 000015A3 4469766973696F6E20- <1>
    10 000015AC 4279205A65726F210A- <1>
    10 000015B5 00                  <1>
    11 000015B6 0A5B43505520455843- <1> MSG_GPF:            db 0x0A, "[CPU EXCEPTION #13] 64-bit General Protection Fault!", 0x0A, 0
    11 000015BF 455054494F4E202331- <1>
    11 000015C8 335D2036342D626974- <1>
    11 000015D1 2047656E6572616C20- <1>
    11 000015DA 50726F74656374696F- <1>
    11 000015E3 6E204661756C74210A- <1>
    11 000015EC 00                  <1>
    12                              <1> 
    13                              <1> ; ------------------------------------------------------------------------------
    14                              <1> ; Default CPU Exception Handler
    15                              <1> ; ------------------------------------------------------------------------------
    16                              <1> isr_default_exception:
    17 000015ED B34F                <1>     mov bl, 0x4F                ; White on Red
    18 000015EF 48BE-               <1>     mov rsi, MSG_DEFAULT_EXC
    18 000015F1 [3A15000000000000]  <1>
    19 000015F9 E8BFECFFFF          <1>     call vga_print_string_color
    20 000015FE FA                  <1>     cli
    21 000015FF F4                  <1>     hlt
    22 00001600 EBFE                <1>     jmp $
    23                              <1> 
    24                              <1> ; ------------------------------------------------------------------------------
    25                              <1> ; Division by Zero (#0)
    26                              <1> ; ------------------------------------------------------------------------------
    27                              <1> isr_divide_by_zero:
    28 00001602 B34F                <1>     mov bl, 0x4F
    29 00001604 48BE-               <1>     mov rsi, MSG_DIV_ZERO
    29 00001606 [8815000000000000]  <1>
    30 0000160E E8AAECFFFF          <1>     call vga_print_string_color
    31 00001613 FA                  <1>     cli
    32 00001614 F4                  <1>     hlt
    33 00001615 EBFE                <1>     jmp $
    34                              <1> 
    35                              <1> ; ------------------------------------------------------------------------------
    36                              <1> ; General Protection Fault (#13)
    37                              <1> ; ------------------------------------------------------------------------------
    38                              <1> isr_general_protection:
    39 00001617 B34F                <1>     mov bl, 0x4F
    40 00001619 48BE-               <1>     mov rsi, MSG_GPF
    40 0000161B [B615000000000000]  <1>
    41 00001623 E895ECFFFF          <1>     call vga_print_string_color
    42 00001628 FA                  <1>     cli
    43 00001629 F4                  <1>     hlt
    44 0000162A EBFE                <1>     jmp $
    45                              <1> 
    46                              <1> ; ------------------------------------------------------------------------------
    47                              <1> ; IRQ 0 - System Timer (8253 PIT)
    48                              <1> ; ------------------------------------------------------------------------------
    49                              <1> isr_timer:
    50 0000162C 50                  <1>     push rax
    51 0000162D 48FF05FEFEFFFF      <1>     inc qword [timer_ticks]
    52                              <1> 
    53                              <1>     ; Send End Of Interrupt (EOI) to Master PIC
    54 00001634 B020                <1>     mov al, 0x20
    55 00001636 E620                <1>     out 0x20, al
    56                              <1> 
    57 00001638 58                  <1>     pop rax
    58 00001639 48CF                <1>     iretq
    59                              <1> 
    60                              <1> ; ------------------------------------------------------------------------------
    61                              <1> ; IRQ 1 - PS/2 Keyboard Controller
    62                              <1> ; ------------------------------------------------------------------------------
    63                              <1> isr_keyboard:
    64 0000163B 50                  <1>     push rax
    65 0000163C 53                  <1>     push rbx
    66 0000163D 51                  <1>     push rcx
    67 0000163E 52                  <1>     push rdx
    68 0000163F 56                  <1>     push rsi
    69 00001640 57                  <1>     push rdi
    70 00001641 55                  <1>     push rbp
    71 00001642 4150                <1>     push r8
    72 00001644 4151                <1>     push r9
    73 00001646 4152                <1>     push r10
    74 00001648 4153                <1>     push r11
    75 0000164A 4154                <1>     push r12
    76 0000164C 4155                <1>     push r13
    77 0000164E 4156                <1>     push r14
    78 00001650 4157                <1>     push r15
    79                              <1> 
    80                              <1>     ; Read raw scancode from port 0x60 if data is available
    81 00001652 E464                <1>     in al, 0x64
    82 00001654 A801                <1>     test al, 0x01
    83 00001656 7407                <1>     jz .eoi
    84 00001658 E460                <1>     in al, 0x60
    85 0000165A E830010000          <1>     call keyboard_process_scancode
    86                              <1> 
    87                              <1> .eoi:
    88                              <1>     ; Send EOI to Master PIC
    89 0000165F B020                <1>     mov al, 0x20
    90 00001661 E620                <1>     out 0x20, al
    91                              <1> 
    92 00001663 415F                <1>     pop r15
    93 00001665 415E                <1>     pop r14
    94 00001667 415D                <1>     pop r13
    95 00001669 415C                <1>     pop r12
    96 0000166B 415B                <1>     pop r11
    97 0000166D 415A                <1>     pop r10
    98 0000166F 4159                <1>     pop r9
    99 00001671 4158                <1>     pop r8
   100 00001673 5D                  <1>     pop rbp
   101 00001674 5F                  <1>     pop rdi
   102 00001675 5E                  <1>     pop rsi
   103 00001676 5A                  <1>     pop rdx
   104 00001677 59                  <1>     pop rcx
   105 00001678 5B                  <1>     pop rbx
   106 00001679 58                  <1>     pop rax
   107 0000167A 48CF                <1>     iretq
   108                              <1> 
   109                              <1> ; ------------------------------------------------------------------------------
   110                              <1> ; IRQ 12 - PS/2 Mouse Controller (Vector 0x2C)
   111                              <1> ; ------------------------------------------------------------------------------
   112                              <1> isr_mouse:
   113 0000167C 50                  <1>     push rax
   114                              <1>     ; In case an interrupt fires, read port 0x60 if output full, then EOI
   115 0000167D E464                <1>     in al, 0x64
   116 0000167F A801                <1>     test al, 0x01
   117 00001681 7402                <1>     jz .eoi
   118 00001683 E460                <1>     in al, 0x60
   119                              <1> .eoi:
   120 00001685 B020                <1>     mov al, 0x20
   121 00001687 E6A0                <1>     out 0xA0, al                ; EOI to Slave PIC
   122 00001689 E620                <1>     out 0x20, al                ; EOI to Master PIC
   123 0000168B 58                  <1>     pop rax
   124 0000168C 48CF                <1>     iretq
   125                              <1> 
   120                                  %include "keyboard.asm"
     1                              <1> ; ==============================================================================
     2                              <1> ; Antigravity OS - 64-bit PS/2 Keyboard Driver & Scancode Decoder
     3                              <1> ; Translates Set-1 scancodes into ASCII characters and manages input buffer
     4                              <1> ; ==============================================================================
     5                              <1> 
     6                              <1> [bits 64]
     7                              <1> 
     8                              <1> INPUT_BUFFER_MAX equ 128
     9                              <1> 
    10 0000168E 00                  <1> shift_state:        db 0
    11 0000168F 00                  <1> line_ready:         db 0
    12 00001690 00                  <1> tab_requested:      db 0
    13 00001691 00                  <1> gui_last_scancode:  db 0
    14 00001692 00                  <1> gui_last_key:       db 0
    15 00001693 0000000000000000    <1> input_len:          dq 0
    16 0000169B 00<rep 80h>         <1> input_buffer:       times INPUT_BUFFER_MAX db 0
    17                              <1> 
    18                              <1> ; Scancode Set 1 Lowercase Translation Table (Index = Scancode, 0x00 - 0x39)
    19                              <1> scancode_table:
    20 0000171B 001B31323334353637- <1>     db 0, 27, '1', '2', '3', '4', '5', '6', '7', '8', '9', '0', '-', '=', 0x08, 0x09
    20 00001724 3839302D3D0809      <1>
    21 0000172B 71776572747975696F- <1>     db 'q', 'w', 'e', 'r', 't', 'y', 'u', 'i', 'o', 'p', '[', ']', 0x0D, 0
    21 00001734 705B5D0D00          <1>
    22 00001739 6173646667686A6B6C- <1>     db 'a', 's', 'd', 'f', 'g', 'h', 'j', 'k', 'l', ';', "'", '`', 0, '\'
    22 00001742 3B2760005C          <1>
    23 00001747 7A786376626E6D2C2E- <1>     db 'z', 'x', 'c', 'v', 'b', 'n', 'm', ',', '.', '/', 0, '*', 0, ' '
    23 00001750 2F002A0020          <1>
    24                              <1> 
    25                              <1> ; Scancode Set 1 Uppercase / Shift Translation Table
    26                              <1> scancode_table_shift:
    27 00001755 001B21402324255E26- <1>     db 0, 27, '!', '@', '#', '$', '%', '^', '&', '*', '(', ')', '_', '+', 0x08, 0x09
    27 0000175E 2A28295F2B0809      <1>
    28 00001765 51574552545955494F- <1>     db 'Q', 'W', 'E', 'R', 'T', 'Y', 'U', 'I', 'O', 'P', '{', '}', 0x0D, 0
    28 0000176E 507B7D0D00          <1>
    29 00001773 4153444647484A4B4C- <1>     db 'A', 'S', 'D', 'F', 'G', 'H', 'J', 'K', 'L', ':', '"', '~', 0, '|'
    29 0000177C 3A227E007C          <1>
    30 00001781 5A584356424E4D3C3E- <1>     db 'Z', 'X', 'C', 'V', 'B', 'N', 'M', '<', '>', '?', 0, '*', 0, ' '
    30 0000178A 3F002A0020          <1>
    31                              <1> 
    32                              <1> ; ------------------------------------------------------------------------------
    33                              <1> ; keyboard_process_scancode: Called by 64-bit ISR when a key is pressed/released
    34                              <1> ; Input: AL = raw scancode from port 0x60
    35                              <1> ; ------------------------------------------------------------------------------
    36                              <1> keyboard_process_scancode:
    37 0000178F 50                  <1>     push rax
    38 00001790 53                  <1>     push rbx
    39 00001791 51                  <1>     push rcx
    40 00001792 52                  <1>     push rdx
    41                              <1> 
    42                              <1>     ; If GUI / BGA is active, handle keyboard without echoing to text mode
    43 00001793 803DDB66000001      <1>     cmp byte [bga_active], 1
    44 0000179A 752B                <1>     jne .text_mode_keyboard
    45                              <1> 
    46                              <1>     ; GUI Mode Keyboard Input:
    47 0000179C A880                <1>     test al, 0x80               ; Ignore key release
    48 0000179E 0F850A010000        <1>     jnz .done
    49 000017A4 8805E7FEFFFF        <1>     mov [gui_last_scancode], al
    50 000017AA 3C39                <1>     cmp al, 0x39
    51 000017AC 0F87FC000000        <1>     ja .done
    52 000017B2 480FB6D8            <1>     movzx rbx, al
    53 000017B6 8A9B[1B170000]      <1>     mov bl, [scancode_table + rbx]
    54 000017BC 881DD0FEFFFF        <1>     mov [gui_last_key], bl
    55 000017C2 E9E7000000          <1>     jmp .done
    56                              <1> 
    57                              <1> .text_mode_keyboard:
    58                              <1> 
    59                              <1>     ; Handle Shift Key Press (Make code: 0x2A = LShift, 0x36 = RShift)
    60 000017C7 3C2A                <1>     cmp al, 0x2A
    61 000017C9 0F84CF000000        <1>     je .shift_down
    62 000017CF 3C36                <1>     cmp al, 0x36
    63 000017D1 0F84C7000000        <1>     je .shift_down
    64                              <1> 
    65                              <1>     ; Handle Shift Key Release (Break code: 0xAA = LShift, 0xB6 = RShift)
    66 000017D7 3CAA                <1>     cmp al, 0xAA
    67 000017D9 0F84C8000000        <1>     je .shift_up
    68 000017DF 3CB6                <1>     cmp al, 0xB6
    69 000017E1 0F84C0000000        <1>     je .shift_up
    70                              <1> 
    71                              <1>     ; Ignore other break codes (bit 7 set = key release)
    72 000017E7 A880                <1>     test al, 0x80
    73 000017E9 0F85BF000000        <1>     jnz .done
    74                              <1> 
    75                              <1>     ; Validate scancode within table range (< 0x3A)
    76 000017EF 3C39                <1>     cmp al, 0x39
    77 000017F1 0F87B7000000        <1>     ja .done
    78                              <1> 
    79                              <1>     ; Convert scancode to ASCII
    80 000017F7 480FB6D8            <1>     movzx rbx, al
    81 000017FB 803D8CFEFFFF01      <1>     cmp byte [shift_state], 1
    82 00001802 7408                <1>     je .use_shift_table
    83 00001804 8A83[1B170000]      <1>     mov al, [scancode_table + rbx]
    84 0000180A EB06                <1>     jmp .handle_ascii
    85                              <1> 
    86                              <1> .use_shift_table:
    87 0000180C 8A83[55170000]      <1>     mov al, [scancode_table_shift + rbx]
    88                              <1> 
    89                              <1> .handle_ascii:
    90 00001812 84C0                <1>     test al, al
    91 00001814 0F8494000000        <1>     jz .done
    92                              <1> 
    93                              <1>     ; Check for Enter (0x0D)
    94 0000181A 3C0D                <1>     cmp al, 0x0D
    95 0000181C 745D                <1>     je .handle_enter
    96                              <1> 
    97                              <1>     ; Check for Backspace (0x08)
    98 0000181E 3C08                <1>     cmp al, 0x08
    99 00001820 7435                <1>     je .handle_backspace
   100                              <1> 
   101                              <1>     ; Check for Tab (0x09)
   102 00001822 3C09                <1>     cmp al, 0x09
   103 00001824 7428                <1>     je .handle_tab
   104                              <1> 
   105                              <1>     ; Regular printable character
   106 00001826 488B0D66FEFFFF      <1>     mov rcx, [input_len]
   107 0000182D 4883F97E            <1>     cmp rcx, INPUT_BUFFER_MAX - 2
   108 00001831 737B                <1>     jae .done
   109                              <1> 
   110                              <1>     ; Append to buffer
   111 00001833 8881[9B160000]      <1>     mov [input_buffer + rcx], al
   112 00001839 48FF0553FEFFFF      <1>     inc qword [input_len]
   113 00001840 C681[9C160000]00    <1>     mov byte [input_buffer + rcx + 1], 0
   114                              <1> 
   115                              <1>     ; Echo character to screen
   116 00001847 E827E9FFFF          <1>     call vga_print_char
   117 0000184C EB60                <1>     jmp .done
   118                              <1> 
   119                              <1> .handle_tab:
   120 0000184E C6053BFEFFFF01      <1>     mov byte [tab_requested], 1
   121 00001855 EB57                <1>     jmp .done
   122                              <1> 
   123                              <1> .handle_backspace:
   124 00001857 488B0D35FEFFFF      <1>     mov rcx, [input_len]
   125 0000185E 4885C9              <1>     test rcx, rcx
   126 00001861 744B                <1>     jz .done
   127 00001863 48FF0D29FEFFFF      <1>     dec qword [input_len]
   128 0000186A 48FFC9              <1>     dec rcx
   129 0000186D C681[9B160000]00    <1>     mov byte [input_buffer + rcx], 0
   130 00001874 E8FAE8FFFF          <1>     call vga_print_char
   131 00001879 EB33                <1>     jmp .done
   132                              <1> 
   133                              <1> .handle_enter:
   134 0000187B 488B0D11FEFFFF      <1>     mov rcx, [input_len]
   135 00001882 C681[9B160000]00    <1>     mov byte [input_buffer + rcx], 0
   136 00001889 C605FFFDFFFF01      <1>     mov byte [line_ready], 1
   137 00001890 E8DEE8FFFF          <1>     call vga_print_char
   138 00001895 B00A                <1>     mov al, 0x0A
   139 00001897 E8D7E8FFFF          <1>     call vga_print_char
   140 0000189C EB10                <1>     jmp .done
   141                              <1> 
   142                              <1> .shift_down:
   143 0000189E C605E9FDFFFF01      <1>     mov byte [shift_state], 1
   144 000018A5 EB07                <1>     jmp .done
   145                              <1> 
   146                              <1> .shift_up:
   147 000018A7 C605E0FDFFFF00      <1>     mov byte [shift_state], 0
   148                              <1> 
   149                              <1> .done:
   150 000018AE 5A                  <1>     pop rdx
   151 000018AF 59                  <1>     pop rcx
   152 000018B0 5B                  <1>     pop rbx
   153 000018B1 58                  <1>     pop rax
   154 000018B2 C3                  <1>     ret
   155                              <1> 
   156                              <1> ; ------------------------------------------------------------------------------
   157                              <1> ; keyboard_clear_buffer: Resets line input buffer for next command
   158                              <1> ; ------------------------------------------------------------------------------
   159                              <1> keyboard_clear_buffer:
   160 000018B3 50                  <1>     push rax
   161 000018B4 48C705D4FDFFFF0000- <1>     mov qword [input_len], 0
   161 000018BD 0000                <1>
   162 000018BF C605C9FDFFFF00      <1>     mov byte [line_ready], 0
   163 000018C6 C605C3FDFFFF00      <1>     mov byte [tab_requested], 0
   164 000018CD C605C7FDFFFF00      <1>     mov byte [input_buffer], 0
   165 000018D4 58                  <1>     pop rax
   166 000018D5 C3                  <1>     ret
   121                                  %include "ata.asm"
     1                              <1> ; ==============================================================================
     2                              <1> ; Antigravity OS - 64-Bit ATA PIO Hard Disk Controller Driver
     3                              <1> ; Reads and writes 512-byte raw sectors via Primary ATA Bus (Ports 0x1F0-0x1F7)
     4                              <1> ; ==============================================================================
     5                              <1> 
     6                              <1> [bits 64]
     7                              <1> 
     8                              <1> ; Primary ATA Bus I/O Ports
     9                              <1> ATA_DATA        equ 0x1F0
    10                              <1> ATA_ERROR       equ 0x1F1
    11                              <1> ATA_SECT_CNT    equ 0x1F2
    12                              <1> ATA_LBA_LOW     equ 0x1F3
    13                              <1> ATA_LBA_MID     equ 0x1F4
    14                              <1> ATA_LBA_HIGH    equ 0x1F5
    15                              <1> ATA_DRIVE_HEAD  equ 0x1F6
    16                              <1> ATA_STATUS_CMD  equ 0x1F7
    17                              <1> 
    18                              <1> ; ATA Commands
    19                              <1> ATA_CMD_READ    equ 0x20
    20                              <1> ATA_CMD_WRITE   equ 0x30
    21                              <1> ATA_CMD_FLUSH   equ 0xE7
    22                              <1> 
    23                              <1> ; ATA Status Bits
    24                              <1> ATA_STATUS_BSY  equ 0x80        ; Drive is preparing/busy
    25                              <1> ATA_STATUS_DRQ  equ 0x08        ; Data Request ready
    26                              <1> ATA_STATUS_ERR  equ 0x01        ; Error occurred
    27                              <1> ATA_STATUS_DF   equ 0x20        ; Device Fault
    28                              <1> 
    29                              <1> ; ------------------------------------------------------------------------------
    30                              <1> ; ata_wait_bsy: Polls until BSY flag (bit 7) is cleared
    31                              <1> ; ------------------------------------------------------------------------------
    32                              <1> ata_wait_bsy:
    33 000018D6 52                  <1>     push rdx
    34 000018D7 66BAF701            <1>     mov dx, ATA_STATUS_CMD
    35                              <1> .loop:
    36 000018DB EC                  <1>     in al, dx
    37 000018DC A880                <1>     test al, ATA_STATUS_BSY
    38 000018DE 75FB                <1>     jnz .loop
    39 000018E0 5A                  <1>     pop rdx
    40 000018E1 C3                  <1>     ret
    41                              <1> 
    42                              <1> ; ------------------------------------------------------------------------------
    43                              <1> ; ata_wait_ready: Waits 400ns, then polls until BSY=0 and DRQ=1
    44                              <1> ; Returns: RAX = 0 (Success), RAX = 1 (Error)
    45                              <1> ; ------------------------------------------------------------------------------
    46                              <1> ata_wait_ready:
    47 000018E2 52                  <1>     push rdx
    48                              <1> 
    49                              <1>     ; Read status 4 times for standard 400ns ATA bus recovery
    50 000018E3 66BAF701            <1>     mov dx, ATA_STATUS_CMD
    51 000018E7 EC                  <1>     in al, dx
    52 000018E8 EC                  <1>     in al, dx
    53 000018E9 EC                  <1>     in al, dx
    54 000018EA EC                  <1>     in al, dx
    55                              <1> 
    56                              <1> .poll:
    57 000018EB EC                  <1>     in al, dx
    58 000018EC A880                <1>     test al, ATA_STATUS_BSY
    59 000018EE 75FB                <1>     jnz .poll                   ; Wait if still busy
    60                              <1> 
    61 000018F0 A801                <1>     test al, ATA_STATUS_ERR
    62 000018F2 750D                <1>     jnz .fail
    63 000018F4 A820                <1>     test al, ATA_STATUS_DF
    64 000018F6 7509                <1>     jnz .fail
    65                              <1> 
    66 000018F8 A808                <1>     test al, ATA_STATUS_DRQ
    67 000018FA 74EF                <1>     jz .poll                    ; Wait until data request ready
    68                              <1> 
    69 000018FC 4831C0              <1>     xor rax, rax                ; Success
    70 000018FF 5A                  <1>     pop rdx
    71 00001900 C3                  <1>     ret
    72                              <1> 
    73                              <1> .fail:
    74 00001901 B801000000          <1>     mov rax, 1                  ; Error
    75 00001906 5A                  <1>     pop rdx
    76 00001907 C3                  <1>     ret
    77                              <1> 
    78                              <1> ; ------------------------------------------------------------------------------
    79                              <1> ; ata_read_sector: Reads one 512-byte sector from disk into RAM
    80                              <1> ; Input:
    81                              <1> ;   RAX = 28-bit LBA sector address
    82                              <1> ;   RDI = Destination buffer in memory (512 bytes)
    83                              <1> ; Returns:
    84                              <1> ;   RAX = 0 on success, 1 on failure
    85                              <1> ; ------------------------------------------------------------------------------
    86                              <1> ata_read_sector:
    87 00001908 53                  <1>     push rbx
    88 00001909 51                  <1>     push rcx
    89 0000190A 52                  <1>     push rdx
    90 0000190B 57                  <1>     push rdi
    91                              <1> 
    92 0000190C 4889C3              <1>     mov rbx, rax                ; RBX = LBA sector
    93                              <1> 
    94 0000190F E8C2FFFFFF          <1>     call ata_wait_bsy
    95                              <1> 
    96                              <1>     ; Send 0xE0 | LBA[27:24] to Drive/Head port
    97 00001914 4889D8              <1>     mov rax, rbx
    98 00001917 48C1E818            <1>     shr rax, 24
    99 0000191B 240F                <1>     and al, 0x0F
   100 0000191D 0CE0                <1>     or al, 0xE0                 ; Master drive, LBA28 mode
   101 0000191F 66BAF601            <1>     mov dx, ATA_DRIVE_HEAD
   102 00001923 EE                  <1>     out dx, al
   103                              <1> 
   104                              <1>     ; Sector count = 1
   105 00001924 66BAF201            <1>     mov dx, ATA_SECT_CNT
   106 00001928 B001                <1>     mov al, 1
   107 0000192A EE                  <1>     out dx, al
   108                              <1> 
   109                              <1>     ; LBA bits 0-7
   110 0000192B 4889D8              <1>     mov rax, rbx
   111 0000192E 66BAF301            <1>     mov dx, ATA_LBA_LOW
   112 00001932 EE                  <1>     out dx, al
   113                              <1> 
   114                              <1>     ; LBA bits 8-15
   115 00001933 48C1E808            <1>     shr rax, 8
   116 00001937 66BAF401            <1>     mov dx, ATA_LBA_MID
   117 0000193B EE                  <1>     out dx, al
   118                              <1> 
   119                              <1>     ; LBA bits 16-23
   120 0000193C 48C1E808            <1>     shr rax, 8
   121 00001940 66BAF501            <1>     mov dx, ATA_LBA_HIGH
   122 00001944 EE                  <1>     out dx, al
   123                              <1> 
   124                              <1>     ; Send Read command (0x20)
   125 00001945 66BAF701            <1>     mov dx, ATA_STATUS_CMD
   126 00001949 B020                <1>     mov al, ATA_CMD_READ
   127 0000194B EE                  <1>     out dx, al
   128                              <1> 
   129                              <1>     ; Wait until data is ready in buffer
   130 0000194C E891FFFFFF          <1>     call ata_wait_ready
   131 00001951 4885C0              <1>     test rax, rax
   132 00001954 7519                <1>     jnz .error
   133                              <1> 
   134                              <1>     ; Read 256 16-bit words (512 bytes) from Data port
   135 00001956 66BAF001            <1>     mov dx, ATA_DATA
   136 0000195A B900010000          <1>     mov rcx, 256
   137                              <1> .read_loop:
   138 0000195F 66ED                <1>     in ax, dx
   139 00001961 668907              <1>     mov [rdi], ax
   140 00001964 4883C702            <1>     add rdi, 2
   141 00001968 E2F5                <1>     loop .read_loop
   142                              <1> 
   143 0000196A 4831C0              <1>     xor rax, rax                ; Success
   144 0000196D EB05                <1>     jmp .done
   145                              <1> 
   146                              <1> .error:
   147 0000196F B801000000          <1>     mov rax, 1
   148                              <1> 
   149                              <1> .done:
   150 00001974 5F                  <1>     pop rdi
   151 00001975 5A                  <1>     pop rdx
   152 00001976 59                  <1>     pop rcx
   153 00001977 5B                  <1>     pop rbx
   154 00001978 C3                  <1>     ret
   155                              <1> 
   156                              <1> ; ------------------------------------------------------------------------------
   157                              <1> ; ata_write_sector: Writes one 512-byte sector from RAM to disk
   158                              <1> ; Input:
   159                              <1> ;   RAX = 28-bit LBA sector address
   160                              <1> ;   RSI = Source buffer in memory (512 bytes)
   161                              <1> ; Returns:
   162                              <1> ;   RAX = 0 on success, 1 on failure
   163                              <1> ; ------------------------------------------------------------------------------
   164                              <1> ata_write_sector:
   165 00001979 53                  <1>     push rbx
   166 0000197A 51                  <1>     push rcx
   167 0000197B 52                  <1>     push rdx
   168 0000197C 56                  <1>     push rsi
   169                              <1> 
   170 0000197D 4889C3              <1>     mov rbx, rax                ; RBX = LBA sector
   171                              <1> 
   172 00001980 E851FFFFFF          <1>     call ata_wait_bsy
   173                              <1> 
   174                              <1>     ; Send 0xE0 | LBA[27:24] to Drive/Head port
   175 00001985 4889D8              <1>     mov rax, rbx
   176 00001988 48C1E818            <1>     shr rax, 24
   177 0000198C 240F                <1>     and al, 0x0F
   178 0000198E 0CE0                <1>     or al, 0xE0
   179 00001990 66BAF601            <1>     mov dx, ATA_DRIVE_HEAD
   180 00001994 EE                  <1>     out dx, al
   181                              <1> 
   182                              <1>     ; Sector count = 1
   183 00001995 66BAF201            <1>     mov dx, ATA_SECT_CNT
   184 00001999 B001                <1>     mov al, 1
   185 0000199B EE                  <1>     out dx, al
   186                              <1> 
   187                              <1>     ; LBA bits 0-7
   188 0000199C 4889D8              <1>     mov rax, rbx
   189 0000199F 66BAF301            <1>     mov dx, ATA_LBA_LOW
   190 000019A3 EE                  <1>     out dx, al
   191                              <1> 
   192                              <1>     ; LBA bits 8-15
   193 000019A4 48C1E808            <1>     shr rax, 8
   194 000019A8 66BAF401            <1>     mov dx, ATA_LBA_MID
   195 000019AC EE                  <1>     out dx, al
   196                              <1> 
   197                              <1>     ; LBA bits 16-23
   198 000019AD 48C1E808            <1>     shr rax, 8
   199 000019B1 66BAF501            <1>     mov dx, ATA_LBA_HIGH
   200 000019B5 EE                  <1>     out dx, al
   201                              <1> 
   202                              <1>     ; Send Write command (0x30)
   203 000019B6 66BAF701            <1>     mov dx, ATA_STATUS_CMD
   204 000019BA B030                <1>     mov al, ATA_CMD_WRITE
   205 000019BC EE                  <1>     out dx, al
   206                              <1> 
   207                              <1>     ; Wait until drive is ready to receive data
   208 000019BD E820FFFFFF          <1>     call ata_wait_ready
   209 000019C2 4885C0              <1>     test rax, rax
   210 000019C5 752A                <1>     jnz .error
   211                              <1> 
   212                              <1>     ; Write 256 16-bit words (512 bytes) to Data port
   213 000019C7 66BAF001            <1>     mov dx, ATA_DATA
   214 000019CB B900010000          <1>     mov rcx, 256
   215                              <1> .write_loop:
   216 000019D0 668B06              <1>     mov ax, [rsi]
   217 000019D3 66EF                <1>     out dx, ax
   218 000019D5 4883C602            <1>     add rsi, 2
   219 000019D9 E2F5                <1>     loop .write_loop
   220                              <1> 
   221                              <1>     ; Flush hardware write cache to commit data to physical disk
   222 000019DB E8F6FEFFFF          <1>     call ata_wait_bsy
   223 000019E0 66BAF701            <1>     mov dx, ATA_STATUS_CMD
   224 000019E4 B0E7                <1>     mov al, ATA_CMD_FLUSH
   225 000019E6 EE                  <1>     out dx, al
   226 000019E7 E8EAFEFFFF          <1>     call ata_wait_bsy
   227                              <1> 
   228 000019EC 4831C0              <1>     xor rax, rax                ; Success
   229 000019EF EB05                <1>     jmp .done
   230                              <1> 
   231                              <1> .error:
   232 000019F1 B801000000          <1>     mov rax, 1
   233                              <1> 
   234                              <1> .done:
   235 000019F6 5E                  <1>     pop rsi
   236 000019F7 5A                  <1>     pop rdx
   237 000019F8 59                  <1>     pop rcx
   238 000019F9 5B                  <1>     pop rbx
   239 000019FA C3                  <1>     ret
   122                                  %include "fs.asm"
     1                              <1> ; ==============================================================================
     2                              <1> ; Antigravity OS - 64-Bit AntigravityFS (AFS) Storage Subsystem
     3                              <1> ; Superblock, Inode Table, and Persistent File Management via ATA PIO
     4                              <1> ; ==============================================================================
     5                              <1> 
     6                              <1> [bits 64]
     7                              <1> 
     8                              <1> ; Disk Layout Constants
     9                              <1> FS_SUPERBLOCK_LBA   equ 129     ; LBA sector for AFS Superblock
    10                              <1> FS_INODE_LBA        equ 130     ; Starting LBA for Inode Table (2 sectors = 130, 131)
    11                              <1> FS_DATA_LBA         equ 132     ; Starting LBA for Data Blocks
    12                              <1> FS_TOTAL_SECTORS    equ 512     ; Disk size in sectors (256 KB)
    13                              <1> FS_MAX_INODES       equ 32      ; Maximum files supported
    14                              <1> FS_INODE_SIZE       equ 32      ; 32 bytes per inode (32 * 32 = 1024 bytes)
    15                              <1> 
    16                              <1> FS_MAGIC            equ 0x31534641 ; "AFS1" in little-endian ASCII
    17                              <1> 
    18                              <1> ; Inode Flags
    19                              <1> FS_FLAG_ALLOC       equ 0x01    ; Entry is in-use
    20                              <1> FS_FLAG_RO          equ 0x02    ; Read-only file
    21                              <1> 
    22                              <1> ; In-Memory Data Buffers
    23 000019FB 00                  <1> fs_mounted:         db 0
    24 000019FC 90<rep 4h>          <1> align 16
    25 00001A00 00<rep 400h>        <1> fs_inode_table:     times 1024 db 0     ; Cached 32 inodes in RAM
    26                              <1> align 16
    27 00001E00 00<rep 200h>        <1> fs_sector_buf:      times 512 db 0      ; Scratch sector buffer
    28                              <1> 
    29                              <1> ; Messages
    30 00002000 5B46535D20416E7469- <1> MSG_FS_MOUNTED:     db "[FS] AntigravityFS mounted successfully (LBA 129-511).", 0x0A, 0
    30 00002009 677261766974794653- <1>
    30 00002012 206D6F756E74656420- <1>
    30 0000201B 737563636573736675- <1>
    30 00002024 6C6C7920284C424120- <1>
    30 0000202D 3132392D353131292E- <1>
    30 00002036 0A00                <1>
    31 00002038 5B46535D20466F726D- <1> MSG_FS_FORMAT:      db "[FS] Formatting new AntigravityFS volume on disk...", 0x0A, 0
    31 00002041 617474696E67206E65- <1>
    31 0000204A 7720416E7469677261- <1>
    31 00002053 76697479465320766F- <1>
    31 0000205C 6C756D65206F6E2064- <1>
    31 00002065 69736B2E2E2E0A00    <1>
    32 0000206D 5B46535D20566F6C75- <1> MSG_FS_READY:       db "[FS] Volume format complete.", 0x0A, 0
    32 00002076 6D6520666F726D6174- <1>
    32 0000207F 20636F6D706C657465- <1>
    32 00002088 2E0A00              <1>
    33 0000208B 5B46535D2048617264- <1> MSG_FS_ERR:         db "[FS] Hard drive I/O failure!", 0x0A, 0
    33 00002094 20647269766520492F- <1>
    33 0000209D 4F206661696C757265- <1>
    33 000020A6 210A00              <1>
    34                              <1> 
    35                              <1> ; ------------------------------------------------------------------------------
    36                              <1> ; fs_init: Mounts AFS filesystem or formats disk if magic is absent
    37                              <1> ; ------------------------------------------------------------------------------
    38                              <1> fs_init:
    39 000020A9 50                  <1>     push rax
    40 000020AA 53                  <1>     push rbx
    41 000020AB 51                  <1>     push rcx
    42 000020AC 52                  <1>     push rdx
    43 000020AD 56                  <1>     push rsi
    44 000020AE 57                  <1>     push rdi
    45                              <1> 
    46                              <1>     ; Read Superblock at LBA 33
    47 000020AF B881000000          <1>     mov rax, FS_SUPERBLOCK_LBA
    48 000020B4 488D3D45FDFFFF      <1>     lea rdi, [fs_sector_buf]
    49 000020BB E848F8FFFF          <1>     call ata_read_sector
    50 000020C0 4885C0              <1>     test rax, rax
    51 000020C3 7554                <1>     jnz .io_error
    52                              <1> 
    53                              <1>     ; Validate Superblock Magic ("AFS1")
    54 000020C5 813D31FDFFFF414653- <1>     cmp dword [fs_sector_buf], FS_MAGIC
    54 000020CE 31                  <1>
    55 000020CF 7405                <1>     je .load_inodes
    56                              <1> 
    57                              <1>     ; Volume not formatted -> Format new filesystem
    58 000020D1 E858000000          <1>     call fs_format
    59                              <1> 
    60                              <1> .load_inodes:
    61                              <1>     ; Read Inode Table (Sectors 34 and 35) into RAM cache
    62 000020D6 B882000000          <1>     mov rax, FS_INODE_LBA
    63 000020DB 488D3D1EF9FFFF      <1>     lea rdi, [fs_inode_table]
    64 000020E2 E821F8FFFF          <1>     call ata_read_sector
    65 000020E7 4885C0              <1>     test rax, rax
    66 000020EA 752D                <1>     jnz .io_error
    67                              <1> 
    68 000020EC B883000000          <1>     mov rax, FS_INODE_LBA + 1
    69 000020F1 488D3D08FBFFFF      <1>     lea rdi, [fs_inode_table + 512]
    70 000020F8 E80BF8FFFF          <1>     call ata_read_sector
    71 000020FD 4885C0              <1>     test rax, rax
    72 00002100 7517                <1>     jnz .io_error
    73                              <1> 
    74 00002102 C605F2F8FFFF01      <1>     mov byte [fs_mounted], 1
    75 00002109 B30A                <1>     mov bl, COLOR_LIGHT_GREEN
    76 0000210B 488D35EEFEFFFF      <1>     lea rsi, [MSG_FS_MOUNTED]
    77 00002112 E8A6E1FFFF          <1>     call vga_print_string_color
    78 00002117 EB0E                <1>     jmp .done
    79                              <1> 
    80                              <1> .io_error:
    81 00002119 B30C                <1>     mov bl, COLOR_LIGHT_RED
    82 0000211B 488D3569FFFFFF      <1>     lea rsi, [MSG_FS_ERR]
    83 00002122 E896E1FFFF          <1>     call vga_print_string_color
    84                              <1> 
    85                              <1> .done:
    86 00002127 5F                  <1>     pop rdi
    87 00002128 5E                  <1>     pop rsi
    88 00002129 5A                  <1>     pop rdx
    89 0000212A 59                  <1>     pop rcx
    90 0000212B 5B                  <1>     pop rbx
    91 0000212C 58                  <1>     pop rax
    92 0000212D C3                  <1>     ret
    93                              <1> 
    94                              <1> ; ------------------------------------------------------------------------------
    95                              <1> ; fs_format: Initializes Superblock and zeroed Inode Table on disk
    96                              <1> ; ------------------------------------------------------------------------------
    97                              <1> fs_format:
    98 0000212E 50                  <1>     push rax
    99 0000212F 51                  <1>     push rcx
   100 00002130 57                  <1>     push rdi
   101 00002131 56                  <1>     push rsi
   102                              <1> 
   103 00002132 B30E                <1>     mov bl, COLOR_YELLOW
   104 00002134 488D35FDFEFFFF      <1>     lea rsi, [MSG_FS_FORMAT]
   105 0000213B E87DE1FFFF          <1>     call vga_print_string_color
   106                              <1> 
   107                              <1>     ; Zero out sector buffer
   108 00002140 488D3DB9FCFFFF      <1>     lea rdi, [fs_sector_buf]
   109 00002147 31C0                <1>     xor eax, eax
   110 00002149 B980000000          <1>     mov rcx, 128
   111 0000214E F3AB                <1>     rep stosd
   112                              <1> 
   113                              <1>     ; Construct Superblock
   114 00002150 C705A6FCFFFF414653- <1>     mov dword [fs_sector_buf], FS_MAGIC         ; Magic "AFS1"
   114 00002159 31                  <1>
   115 0000215A C705A0FCFFFF000200- <1>     mov dword [fs_sector_buf + 4], FS_TOTAL_SECTORS
   115 00002163 00                  <1>
   116 00002164 C7059AFCFFFF820000- <1>     mov dword [fs_sector_buf + 8], FS_INODE_LBA
   116 0000216D 00                  <1>
   117 0000216E C70594FCFFFF840000- <1>     mov dword [fs_sector_buf + 12], FS_DATA_LBA
   117 00002177 00                  <1>
   118 00002178 C7058EFCFFFF200000- <1>     mov dword [fs_sector_buf + 16], FS_MAX_INODES
   118 00002181 00                  <1>
   119                              <1> 
   120                              <1>     ; Write Superblock to LBA 33
   121 00002182 B881000000          <1>     mov rax, FS_SUPERBLOCK_LBA
   122 00002187 488D3572FCFFFF      <1>     lea rsi, [fs_sector_buf]
   123 0000218E E8E6F7FFFF          <1>     call ata_write_sector
   124                              <1> 
   125                              <1>     ; Clear Inode Table cache in RAM
   126 00002193 488D3D66F8FFFF      <1>     lea rdi, [fs_inode_table]
   127 0000219A 31C0                <1>     xor eax, eax
   128 0000219C B900010000          <1>     mov rcx, 256
   129 000021A1 F3AB                <1>     rep stosd
   130                              <1> 
   131                              <1>     ; Write empty Inode Table to Sectors 34 & 35
   132 000021A3 B882000000          <1>     mov rax, FS_INODE_LBA
   133 000021A8 488D3551F8FFFF      <1>     lea rsi, [fs_inode_table]
   134 000021AF E8C5F7FFFF          <1>     call ata_write_sector
   135                              <1> 
   136 000021B4 B883000000          <1>     mov rax, FS_INODE_LBA + 1
   137 000021B9 488D3540FAFFFF      <1>     lea rsi, [fs_inode_table + 512]
   138 000021C0 E8B4F7FFFF          <1>     call ata_write_sector
   139                              <1> 
   140 000021C5 B30A                <1>     mov bl, COLOR_LIGHT_GREEN
   141 000021C7 488D359FFEFFFF      <1>     lea rsi, [MSG_FS_READY]
   142 000021CE E8EAE0FFFF          <1>     call vga_print_string_color
   143                              <1> 
   144 000021D3 5E                  <1>     pop rsi
   145 000021D4 5F                  <1>     pop rdi
   146 000021D5 59                  <1>     pop rcx
   147 000021D6 58                  <1>     pop rax
   148 000021D7 C3                  <1>     ret
   149                              <1> 
   150                              <1> ; ------------------------------------------------------------------------------
   151                              <1> ; fs_sync: Commits in-memory Inode Table to physical disk
   152                              <1> ; ------------------------------------------------------------------------------
   153                              <1> fs_sync:
   154 000021D8 50                  <1>     push rax
   155 000021D9 56                  <1>     push rsi
   156                              <1> 
   157 000021DA B882000000          <1>     mov rax, FS_INODE_LBA
   158 000021DF 488D351AF8FFFF      <1>     lea rsi, [fs_inode_table]
   159 000021E6 E88EF7FFFF          <1>     call ata_write_sector
   160                              <1> 
   161 000021EB B883000000          <1>     mov rax, FS_INODE_LBA + 1
   162 000021F0 488D3509FAFFFF      <1>     lea rsi, [fs_inode_table + 512]
   163 000021F7 E87DF7FFFF          <1>     call ata_write_sector
   164                              <1> 
   165 000021FC 5E                  <1>     pop rsi
   166 000021FD 58                  <1>     pop rax
   167 000021FE C3                  <1>     ret
   168                              <1> 
   169                              <1> ; ------------------------------------------------------------------------------
   170                              <1> ; fs_find_file: Looks up file by name in Inode Table
   171                              <1> ; Input:  RSI = Pointer to null-terminated filename string
   172                              <1> ; Output: RAX = Pointer to Inode (32 bytes) or 0 if not found
   173                              <1> ; ------------------------------------------------------------------------------
   174                              <1> fs_find_file:
   175 000021FF 53                  <1>     push rbx
   176 00002200 51                  <1>     push rcx
   177 00002201 52                  <1>     push rdx
   178 00002202 56                  <1>     push rsi
   179 00002203 57                  <1>     push rdi
   180                              <1> 
   181 00002204 4889F2              <1>     mov rdx, rsi                ; RDX = search name
   182 00002207 4831DB              <1>     xor rbx, rbx                ; RBX = inode index (0 .. 31)
   183                              <1> 
   184                              <1> .scan_loop:
   185 0000220A 4889D8              <1>     mov rax, rbx
   186 0000220D 48C1E005            <1>     shl rax, 5                  ; Multiply index by 32 bytes
   187 00002211 488D80[001A0000]    <1>     lea rax, [fs_inode_table + rax]
   188 00002218 F6401801            <1>     test byte [rax + 24], FS_FLAG_ALLOC
   189 0000221C 740D                <1>     jz .next
   190                              <1> 
   191                              <1>     ; Compare filename (null-terminated)
   192 0000221E 4889D6              <1>     mov rsi, rdx
   193 00002221 4889C7              <1>     mov rdi, rax
   194 00002224 E852A10000          <1>     call strcmp
   195 00002229 740E                <1>     jz .found
   196                              <1> 
   197                              <1> .next:
   198 0000222B 48FFC3              <1>     inc rbx
   199 0000222E 4883FB20            <1>     cmp rbx, FS_MAX_INODES
   200 00002232 7CD6                <1>     jl .scan_loop
   201                              <1> 
   202 00002234 4831C0              <1>     xor rax, rax                ; Not found
   203 00002237 EB0E                <1>     jmp .done
   204                              <1> 
   205                              <1> .found:
   206 00002239 4889D8              <1>     mov rax, rbx
   207 0000223C 48C1E005            <1>     shl rax, 5
   208 00002240 488D80[001A0000]    <1>     lea rax, [fs_inode_table + rax]
   209                              <1> 
   210                              <1> .done:
   211 00002247 5F                  <1>     pop rdi
   212 00002248 5E                  <1>     pop rsi
   213 00002249 5A                  <1>     pop rdx
   214 0000224A 59                  <1>     pop rcx
   215 0000224B 5B                  <1>     pop rbx
   216 0000224C C3                  <1>     ret
   217                              <1> 
   218                              <1> ; ------------------------------------------------------------------------------
   219                              <1> ; fs_alloc_data_block: Finds an unused LBA data block on disk
   220                              <1> ; Returns: RAX = Available LBA sector (or 0 if disk full)
   221                              <1> ; ------------------------------------------------------------------------------
   222                              <1> fs_alloc_data_block:
   223 0000224D 53                  <1>     push rbx
   224 0000224E 51                  <1>     push rcx
   225 0000224F 4150                <1>     push r8
   226 00002251 4151                <1>     push r9
   227                              <1> 
   228                              <1>     ; Search from FS_DATA_LBA to FS_TOTAL_SECTORS - 1
   229 00002253 B884000000          <1>     mov rax, FS_DATA_LBA
   230                              <1> 
   231                              <1> .check_sector:
   232                              <1>     ; Check if any active inode uses this sector
   233 00002258 4831DB              <1>     xor rbx, rbx
   234                              <1> .inode_check:
   235 0000225B 4889D9              <1>     mov rcx, rbx
   236 0000225E 48C1E105            <1>     shl rcx, 5
   237 00002262 488D89[001A0000]    <1>     lea rcx, [fs_inode_table + rcx]
   238 00002269 F6411801            <1>     test byte [rcx + 24], FS_FLAG_ALLOC
   239 0000226D 7417                <1>     jz .next_inode
   240                              <1> 
   241                              <1>     ; If sector is within [start_lba, start_lba + sector_count - 1]
   242 0000226F 440FB74114          <1>     movzx r8d, word [rcx + 20]  ; start_lba
   243 00002274 440FB74916          <1>     movzx r9d, word [rcx + 22]  ; sector_count
   244 00002279 4501C1              <1>     add r9d, r8d                ; r9d = end_lba
   245                              <1> 
   246 0000227C 4439C0              <1>     cmp eax, r8d
   247 0000227F 7205                <1>     jb .next_inode
   248 00002281 4439C8              <1>     cmp eax, r9d
   249 00002284 720B                <1>     jb .sector_in_use           ; Sector is taken!
   250                              <1> 
   251                              <1> .next_inode:
   252 00002286 48FFC3              <1>     inc rbx
   253 00002289 4883FB20            <1>     cmp rbx, FS_MAX_INODES
   254 0000228D 7CCC                <1>     jl .inode_check
   255                              <1> 
   256                              <1>     ; Found a free sector!
   257 0000228F EB0E                <1>     jmp .done
   258                              <1> 
   259                              <1> .sector_in_use:
   260 00002291 48FFC0              <1>     inc rax
   261 00002294 483D00020000        <1>     cmp rax, FS_TOTAL_SECTORS
   262 0000229A 7CBC                <1>     jl .check_sector
   263                              <1> 
   264 0000229C 4831C0              <1>     xor rax, rax                ; Disk full
   265                              <1> 
   266                              <1> .done:
   267 0000229F 4159                <1>     pop r9
   268 000022A1 4158                <1>     pop r8
   269 000022A3 59                  <1>     pop rcx
   270 000022A4 5B                  <1>     pop rbx
   271 000022A5 C3                  <1>     ret
   272                              <1> 
   273                              <1> ; ------------------------------------------------------------------------------
   274                              <1> ; fs_create_file: Allocates new inode and sector for a file
   275                              <1> ; Input:  RSI = Pointer to null-terminated filename
   276                              <1> ; Returns: RAX = Pointer to created Inode or 0 on failure
   277                              <1> ; ------------------------------------------------------------------------------
   278                              <1> fs_create_file:
   279 000022A6 53                  <1>     push rbx
   280 000022A7 51                  <1>     push rcx
   281 000022A8 52                  <1>     push rdx
   282 000022A9 57                  <1>     push rdi
   283 000022AA 56                  <1>     push rsi
   284                              <1> 
   285 000022AB 4889F2              <1>     mov rdx, rsi                ; RDX = filename
   286                              <1> 
   287                              <1>     ; First check if file already exists
   288 000022AE E84CFFFFFF          <1>     call fs_find_file
   289 000022B3 4885C0              <1>     test rax, rax
   290 000022B6 0F8591000000        <1>     jnz .already_exists
   291                              <1> 
   292                              <1>     ; Find free inode slot
   293 000022BC 4831DB              <1>     xor rbx, rbx
   294                              <1> .find_free_slot:
   295 000022BF 4889D8              <1>     mov rax, rbx
   296 000022C2 48C1E005            <1>     shl rax, 5
   297 000022C6 488D80[001A0000]    <1>     lea rax, [fs_inode_table + rax]
   298 000022CD F6401801            <1>     test byte [rax + 24], FS_FLAG_ALLOC
   299 000022D1 740E                <1>     jz .found_slot
   300 000022D3 48FFC3              <1>     inc rbx
   301 000022D6 4883FB20            <1>     cmp rbx, FS_MAX_INODES
   302 000022DA 7CE3                <1>     jl .find_free_slot
   303                              <1> 
   304 000022DC 4831C0              <1>     xor rax, rax                ; Table full
   305 000022DF EB71                <1>     jmp .done
   306                              <1> 
   307                              <1> .found_slot:
   308 000022E1 4889C7              <1>     mov rdi, rax                ; RDI = target inode
   309                              <1> 
   310                              <1>     ; Clear inode entry (32 bytes)
   311 000022E4 57                  <1>     push rdi
   312 000022E5 31C0                <1>     xor eax, eax
   313 000022E7 B908000000          <1>     mov rcx, 8
   314 000022EC F3AB                <1>     rep stosd
   315 000022EE 5F                  <1>     pop rdi
   316                              <1> 
   317                              <1>     ; Copy filename (up to 15 chars + null)
   318 000022EF 57                  <1>     push rdi
   319 000022F0 4889D6              <1>     mov rsi, rdx
   320 000022F3 B90F000000          <1>     mov rcx, 15
   321                              <1> .copy_name:
   322 000022F8 AC                  <1>     lodsb
   323 000022F9 AA                  <1>     stosb
   324 000022FA 84C0                <1>     test al, al
   325 000022FC 7402                <1>     jz .pad_zeros
   326 000022FE E2F8                <1>     loop .copy_name
   327                              <1> .pad_zeros:
   328 00002300 30C0                <1>     xor al, al
   329 00002302 AA                  <1>     stosb
   330 00002303 5F                  <1>     pop rdi
   331                              <1> 
   332                              <1>     ; Allocate initial data sector
   333 00002304 E844FFFFFF          <1>     call fs_alloc_data_block
   334 00002309 4885C0              <1>     test rax, rax
   335 0000230C 7441                <1>     jz .fail_no_space
   336                              <1> 
   337                              <1>     ; Fill inode fields
   338 0000230E C7471000000000      <1>     mov dword [rdi + 16], 0      ; Size = 0 bytes
   339 00002315 66894714            <1>     mov word [rdi + 20], ax      ; Start LBA
   340 00002319 66C747160100        <1>     mov word [rdi + 22], 1       ; 1 sector allocated
   341 0000231F C6471801            <1>     mov byte [rdi + 24], FS_FLAG_ALLOC ; Active flag
   342                              <1> 
   343                              <1>     ; Zero out the physical sector on disk
   344 00002323 57                  <1>     push rdi
   345 00002324 50                  <1>     push rax
   346 00002325 488D3DD4FAFFFF      <1>     lea rdi, [fs_sector_buf]
   347 0000232C 31C0                <1>     xor eax, eax
   348 0000232E B980000000          <1>     mov rcx, 128
   349 00002333 F3AB                <1>     rep stosd
   350 00002335 58                  <1>     pop rax
   351 00002336 488D35C3FAFFFF      <1>     lea rsi, [fs_sector_buf]
   352 0000233D E837F6FFFF          <1>     call ata_write_sector
   353 00002342 5F                  <1>     pop rdi
   354                              <1> 
   355                              <1>     ; Sync inode table to disk
   356 00002343 E890FEFFFF          <1>     call fs_sync
   357                              <1> 
   358 00002348 4889F8              <1>     mov rax, rdi                ; Return inode pointer
   359 0000234B EB05                <1>     jmp .done
   360                              <1> 
   361                              <1> .already_exists:
   362                              <1>     ; RAX already has existing inode pointer
   363 0000234D EB03                <1>     jmp .done
   364                              <1> 
   365                              <1> .fail_no_space:
   366 0000234F 4831C0              <1>     xor rax, rax
   367                              <1> 
   368                              <1> .done:
   369 00002352 5E                  <1>     pop rsi
   370 00002353 5F                  <1>     pop rdi
   371 00002354 5A                  <1>     pop rdx
   372 00002355 59                  <1>     pop rcx
   373 00002356 5B                  <1>     pop rbx
   374 00002357 C3                  <1>     ret
   375                              <1> 
   376                              <1> ; ------------------------------------------------------------------------------
   377                              <1> ; fs_write_content: Writes string content into a file
   378                              <1> ; Input:
   379                              <1> ;   RSI = Filename
   380                              <1> ;   RDX = Pointer to text data
   381                              <1> ;   RCX = Length in bytes (max 512 for single sector)
   382                              <1> ; Returns: RAX = 0 on success, 1 on failure
   383                              <1> ; ------------------------------------------------------------------------------
   384                              <1> fs_write_content:
   385 00002358 53                  <1>     push rbx
   386 00002359 51                  <1>     push rcx
   387 0000235A 52                  <1>     push rdx
   388 0000235B 56                  <1>     push rsi
   389 0000235C 57                  <1>     push rdi
   390 0000235D 4154                <1>     push r12
   391 0000235F 4155                <1>     push r13
   392                              <1> 
   393 00002361 4989D4              <1>     mov r12, rdx                ; R12 = data pointer
   394 00002364 4989CD              <1>     mov r13, rcx                ; R13 = byte count
   395                              <1> 
   396                              <1>     ; Ensure file exists or create it
   397 00002367 E83AFFFFFF          <1>     call fs_create_file
   398 0000236C 4885C0              <1>     test rax, rax
   399 0000236F 7454                <1>     jz .error
   400                              <1> 
   401 00002371 4889C3              <1>     mov rbx, rax                ; RBX = inode pointer
   402                              <1> 
   403                              <1>     ; Prepare sector buffer with zero padding
   404 00002374 488D3D85FAFFFF      <1>     lea rdi, [fs_sector_buf]
   405 0000237B 31C0                <1>     xor eax, eax
   406 0000237D B980000000          <1>     mov rcx, 128
   407 00002382 F3AB                <1>     rep stosd
   408                              <1> 
   409                              <1>     ; Copy data into sector buffer
   410 00002384 488D3D75FAFFFF      <1>     lea rdi, [fs_sector_buf]
   411 0000238B 4C89E6              <1>     mov rsi, r12
   412 0000238E 4C89E9              <1>     mov rcx, r13
   413 00002391 4881F900020000      <1>     cmp rcx, 512
   414 00002398 7605                <1>     jbe .do_copy
   415 0000239A B900020000          <1>     mov rcx, 512                ; Clamp to 512 bytes
   416                              <1> .do_copy:
   417 0000239F F3A4                <1>     rep movsb
   418                              <1> 
   419                              <1>     ; Write sector to disk
   420 000023A1 480FB74314          <1>     movzx rax, word [rbx + 20]  ; LBA sector from inode
   421 000023A6 488D3553FAFFFF      <1>     lea rsi, [fs_sector_buf]
   422 000023AD E8C7F5FFFF          <1>     call ata_write_sector
   423 000023B2 4885C0              <1>     test rax, rax
   424 000023B5 750E                <1>     jnz .error
   425                              <1> 
   426                              <1>     ; Update file size in inode
   427 000023B7 44896B10            <1>     mov dword [rbx + 16], r13d
   428 000023BB E818FEFFFF          <1>     call fs_sync
   429                              <1> 
   430 000023C0 4831C0              <1>     xor rax, rax                ; Success
   431 000023C3 EB05                <1>     jmp .done
   432                              <1> 
   433                              <1> .error:
   434 000023C5 B801000000          <1>     mov rax, 1
   435                              <1> 
   436                              <1> .done:
   437 000023CA 415D                <1>     pop r13
   438 000023CC 415C                <1>     pop r12
   439 000023CE 5F                  <1>     pop rdi
   440 000023CF 5E                  <1>     pop rsi
   441 000023D0 5A                  <1>     pop rdx
   442 000023D1 59                  <1>     pop rcx
   443 000023D2 5B                  <1>     pop rbx
   444 000023D3 C3                  <1>     ret
   445                              <1> 
   446                              <1> ; ------------------------------------------------------------------------------
   447                              <1> ; fs_delete_file: Removes a file entry and marks its inode inactive
   448                              <1> ; Input: RSI = Filename to delete
   449                              <1> ; Returns: RAX = 0 on success, 1 if not found
   450                              <1> ; ------------------------------------------------------------------------------
   451                              <1> fs_delete_file:
   452 000023D4 53                  <1>     push rbx
   453 000023D5 51                  <1>     push rcx
   454 000023D6 57                  <1>     push rdi
   455                              <1> 
   456 000023D7 E823FEFFFF          <1>     call fs_find_file
   457 000023DC 4885C0              <1>     test rax, rax
   458 000023DF 7416                <1>     jz .not_found
   459                              <1> 
   460                              <1>     ; Clear inode flags and name
   461 000023E1 4889C7              <1>     mov rdi, rax
   462 000023E4 31C0                <1>     xor eax, eax
   463 000023E6 B908000000          <1>     mov rcx, 8
   464 000023EB F3AB                <1>     rep stosd
   465                              <1> 
   466 000023ED E8E6FDFFFF          <1>     call fs_sync
   467 000023F2 4831C0              <1>     xor rax, rax
   468 000023F5 EB05                <1>     jmp .done
   469                              <1> 
   470                              <1> .not_found:
   471 000023F7 B801000000          <1>     mov rax, 1
   472                              <1> 
   473                              <1> .done:
   474 000023FC 5F                  <1>     pop rdi
   475 000023FD 59                  <1>     pop rcx
   476 000023FE 5B                  <1>     pop rbx
   477 000023FF C3                  <1>     ret
   123                                  %include "pci.asm"
     1                              <1> ; ==============================================================================
     2                              <1> ; Antigravity OS - 64-bit PCI Bus Scanner & Configuration Manager
     3                              <1> ; Reads and writes PCI Configuration Space via I/O Ports 0xCF8 / 0xCFC
     4                              <1> ; ==============================================================================
     5                              <1> 
     6                              <1> [bits 64]
     7                              <1> 
     8                              <1> PCI_CONFIG_ADDR equ 0x0CF8
     9                              <1> PCI_CONFIG_DATA equ 0x0CFC
    10                              <1> 
    11                              <1> ; ------------------------------------------------------------------------------
    12                              <1> ; pci_read_dword: Reads a 32-bit dword from PCI configuration space
    13                              <1> ; Input:  EAX = bus (0-255), EBX = slot/device (0-31), ECX = func (0-7), EDX = offset (0-255)
    14                              <1> ; Output: EAX = 32-bit register value
    15                              <1> ; ------------------------------------------------------------------------------
    16                              <1> pci_read_dword:
    17 00002400 52                  <1>     push rdx
    18 00002401 53                  <1>     push rbx
    19 00002402 51                  <1>     push rcx
    20                              <1> 
    21                              <1>     ; Format: bit 31=1, bits 23-16=bus, bits 15-11=device, bits 10-8=func, bits 7-2=offset
    22 00002403 25FF000000          <1>     and eax, 0xFF
    23 00002408 C1E010              <1>     shl eax, 16
    24                              <1> 
    25 0000240B 83E31F              <1>     and ebx, 0x1F
    26 0000240E C1E30B              <1>     shl ebx, 11
    27 00002411 09D8                <1>     or eax, ebx
    28                              <1> 
    29 00002413 83E107              <1>     and ecx, 0x07
    30 00002416 C1E108              <1>     shl ecx, 8
    31 00002419 09C8                <1>     or eax, ecx
    32                              <1> 
    33 0000241B 81E2FC000000        <1>     and edx, 0xFC
    34 00002421 09D0                <1>     or eax, edx
    35                              <1> 
    36 00002423 0D00000080          <1>     or eax, 0x80000000          ; Enable configuration bit
    37                              <1> 
    38                              <1>     ; Write address to 0xCF8
    39 00002428 66BAF80C            <1>     mov dx, PCI_CONFIG_ADDR
    40 0000242C EF                  <1>     out dx, eax
    41                              <1> 
    42                              <1>     ; Read dword from 0xCFC
    43 0000242D 66BAFC0C            <1>     mov dx, PCI_CONFIG_DATA
    44 00002431 ED                  <1>     in eax, dx
    45                              <1> 
    46 00002432 59                  <1>     pop rcx
    47 00002433 5B                  <1>     pop rbx
    48 00002434 5A                  <1>     pop rdx
    49 00002435 C3                  <1>     ret
    50                              <1> 
    51                              <1> ; ------------------------------------------------------------------------------
    52                              <1> ; pci_write_dword: Writes a 32-bit dword to PCI configuration space
    53                              <1> ; Input:  EAX = bus, EBX = slot, ECX = func, EDX = offset, R8D = value to write
    54                              <1> ; ------------------------------------------------------------------------------
    55                              <1> pci_write_dword:
    56 00002436 50                  <1>     push rax
    57 00002437 53                  <1>     push rbx
    58 00002438 51                  <1>     push rcx
    59 00002439 52                  <1>     push rdx
    60                              <1> 
    61 0000243A 25FF000000          <1>     and eax, 0xFF
    62 0000243F C1E010              <1>     shl eax, 16
    63                              <1> 
    64 00002442 83E31F              <1>     and ebx, 0x1F
    65 00002445 C1E30B              <1>     shl ebx, 11
    66 00002448 09D8                <1>     or eax, ebx
    67                              <1> 
    68 0000244A 83E107              <1>     and ecx, 0x07
    69 0000244D C1E108              <1>     shl ecx, 8
    70 00002450 09C8                <1>     or eax, ecx
    71                              <1> 
    72 00002452 81E2FC000000        <1>     and edx, 0xFC
    73 00002458 09D0                <1>     or eax, edx
    74 0000245A 0D00000080          <1>     or eax, 0x80000000
    75                              <1> 
    76 0000245F 66BAF80C            <1>     mov dx, PCI_CONFIG_ADDR
    77 00002463 EF                  <1>     out dx, eax
    78                              <1> 
    79 00002464 4489C0              <1>     mov eax, r8d
    80 00002467 66BAFC0C            <1>     mov dx, PCI_CONFIG_DATA
    81 0000246B EF                  <1>     out dx, eax
    82                              <1> 
    83 0000246C 5A                  <1>     pop rdx
    84 0000246D 59                  <1>     pop rcx
    85 0000246E 5B                  <1>     pop rbx
    86 0000246F 58                  <1>     pop rax
    87 00002470 C3                  <1>     ret
    88                              <1> 
    89                              <1> ; ------------------------------------------------------------------------------
    90                              <1> ; pci_find_device: Scans PCI bus for matching VendorID and DeviceID
    91                              <1> ; Input:  SI = VendorID (16-bit), DI = DeviceID (16-bit)
    92                              <1> ; Output: ZF=1 if found, with:
    93                              <1> ;         EAX = bus, EBX = slot, ECX = func
    94                              <1> ;         ZF=0 if not found
    95                              <1> ; ------------------------------------------------------------------------------
    96                              <1> pci_find_device:
    97 00002471 4150                <1>     push r8
    98 00002473 4151                <1>     push r9
    99 00002475 4152                <1>     push r10
   100 00002477 4153                <1>     push r11
   101                              <1> 
   102 00002479 664189F0            <1>     mov r8w, si                 ; R8W = Target VendorID
   103 0000247D 664189F9            <1>     mov r9w, di                 ; R9W = Target DeviceID
   104                              <1> 
   105 00002481 4531D2              <1>     xor r10d, r10d              ; R10D = bus (0 .. 7)
   106                              <1> .bus_loop:
   107 00002484 4531DB              <1>     xor r11d, r11d              ; R11D = slot (0 .. 31)
   108                              <1> .slot_loop:
   109 00002487 31C9                <1>     xor ecx, ecx                ; ECX = func (0 .. 7)
   110                              <1> .func_loop:
   111 00002489 4489D0              <1>     mov eax, r10d               ; bus
   112 0000248C 4489DB              <1>     mov ebx, r11d               ; slot
   113 0000248F 31D2                <1>     xor edx, edx                ; offset 0x00 (Vendor & Device ID)
   114 00002491 E86AFFFFFF          <1>     call pci_read_dword
   115                              <1> 
   116 00002496 6683F8FF            <1>     cmp ax, 0xFFFF              ; Vendor 0xFFFF = No device present
   117 0000249A 7427                <1>     je .next_slot               ; If func 0 is missing, skip remaining funcs for this slot
   118                              <1> 
   119                              <1>     ; Check if VendorID and DeviceID match
   120 0000249C 664439C0            <1>     cmp ax, r8w
   121 000024A0 751A                <1>     jne .check_next_func
   122 000024A2 C1E810              <1>     shr eax, 16
   123 000024A5 664439C8            <1>     cmp ax, r9w
   124 000024A9 7511                <1>     jne .check_next_func
   125                              <1> 
   126                              <1>     ; MATCH FOUND!
   127 000024AB 4489D0              <1>     mov eax, r10d               ; Return bus
   128 000024AE 4489DB              <1>     mov ebx, r11d               ; Return slot
   129                              <1>     ; ECX already holds func
   130 000024B1 415B                <1>     pop r11
   131 000024B3 415A                <1>     pop r10
   132 000024B5 4159                <1>     pop r9
   133 000024B7 4158                <1>     pop r8
   134 000024B9 39C0                <1>     cmp eax, eax                ; Set ZF=1
   135 000024BB C3                  <1>     ret
   136                              <1> 
   137                              <1> .check_next_func:
   138 000024BC FFC1                <1>     inc ecx
   139 000024BE 83F908              <1>     cmp ecx, 8
   140 000024C1 7CC6                <1>     jl .func_loop
   141                              <1> 
   142                              <1> .next_slot:
   143 000024C3 41FFC3              <1>     inc r11d
   144 000024C6 4183FB20            <1>     cmp r11d, 32
   145 000024CA 7CBB                <1>     jl .slot_loop
   146                              <1> 
   147 000024CC 41FFC2              <1>     inc r10d
   148 000024CF 4183FA08            <1>     cmp r10d, 8
   149 000024D3 7CAF                <1>     jl .bus_loop
   150                              <1> 
   151                              <1>     ; Not found
   152 000024D5 415B                <1>     pop r11
   153 000024D7 415A                <1>     pop r10
   154 000024D9 4159                <1>     pop r9
   155 000024DB 4158                <1>     pop r8
   156 000024DD 85E4                <1>     test esp, esp               ; Set ZF=0
   157 000024DF C3                  <1>     ret
   158                              <1> 
   159                              <1> ; ------------------------------------------------------------------------------
   160                              <1> ; pci_enable_bus_master: Enables Bus Mastering and I/O Space on a PCI device
   161                              <1> ; Input:  EAX = bus, EBX = slot, ECX = func
   162                              <1> ; ------------------------------------------------------------------------------
   163                              <1> pci_enable_bus_master:
   164 000024E0 50                  <1>     push rax
   165 000024E1 53                  <1>     push rbx
   166 000024E2 51                  <1>     push rcx
   167 000024E3 52                  <1>     push rdx
   168 000024E4 4150                <1>     push r8
   169 000024E6 4151                <1>     push r9
   170 000024E8 4152                <1>     push r10
   171 000024EA 4153                <1>     push r11
   172                              <1> 
   173 000024EC 4189C1              <1>     mov r9d, eax                ; R9D = bus
   174 000024EF 4189DA              <1>     mov r10d, ebx               ; R10D = slot
   175 000024F2 4189CB              <1>     mov r11d, ecx               ; R11D = func
   176                              <1> 
   177                              <1>     ; Read current Command register (offset 0x04)
   178 000024F5 4489C8              <1>     mov eax, r9d
   179 000024F8 4489D3              <1>     mov ebx, r10d
   180 000024FB 4489D9              <1>     mov ecx, r11d
   181 000024FE BA04000000          <1>     mov edx, 0x04
   182 00002503 E8F8FEFFFF          <1>     call pci_read_dword
   183                              <1> 
   184                              <1>     ; Set bit 0 (I/O Space), bit 1 (Memory Space), bit 2 (Bus Master Enable) = 0x0007
   185 00002508 83C807              <1>     or eax, 0x0007
   186 0000250B 4189C0              <1>     mov r8d, eax                ; R8D = value to write
   187                              <1> 
   188                              <1>     ; Write back to Command register (offset 0x04)
   189 0000250E 4489C8              <1>     mov eax, r9d                ; EAX = bus
   190 00002511 4489D3              <1>     mov ebx, r10d               ; EBX = slot
   191 00002514 4489D9              <1>     mov ecx, r11d               ; ECX = func
   192 00002517 BA04000000          <1>     mov edx, 0x04               ; EDX = offset
   193 0000251C E815FFFFFF          <1>     call pci_write_dword
   194                              <1> 
   195 00002521 415B                <1>     pop r11
   196 00002523 415A                <1>     pop r10
   197 00002525 4159                <1>     pop r9
   198 00002527 4158                <1>     pop r8
   199 00002529 5A                  <1>     pop rdx
   200 0000252A 59                  <1>     pop rcx
   201 0000252B 5B                  <1>     pop rbx
   202 0000252C 58                  <1>     pop rax
   203 0000252D C3                  <1>     ret
   204                              <1> 
   205                              <1> ; ------------------------------------------------------------------------------
   206                              <1> ; pci_get_bar0_io: Reads BAR0 and returns base I/O port address
   207                              <1> ; Input:  EAX = bus, EBX = slot, ECX = func
   208                              <1> ; Output: RAX = Base I/O port (16-bit port number, e.g. 0xC000)
   209                              <1> ; ------------------------------------------------------------------------------
   210                              <1> pci_get_bar0_io:
   211 0000252E 53                  <1>     push rbx
   212 0000252F 51                  <1>     push rcx
   213 00002530 52                  <1>     push rdx
   214                              <1> 
   215 00002531 BA10000000          <1>     mov edx, 0x10               ; BAR0 offset
   216 00002536 E8C5FEFFFF          <1>     call pci_read_dword
   217 0000253B 83E0FC              <1>     and eax, 0xFFFFFFFC         ; Mask off lowest 2 bits (I/O indicator)
   218                              <1> 
   219 0000253E 5A                  <1>     pop rdx
   220 0000253F 59                  <1>     pop rcx
   221 00002540 5B                  <1>     pop rbx
   222 00002541 C3                  <1>     ret
   124                                  %include "net.asm"
     1                              <1> ; ==============================================================================
     2                              <1> ; Antigravity OS - 64-bit Realtek RTL8139 Fast Ethernet Controller Driver
     3                              <1> ; Hardware Packet Transmission and Reception via I/O Port Ring Buffers
     4                              <1> ; ==============================================================================
     5                              <1> 
     6                              <1> [bits 64]
     7                              <1> 
     8                              <1> ; Physical Memory Buffers for RTL8139 DMA (within identity-mapped 0-8 MB)
     9                              <1> RTL_RX_BUFFER_PHYS  equ 0x00030000      ; 8KB + 16 bytes RX Ring Buffer
    10                              <1> RTL_TX_BUFFER_PHYS  equ 0x00034000      ; 1.5 KB TX Buffer
    11                              <1> 
    12                              <1> ; RTL8139 Register Offsets (relative to net_io_base)
    13                              <1> RTL_REG_MAC0        equ 0x00            ; IDR0-5 (MAC Address 6 bytes)
    14                              <1> RTL_REG_TSD0        equ 0x10            ; Transmit Status of Descriptor 0
    15                              <1> RTL_REG_TSAD0       equ 0x20            ; Transmit Start Address of Descriptor 0
    16                              <1> RTL_REG_RBSTART     equ 0x30            ; Receive Buffer Start Address
    17                              <1> RTL_REG_CR          equ 0x37            ; Command Register
    18                              <1> RTL_REG_CAPR        equ 0x38            ; Current Address of Packet Read
    19                              <1> RTL_REG_CBR         equ 0x3A            ; Current Buffer Address
    20                              <1> RTL_REG_IMR         equ 0x3C            ; Interrupt Mask Register
    21                              <1> RTL_REG_ISR         equ 0x3E            ; Interrupt Status Register
    22                              <1> RTL_REG_RCR         equ 0x44            ; Receive Configuration Register
    23                              <1> RTL_REG_CONFIG1     equ 0x52            ; Configuration Register 1
    24                              <1> 
    25                              <1> ; Command Register Bits
    26                              <1> RTL_CR_BUFE         equ 0x01            ; Buffer Empty
    27                              <1> RTL_CR_TE           equ 0x04            ; Transmitter Enable
    28                              <1> RTL_CR_RE           equ 0x08            ; Receiver Enable
    29                              <1> RTL_CR_RST          equ 0x10            ; Software Reset
    30                              <1> 
    31                              <1> ; Driver State Variables
    32 00002542 00                  <1> net_present:        db 0
    33 00002543 0000                <1> net_io_base:        dw 0
    34 00002545 0000                <1> net_rx_offset:      dw 0
    35 00002547 00                  <1> net_tx_cur:         db 0
    36                              <1> 
    37                              <1> ; Hardware MAC Address
    38 00002548 525400123456        <1> net_mac:            db 0x52, 0x54, 0x00, 0x12, 0x34, 0x56
    39                              <1> 
    40                              <1> ; Statistics
    41 0000254E 0000000000000000    <1> net_packets_rx:     dq 0
    42 00002556 0000000000000000    <1> net_packets_tx:     dq 0
    43 0000255E 0000000000000000    <1> net_bytes_rx:       dq 0
    44 00002566 0000000000000000    <1> net_bytes_tx:       dq 0
    45                              <1> 
    46                              <1> ; Packet Scratch Buffers
    47 0000256E 90<rep 2h>          <1> align 16
    48 00002570 00<rep 640h>        <1> net_tx_buf:         times 1600 db 0
    49                              <1> align 16
    50 00002BB0 00<rep 640h>        <1> net_rx_buf:         times 1600 db 0
    51                              <1> 
    52                              <1> ; Messages
    53 000031F0 5B4E45545D2052544C- <1> MSG_NET_FOUND:      db "[NET] RTL8139 NIC detected at I/O port 0x", 0
    53 000031F9 38313339204E494320- <1>
    53 00003202 646574656374656420- <1>
    53 0000320B 617420492F4F20706F- <1>
    53 00003214 727420307800        <1>
    54 0000321A 205B4D41433A2000    <1> MSG_NET_MAC:        db " [MAC: ", 0
    55 00003222 5B4E45545D204E6F74- <1> MSG_NET_NOT_FOUND:  db "[NET] Notice: RTL8139 PCI NIC not detected.", 0x0A, 0
    55 0000322B 6963653A2052544C38- <1>
    55 00003234 31333920504349204E- <1>
    55 0000323D 4943206E6F74206465- <1>
    55 00003246 7465637465642E0A00  <1>
    56                              <1> 
    57                              <1> ; ------------------------------------------------------------------------------
    58                              <1> ; net_init: Discovers, resets, and configures RTL8139 Network Card
    59                              <1> ; ------------------------------------------------------------------------------
    60                              <1> net_init:
    61 0000324F 50                  <1>     push rax
    62 00003250 53                  <1>     push rbx
    63 00003251 51                  <1>     push rcx
    64 00003252 52                  <1>     push rdx
    65 00003253 56                  <1>     push rsi
    66 00003254 57                  <1>     push rdi
    67                              <1> 
    68                              <1>     ; Find RTL8139 on PCI Bus: Vendor 0x10EC, Device 0x8139
    69 00003255 66BEEC10            <1>     mov si, 0x10EC
    70 00003259 66BF3981            <1>     mov di, 0x8139
    71 0000325D E80FF2FFFF          <1>     call pci_find_device
    72 00003262 0F8510010000        <1>     jnz .not_found
    73                              <1> 
    74                              <1>     ; EAX = bus, EBX = slot, ECX = func
    75                              <1>     ; Enable Bus Mastering & I/O Space in PCI Command Register
    76 00003268 E873F2FFFF          <1>     call pci_enable_bus_master
    77                              <1> 
    78                              <1>     ; Get Base I/O Port from BAR0
    79 0000326D E8BCF2FFFF          <1>     call pci_get_bar0_io
    80 00003272 668905CAF2FFFF      <1>     mov [net_io_base], ax
    81                              <1> 
    82                              <1>     ; Power on the NIC (Wakeup via CONFIG1 = 0x00)
    83 00003279 668B15C3F2FFFF      <1>     mov dx, [net_io_base]
    84 00003280 6683C252            <1>     add dx, RTL_REG_CONFIG1
    85 00003284 30C0                <1>     xor al, al
    86 00003286 EE                  <1>     out dx, al
    87                              <1> 
    88                              <1>     ; Software Reset: Set bit 4 (RST) in CR
    89 00003287 668B15B5F2FFFF      <1>     mov dx, [net_io_base]
    90 0000328E 6683C237            <1>     add dx, RTL_REG_CR
    91 00003292 B010                <1>     mov al, RTL_CR_RST
    92 00003294 EE                  <1>     out dx, al
    93                              <1> 
    94                              <1>     ; Poll until reset bit clears
    95                              <1> .wait_reset:
    96 00003295 EC                  <1>     in al, dx
    97 00003296 A810                <1>     test al, RTL_CR_RST
    98 00003298 75FB                <1>     jnz .wait_reset
    99                              <1> 
   100                              <1>     ; Clear Receive Buffer Memory (8KB + 16 bytes)
   101 0000329A BF00000300          <1>     mov rdi, RTL_RX_BUFFER_PHYS
   102 0000329F B910200000          <1>     mov ecx, 8192 + 16
   103 000032A4 31C0                <1>     xor eax, eax
   104 000032A6 F3AA                <1>     rep stosb
   105                              <1> 
   106                              <1>     ; Configure Receive Buffer Address (RBSTART = RTL_RX_BUFFER_PHYS)
   107 000032A8 668B1594F2FFFF      <1>     mov dx, [net_io_base]
   108 000032AF 6683C230            <1>     add dx, RTL_REG_RBSTART
   109 000032B3 B800000300          <1>     mov eax, RTL_RX_BUFFER_PHYS
   110 000032B8 EF                  <1>     out dx, eax
   111                              <1> 
   112                              <1>     ; Set CAPR to 0xFFF0 (-16 bytes read pointer offset)
   113 000032B9 668B1583F2FFFF      <1>     mov dx, [net_io_base]
   114 000032C0 6683C238            <1>     add dx, RTL_REG_CAPR
   115 000032C4 66B8F0FF            <1>     mov ax, 0xFFF0
   116 000032C8 66EF                <1>     out dx, ax
   117 000032CA 66C70572F2FFFF0000  <1>     mov word [net_rx_offset], 0
   118                              <1> 
   119                              <1>     ; Configure Interrupt Mask Register (IMR = 0x0005: ROK | TOK)
   120 000032D3 668B1569F2FFFF      <1>     mov dx, [net_io_base]
   121 000032DA 6683C23C            <1>     add dx, RTL_REG_IMR
   122 000032DE 66B80500            <1>     mov ax, 0x0005
   123 000032E2 66EF                <1>     out dx, ax
   124                              <1> 
   125                              <1>     ; Configure Receive Configuration Register (RCR):
   126                              <1>     ; Accept: Broadcast (bit 3) + Multicast (bit 2) + Physical match (bit 1) + All physical (bit 0) = 0x0F
   127                              <1>     ; Wrap bit 7 = 1 (wrap buffer at 8KB) -> 0x8F
   128 000032E4 668B1558F2FFFF      <1>     mov dx, [net_io_base]
   129 000032EB 6683C244            <1>     add dx, RTL_REG_RCR
   130 000032EF B88F000000          <1>     mov eax, 0x0000008F
   131 000032F4 EF                  <1>     out dx, eax
   132                              <1> 
   133                              <1>     ; Enable Receiver and Transmitter in CR (RE | TE = 0x0C)
   134 000032F5 668B1547F2FFFF      <1>     mov dx, [net_io_base]
   135 000032FC 6683C237            <1>     add dx, RTL_REG_CR
   136 00003300 B00C                <1>     mov al, RTL_CR_RE | RTL_CR_TE
   137 00003302 EE                  <1>     out dx, al
   138                              <1> 
   139                              <1>     ; Read Hardware MAC Address from IDR0-5 (offsets 0x00 .. 0x05)
   140 00003303 668B1539F2FFFF      <1>     mov dx, [net_io_base]
   141 0000330A 31C9                <1>     xor ecx, ecx
   142                              <1> .read_mac:
   143 0000330C EC                  <1>     in al, dx
   144 0000330D 8881[48250000]      <1>     mov [net_mac + rcx], al
   145 00003313 66FFC2              <1>     inc dx
   146 00003316 FFC1                <1>     inc ecx
   147 00003318 83F906              <1>     cmp ecx, 6
   148 0000331B 7CEF                <1>     jl .read_mac
   149                              <1> 
   150 0000331D C6051EF2FFFF01      <1>     mov byte [net_present], 1
   151                              <1> 
   152                              <1>     ; Print hardware status
   153 00003324 B30A                <1>     mov bl, COLOR_LIGHT_GREEN
   154 00003326 488D35C3FEFFFF      <1>     lea rsi, [MSG_NET_FOUND]
   155 0000332D E88BCFFFFF          <1>     call vga_print_string_color
   156                              <1> 
   157 00003332 0FB7050AF2FFFF      <1>     movzx eax, word [net_io_base]
   158 00003339 E8A5D0FFFF          <1>     call vga_print_hex16
   159                              <1> 
   160 0000333E 488D35D5FEFFFF      <1>     lea rsi, [MSG_NET_MAC]
   161 00003345 E873CFFFFF          <1>     call vga_print_string_color
   162                              <1> 
   163                              <1>     ; Print MAC address: XX:XX:XX:XX:XX:XX
   164 0000334A 31C9                <1>     xor ecx, ecx
   165                              <1> .print_mac_loop:
   166 0000334C 0FB681[48250000]    <1>     movzx eax, byte [net_mac + rcx]
   167 00003353 E85DD0FFFF          <1>     call vga_print_hex8
   168 00003358 83F905              <1>     cmp ecx, 5
   169 0000335B 740B                <1>     je .mac_done
   170 0000335D B03A                <1>     mov al, ':'
   171 0000335F E80FCEFFFF          <1>     call vga_print_char
   172 00003364 FFC1                <1>     inc ecx
   173 00003366 EBE4                <1>     jmp .print_mac_loop
   174                              <1> 
   175                              <1> .mac_done:
   176 00003368 B05D                <1>     mov al, ']'
   177 0000336A E804CEFFFF          <1>     call vga_print_char
   178 0000336F B00A                <1>     mov al, 0x0A
   179 00003371 E8FDCDFFFF          <1>     call vga_print_char
   180 00003376 EB15                <1>     jmp .done
   181                              <1> 
   182                              <1> .not_found:
   183 00003378 C605C3F1FFFF00      <1>     mov byte [net_present], 0
   184 0000337F B308                <1>     mov bl, COLOR_DARK_GRAY
   185 00003381 488D359AFEFFFF      <1>     lea rsi, [MSG_NET_NOT_FOUND]
   186 00003388 E830CFFFFF          <1>     call vga_print_string_color
   187                              <1> 
   188                              <1> .done:
   189 0000338D 5F                  <1>     pop rdi
   190 0000338E 5E                  <1>     pop rsi
   191 0000338F 5A                  <1>     pop rdx
   192 00003390 59                  <1>     pop rcx
   193 00003391 5B                  <1>     pop rbx
   194 00003392 58                  <1>     pop rax
   195 00003393 C3                  <1>     ret
   196                              <1> 
   197                              <1> ; ------------------------------------------------------------------------------
   198                              <1> ; net_send_packet: Transmits an Ethernet packet frame via RTL8139 DMA
   199                              <1> ; Input:  RSI = Pointer to packet data (Ethernet frame)
   200                              <1> ;         RCX = Packet length in bytes
   201                              <1> ; Output: RAX = 0 on success, 1 on failure
   202                              <1> ; ------------------------------------------------------------------------------
   203                              <1> net_send_packet:
   204 00003394 53                  <1>     push rbx
   205 00003395 51                  <1>     push rcx
   206 00003396 52                  <1>     push rdx
   207 00003397 56                  <1>     push rsi
   208 00003398 57                  <1>     push rdi
   209                              <1> 
   210 00003399 803DA2F1FFFF01      <1>     cmp byte [net_present], 1
   211 000033A0 0F8591000000        <1>     jne .error
   212                              <1> 
   213 000033A6 4881F9EA050000      <1>     cmp rcx, 1514
   214 000033AD 7605                <1>     jbe .len_ok
   215 000033AF B9EA050000          <1>     mov rcx, 1514               ; Clamp to standard Ethernet MTU
   216                              <1> .len_ok:
   217 000033B4 4883F93C            <1>     cmp rcx, 60
   218 000033B8 7300                <1>     jae .no_pad
   219                              <1>     ; Ethernet minimum frame length is 60 bytes (excluding FCS)
   220                              <1> .no_pad:
   221 000033BA 4989C8              <1>     mov r8, rcx                 ; R8 = length
   222                              <1> 
   223                              <1>     ; Copy frame into physical TX DMA buffer (0x00034000)
   224 000033BD BF00400300          <1>     mov rdi, RTL_TX_BUFFER_PHYS
   225 000033C2 51                  <1>     push rcx
   226 000033C3 F3A4                <1>     rep movsb
   227 000033C5 59                  <1>     pop rcx
   228                              <1> 
   229                              <1>     ; Get current TX descriptor (0 .. 3)
   230 000033C6 0FB61D7AF1FFFF      <1>     movzx ebx, byte [net_tx_cur]
   231                              <1> 
   232                              <1>     ; Write physical TX buffer address to TSAD[ebx]
   233 000033CD 668B156FF1FFFF      <1>     mov dx, [net_io_base]
   234 000033D4 6683C220            <1>     add dx, RTL_REG_TSAD0
   235 000033D8 C1E302              <1>     shl ebx, 2                  ; ebx * 4
   236 000033DB 6601DA              <1>     add dx, bx
   237 000033DE B800400300          <1>     mov eax, RTL_TX_BUFFER_PHYS
   238 000033E3 EF                  <1>     out dx, eax
   239                              <1> 
   240                              <1>     ; Write packet length to TSD[ebx] (Bits 12-0 = size, Bit 13 = 0, Bit 16 = 0)
   241 000033E4 668B1558F1FFFF      <1>     mov dx, [net_io_base]
   242 000033EB 6683C210            <1>     add dx, RTL_REG_TSD0
   243 000033EF 6601DA              <1>     add dx, bx
   244 000033F2 4489C0              <1>     mov eax, r8d
   245 000033F5 25FF1F0000          <1>     and eax, 0x1FFF             ; Clamp to 8191
   246 000033FA EF                  <1>     out dx, eax
   247                              <1> 
   248                              <1>     ; Advance TX descriptor ring: (cur + 1) & 3
   249 000033FB 0FB60545F1FFFF      <1>     movzx eax, byte [net_tx_cur]
   250 00003402 FEC0                <1>     inc al
   251 00003404 2403                <1>     and al, 3
   252 00003406 88053BF1FFFF        <1>     mov [net_tx_cur], al
   253                              <1> 
   254                              <1>     ; Update statistics
   255 0000340C 48FF0543F1FFFF      <1>     inc qword [net_packets_tx]
   256 00003413 4C01054CF1FFFF      <1>     add [net_bytes_tx], r8
   257                              <1> 
   258                              <1>     ; Poll for transmit completion (TOK bit 15 in TSD) with timeout
   259 0000341A B9A0860100          <1>     mov ecx, 100000
   260                              <1> .poll_tx:
   261 0000341F ED                  <1>     in eax, dx
   262 00003420 A900800000          <1>     test eax, 0x8000            ; TOK (Transmit OK)
   263 00003425 750B                <1>     jnz .tx_ok
   264 00003427 A900200000          <1>     test eax, 0x2000            ; TABT (Transmit Aborted)
   265 0000342C 7509                <1>     jnz .error
   266 0000342E FFC9                <1>     dec ecx
   267 00003430 75ED                <1>     jnz .poll_tx
   268                              <1> 
   269                              <1> .tx_ok:
   270 00003432 4831C0              <1>     xor rax, rax                ; Success
   271 00003435 EB05                <1>     jmp .done
   272                              <1> 
   273                              <1> .error:
   274 00003437 B801000000          <1>     mov rax, 1
   275                              <1> 
   276                              <1> .done:
   277 0000343C 5F                  <1>     pop rdi
   278 0000343D 5E                  <1>     pop rsi
   279 0000343E 5A                  <1>     pop rdx
   280 0000343F 59                  <1>     pop rcx
   281 00003440 5B                  <1>     pop rbx
   282 00003441 C3                  <1>     ret
   283                              <1> 
   284                              <1> ; ------------------------------------------------------------------------------
   285                              <1> ; net_poll: Polls the RTL8139 receiver ring buffer for arriving packets
   286                              <1> ; Called frequently in main kernel loop and network wait routines
   287                              <1> ; ------------------------------------------------------------------------------
   288                              <1> net_poll:
   289 00003442 50                  <1>     push rax
   290 00003443 53                  <1>     push rbx
   291 00003444 51                  <1>     push rcx
   292 00003445 52                  <1>     push rdx
   293 00003446 56                  <1>     push rsi
   294 00003447 57                  <1>     push rdi
   295                              <1> 
   296 00003448 803DF3F0FFFF01      <1>     cmp byte [net_present], 1
   297 0000344F 0F85CC000000        <1>     jne .poll_done
   298                              <1> 
   299                              <1> .poll_loop_packets:
   300                              <1>     ; Check Command Register bit 0 (BUFE: Buffer Empty)
   301 00003455 668B15E7F0FFFF      <1>     mov dx, [net_io_base]
   302 0000345C 6683C237            <1>     add dx, RTL_REG_CR
   303 00003460 EC                  <1>     in al, dx
   304 00003461 A801                <1>     test al, RTL_CR_BUFE
   305 00003463 0F85B8000000        <1>     jnz .poll_done              ; Buffer is empty, no packet waiting
   306                              <1> 
   307                              <1>     ; Read packet from RX ring buffer at RTL_RX_BUFFER_PHYS + net_rx_offset
   308 00003469 480FB735D4F0FFFF    <1>     movzx rsi, word [net_rx_offset]
   309 00003471 4881C600000300      <1>     add rsi, RTL_RX_BUFFER_PHYS
   310                              <1> 
   311                              <1>     ; Format of RTL8139 packet header:
   312                              <1>     ; Offset 0 (2 bytes): Status flags (bit 0 = ROK)
   313                              <1>     ; Offset 2 (2 bytes): Packet length (including 4-byte CRC)
   314 00003478 0FB706              <1>     movzx eax, word [rsi]       ; Status
   315 0000347B A801                <1>     test al, 0x01               ; ROK
   316 0000347D 0F8484000000        <1>     jz .reset_rx                ; If not OK, reset buffer
   317                              <1> 
   318 00003483 0FB74E02            <1>     movzx ecx, word [rsi + 2]   ; Length with CRC
   319 00003487 83F90E              <1>     cmp ecx, 14
   320 0000348A 727B                <1>     jb .reset_rx
   321 0000348C 81F940060000        <1>     cmp ecx, 1600
   322 00003492 7773                <1>     ja .reset_rx
   323                              <1> 
   324                              <1>     ; Copy Ethernet frame (length - 4 CRC bytes) to net_rx_buf
   325 00003494 83E904              <1>     sub ecx, 4                  ; Strip 4-byte CRC
   326 00003497 4989C8              <1>     mov r8, rcx                 ; R8 = Frame length
   327                              <1> 
   328 0000349A 4883C604            <1>     add rsi, 4                  ; Skip 4-byte packet header
   329 0000349E 488D3D0BF7FFFF      <1>     lea rdi, [net_rx_buf]
   330 000034A5 F3A4                <1>     rep movsb
   331                              <1> 
   332                              <1>     ; Update statistics
   333 000034A7 48FF05A0F0FFFF      <1>     inc qword [net_packets_rx]
   334 000034AE 4C0105A9F0FFFF      <1>     add [net_bytes_rx], r8
   335                              <1> 
   336                              <1>     ; Advance net_rx_offset: (offset + len + 4 + 3) & ~3
   337 000034B5 0FB70589F0FFFF      <1>     movzx eax, word [net_rx_offset]
   338 000034BC 4401C0              <1>     add eax, r8d
   339 000034BF 83C00B              <1>     add eax, 4 + 4 + 3          ; +4 header +4 CRC +3 for round up
   340 000034C2 83E0FC              <1>     and eax, ~3
   341 000034C5 25FF1F0000          <1>     and eax, 0x1FFF             ; Wrap around 8192 bytes (8KB ring)
   342 000034CA 66890574F0FFFF      <1>     mov [net_rx_offset], ax
   343                              <1> 
   344                              <1>     ; Update CAPR (Current Address of Packet Read) = (offset - 16) & 0xFFFF
   345 000034D1 6683E810            <1>     sub ax, 16
   346 000034D5 668B1567F0FFFF      <1>     mov dx, [net_io_base]
   347 000034DC 6683C238            <1>     add dx, RTL_REG_CAPR
   348 000034E0 66EF                <1>     out dx, ax
   349                              <1> 
   350                              <1>     ; Clear ROK in ISR (write 0x0001 to clear)
   351 000034E2 668B155AF0FFFF      <1>     mov dx, [net_io_base]
   352 000034E9 6683C23E            <1>     add dx, RTL_REG_ISR
   353 000034ED 66B80100            <1>     mov ax, 0x0001
   354 000034F1 66EF                <1>     out dx, ax
   355                              <1> 
   356                              <1>     ; Dispatch packet to Ethernet Protocol Layer
   357 000034F3 488D35B6F6FFFF      <1>     lea rsi, [net_rx_buf]
   358 000034FA 4C89C1              <1>     mov rcx, r8
   359 000034FD E8B6070000          <1>     call eth_handle_packet
   360                              <1> 
   361                              <1>     ; Loop to drain any other pending packets
   362 00003502 E94EFFFFFF          <1>     jmp .poll_loop_packets
   363                              <1> 
   364                              <1> .reset_rx:
   365                              <1>     ; Recovery from corrupted buffer state: reset CAPR to 0xFFF0 (-16)
   366 00003507 668B1535F0FFFF      <1>     mov dx, [net_io_base]
   367 0000350E 6683C238            <1>     add dx, RTL_REG_CAPR
   368 00003512 66B8F0FF            <1>     mov ax, 0xFFF0
   369 00003516 66EF                <1>     out dx, ax
   370 00003518 66C70524F0FFFF0000  <1>     mov word [net_rx_offset], 0
   371                              <1> 
   372                              <1> .poll_done:
   373 00003521 5F                  <1>     pop rdi
   374 00003522 5E                  <1>     pop rsi
   375 00003523 5A                  <1>     pop rdx
   376 00003524 59                  <1>     pop rcx
   377 00003525 5B                  <1>     pop rbx
   378 00003526 58                  <1>     pop rax
   379 00003527 C3                  <1>     ret
   125                                  %include "eth.asm"
     1                              <1> ; ==============================================================================
     2                              <1> ; Antigravity OS - 64-bit Ethernet II & Address Resolution Protocol (ARP) Engine
     3                              <1> ; Handles L2 Frame Encapsulation, Hardware Addressing, and Dynamic ARP Discovery
     4                              <1> ; ==============================================================================
     5                              <1> 
     6                              <1> [bits 64]
     7                              <1> 
     8                              <1> ETHERTYPE_IPV4      equ 0x0800
     9                              <1> ETHERTYPE_ARP       equ 0x0806
    10                              <1> 
    11                              <1> ARP_OP_REQUEST      equ 1
    12                              <1> ARP_OP_REPLY        equ 2
    13                              <1> 
    14                              <1> ; Network Interface Configuration (QEMU SLIRP Defaults)
    15 00003528 0A00020F            <1> net_ip:             db 10, 0, 2, 15
    16 0000352C 0A000202            <1> net_gateway:        db 10, 0, 2, 2
    17 00003530 FFFFFF00            <1> net_netmask:        db 255, 255, 255, 0
    18 00003534 0A000203            <1> net_dns:            db 10, 0, 2, 3
    19                              <1> 
    20                              <1> ; Default Gateway MAC (Pre-seeded for QEMU SLIRP router: 52:54:00:12:34:02)
    21 00003538 525400123402        <1> gateway_mac:        db 0x52, 0x54, 0x00, 0x12, 0x34, 0x02
    22 0000353E FFFFFFFFFFFF        <1> broadcast_mac:      db 0xFF, 0xFF, 0xFF, 0xFF, 0xFF, 0xFF
    23                              <1> 
    24                              <1> ; ARP Cache: 8 entries (4 bytes IP, 6 bytes MAC, 1 byte valid flag = 11 bytes each)
    25                              <1> ARP_CACHE_MAX       equ 8
    26 00003544 00<rep 20h>         <1> arp_cache_ip:       times (ARP_CACHE_MAX * 4) db 0
    27 00003564 00<rep 30h>         <1> arp_cache_mac:      times (ARP_CACHE_MAX * 6) db 0
    28 00003594 00<rep 8h>          <1> arp_cache_valid:    times ARP_CACHE_MAX db 0
    29                              <1> 
    30                              <1> ; Scratch Buffers
    31 0000359C 90<rep 4h>          <1> align 16
    32 000035A0 00<rep 640h>        <1> eth_tx_frame:       times 1600 db 0
    33                              <1> align 16
    34 00003BE0 00<rep 40h>         <1> arp_pkt_buf:        times 64 db 0
    35                              <1> 
    36                              <1> ; ------------------------------------------------------------------------------
    37                              <1> ; eth_send_frame: Encapsulates L3 payload into Ethernet II frame and transmits
    38                              <1> ; Input:
    39                              <1> ;   RSI = Pointer to payload data
    40                              <1> ;   RCX = Payload length in bytes
    41                              <1> ;   RDI = Pointer to 6-byte Destination MAC Address
    42                              <1> ;   DX  = 16-bit EtherType (e.g. 0x0800 or 0x0806)
    43                              <1> ; ------------------------------------------------------------------------------
    44                              <1> eth_send_frame:
    45 00003C20 50                  <1>     push rax
    46 00003C21 53                  <1>     push rbx
    47 00003C22 51                  <1>     push rcx
    48 00003C23 52                  <1>     push rdx
    49 00003C24 56                  <1>     push rsi
    50 00003C25 57                  <1>     push rdi
    51 00003C26 4150                <1>     push r8
    52 00003C28 4151                <1>     push r9
    53                              <1> 
    54 00003C2A 4989C8              <1>     mov r8, rcx                 ; R8 = payload length
    55 00003C2D 4989F1              <1>     mov r9, rsi                 ; R9 = payload source
    56                              <1> 
    57                              <1>     ; 1. Destination MAC (6 bytes)
    58 00003C30 488D0569F9FFFF      <1>     lea rax, [eth_tx_frame]
    59 00003C37 57                  <1>     push rdi
    60 00003C38 56                  <1>     push rsi
    61 00003C39 4889FE              <1>     mov rsi, rdi
    62 00003C3C 4889C7              <1>     mov rdi, rax
    63 00003C3F B906000000          <1>     mov rcx, 6
    64 00003C44 F3A4                <1>     rep movsb
    65 00003C46 5E                  <1>     pop rsi
    66 00003C47 5F                  <1>     pop rdi
    67                              <1> 
    68                              <1>     ; 2. Source MAC (6 bytes) from net_mac
    69 00003C48 488D3D57F9FFFF      <1>     lea rdi, [eth_tx_frame + 6]
    70 00003C4F 488D35F2E8FFFF      <1>     lea rsi, [net_mac]
    71 00003C56 B906000000          <1>     mov rcx, 6
    72 00003C5B F3A4                <1>     rep movsb
    73                              <1> 
    74                              <1>     ; 3. EtherType (2 bytes in big-endian network order)
    75 00003C5D 883549F9FFFF        <1>     mov byte [eth_tx_frame + 12], dh
    76 00003C63 881544F9FFFF        <1>     mov byte [eth_tx_frame + 13], dl
    77                              <1> 
    78                              <1>     ; 4. Copy payload data starting at eth_tx_frame + 14
    79 00003C69 488D3D3EF9FFFF      <1>     lea rdi, [eth_tx_frame + 14]
    80 00003C70 4C89CE              <1>     mov rsi, r9
    81 00003C73 4C89C1              <1>     mov rcx, r8
    82 00003C76 F3A4                <1>     rep movsb
    83                              <1> 
    84                              <1>     ; Total frame length = payload length + 14
    85 00003C78 4983C00E            <1>     add r8, 14
    86                              <1> 
    87                              <1>     ; Minimum Ethernet frame size is 60 bytes (pad with zeros if needed)
    88 00003C7C 4983F83C            <1>     cmp r8, 60
    89 00003C80 731C                <1>     jae .send_now
    90 00003C82 B93C000000          <1>     mov rcx, 60
    91 00003C87 4C29C1              <1>     sub rcx, r8
    92 00003C8A 488D3D0FF9FFFF      <1>     lea rdi, [eth_tx_frame]
    93 00003C91 4C01C7              <1>     add rdi, r8
    94 00003C94 31C0                <1>     xor eax, eax
    95 00003C96 F3AA                <1>     rep stosb
    96 00003C98 41B83C000000        <1>     mov r8, 60
    97                              <1> 
    98                              <1> .send_now:
    99 00003C9E 488D35FBF8FFFF      <1>     lea rsi, [eth_tx_frame]
   100 00003CA5 4C89C1              <1>     mov rcx, r8
   101 00003CA8 E8E7F6FFFF          <1>     call net_send_packet
   102                              <1> 
   103 00003CAD 4159                <1>     pop r9
   104 00003CAF 4158                <1>     pop r8
   105 00003CB1 5F                  <1>     pop rdi
   106 00003CB2 5E                  <1>     pop rsi
   107 00003CB3 5A                  <1>     pop rdx
   108 00003CB4 59                  <1>     pop rcx
   109 00003CB5 5B                  <1>     pop rbx
   110 00003CB6 58                  <1>     pop rax
   111 00003CB7 C3                  <1>     ret
   112                              <1> 
   113                              <1> ; ------------------------------------------------------------------------------
   114                              <1> ; eth_handle_packet: Decodes incoming Ethernet II frame from driver
   115                              <1> ; Input:
   116                              <1> ;   RSI = Pointer to received Ethernet frame
   117                              <1> ;   RCX = Total frame length in bytes
   118                              <1> ; ------------------------------------------------------------------------------
   119                              <1> eth_handle_packet:
   120 00003CB8 50                  <1>     push rax
   121 00003CB9 53                  <1>     push rbx
   122 00003CBA 51                  <1>     push rcx
   123 00003CBB 52                  <1>     push rdx
   124 00003CBC 56                  <1>     push rsi
   125 00003CBD 57                  <1>     push rdi
   126                              <1> 
   127 00003CBE 4883F90E            <1>     cmp rcx, 14
   128 00003CC2 7236                <1>     jb .drop                    ; Drop malformed/short frame
   129                              <1> 
   130                              <1>     ; Extract 16-bit EtherType from offset 12 (Big Endian)
   131 00003CC4 0FB6560C            <1>     movzx edx, byte [rsi + 12]
   132 00003CC8 C1E208              <1>     shl edx, 8
   133 00003CCB 8A560D              <1>     mov dl, [rsi + 13]
   134                              <1> 
   135                              <1>     ; Check EtherType
   136 00003CCE 6681FA0608          <1>     cmp dx, ETHERTYPE_ARP
   137 00003CD3 7409                <1>     je .handle_arp
   138                              <1> 
   139 00003CD5 6681FA0008          <1>     cmp dx, ETHERTYPE_IPV4
   140 00003CDA 7411                <1>     je .handle_ipv4
   141                              <1> 
   142 00003CDC EB1C                <1>     jmp .drop
   143                              <1> 
   144                              <1> .handle_arp:
   145 00003CDE 4883C60E            <1>     add rsi, 14                 ; Advance past Ethernet header
   146 00003CE2 4883E90E            <1>     sub rcx, 14
   147 00003CE6 E816000000          <1>     call arp_handle_packet
   148 00003CEB EB0D                <1>     jmp .drop
   149                              <1> 
   150                              <1> .handle_ipv4:
   151 00003CED 4883C60E            <1>     add rsi, 14                 ; Advance past Ethernet header
   152 00003CF1 4883E90E            <1>     sub rcx, 14
   153 00003CF5 E8590B0000          <1>     call ipv4_handle_packet
   154                              <1> 
   155                              <1> .drop:
   156 00003CFA 5F                  <1>     pop rdi
   157 00003CFB 5E                  <1>     pop rsi
   158 00003CFC 5A                  <1>     pop rdx
   159 00003CFD 59                  <1>     pop rcx
   160 00003CFE 5B                  <1>     pop rbx
   161 00003CFF 58                  <1>     pop rax
   162 00003D00 C3                  <1>     ret
   163                              <1> 
   164                              <1> ; ------------------------------------------------------------------------------
   165                              <1> ; arp_handle_packet: Processes incoming ARP Requests and Replies
   166                              <1> ; Input:
   167                              <1> ;   RSI = Pointer to ARP packet data
   168                              <1> ;   RCX = Packet length
   169                              <1> ; ------------------------------------------------------------------------------
   170                              <1> arp_handle_packet:
   171 00003D01 50                  <1>     push rax
   172 00003D02 53                  <1>     push rbx
   173 00003D03 51                  <1>     push rcx
   174 00003D04 52                  <1>     push rdx
   175 00003D05 56                  <1>     push rsi
   176 00003D06 57                  <1>     push rdi
   177                              <1> 
   178 00003D07 4883F91C            <1>     cmp rcx, 28
   179 00003D0B 0F82DA000000        <1>     jb .arp_done                ; Drop packet if smaller than standard 28-byte ARP
   180                              <1> 
   181                              <1>     ; Validate HW type == 1 (Ethernet)
   182 00003D11 803E00              <1>     cmp byte [rsi + 0], 0
   183 00003D14 0F85D1000000        <1>     jne .arp_done
   184 00003D1A 807E0101            <1>     cmp byte [rsi + 1], 1
   185 00003D1E 0F85C7000000        <1>     jne .arp_done
   186                              <1> 
   187                              <1>     ; Validate Protocol == 0x0800 (IPv4)
   188 00003D24 807E0208            <1>     cmp byte [rsi + 2], 0x08
   189 00003D28 0F85BD000000        <1>     jne .arp_done
   190 00003D2E 807E0300            <1>     cmp byte [rsi + 3], 0x00
   191 00003D32 0F85B3000000        <1>     jne .arp_done
   192                              <1> 
   193                              <1>     ; Validate HW size == 6, Proto size == 4
   194 00003D38 807E0406            <1>     cmp byte [rsi + 4], 6
   195 00003D3C 0F85A9000000        <1>     jne .arp_done
   196 00003D42 807E0504            <1>     cmp byte [rsi + 5], 4
   197 00003D46 0F859F000000        <1>     jne .arp_done
   198                              <1> 
   199                              <1>     ; Extract Opcode (offset 6): 1 = Request, 2 = Reply
   200 00003D4C 0FB64607            <1>     movzx eax, byte [rsi + 7]   ; Low byte of big-endian opcode
   201                              <1> 
   202                              <1>     ; Save Sender IP and MAC in ARP Cache
   203 00003D50 488D7E0E            <1>     lea rdi, [rsi + 14]         ; Sender IP (4 bytes)
   204 00003D54 488D5E08            <1>     lea rbx, [rsi + 8]          ; Sender MAC (6 bytes)
   205 00003D58 E814010000          <1>     call arp_cache_insert
   206                              <1> 
   207 00003D5D 3C01                <1>     cmp al, ARP_OP_REQUEST
   208 00003D5F 7405                <1>     je .process_request
   209 00003D61 E985000000          <1>     jmp .arp_done
   210                              <1> 
   211                              <1> .process_request:
   212                              <1>     ; Check if Target IP (offset 24) matches our net_ip
   213 00003D66 8B4618              <1>     mov eax, [rsi + 24]
   214 00003D69 3B05B9F7FFFF        <1>     cmp eax, [net_ip]
   215 00003D6F 757A                <1>     jne .arp_done               ; Not asking for our IP!
   216                              <1> 
   217                              <1>     ; Build ARP Reply (28 bytes)
   218 00003D71 488D3D68FEFFFF      <1>     lea rdi, [arp_pkt_buf]
   219                              <1> 
   220                              <1>     ; HW Type = 0x0001
   221 00003D78 66C7070001          <1>     mov word [rdi + 0], 0x0100  ; Big endian: 0x00, 0x01
   222                              <1>     ; Protocol = 0x0800
   223 00003D7D 66C747020800        <1>     mov word [rdi + 2], 0x0008  ; Big endian: 0x08, 0x00
   224                              <1>     ; HW size = 6, Proto size = 4
   225 00003D83 C6470406            <1>     mov byte [rdi + 4], 6
   226 00003D87 C6470504            <1>     mov byte [rdi + 5], 4
   227                              <1>     ; Opcode = 2 (Reply)
   228 00003D8B 66C747060002        <1>     mov word [rdi + 6], 0x0200  ; Big endian: 0x00, 0x02
   229                              <1> 
   230                              <1>     ; Sender MAC = our net_mac (6 bytes)
   231 00003D91 57                  <1>     push rdi
   232 00003D92 56                  <1>     push rsi
   233 00003D93 488D3D4EFEFFFF      <1>     lea rdi, [arp_pkt_buf + 8]
   234 00003D9A 488D35A7E7FFFF      <1>     lea rsi, [net_mac]
   235 00003DA1 B906000000          <1>     mov rcx, 6
   236 00003DA6 F3A4                <1>     rep movsb
   237 00003DA8 5E                  <1>     pop rsi
   238 00003DA9 5F                  <1>     pop rdi
   239                              <1> 
   240                              <1>     ; Sender IP = our net_ip (4 bytes)
   241 00003DAA 8B0578F7FFFF        <1>     mov eax, [net_ip]
   242 00003DB0 89470E              <1>     mov [rdi + 14], eax
   243                              <1> 
   244                              <1>     ; Target MAC = requester's MAC (6 bytes from RSI + 8)
   245 00003DB3 57                  <1>     push rdi
   246 00003DB4 56                  <1>     push rsi
   247 00003DB5 488D3D36FEFFFF      <1>     lea rdi, [arp_pkt_buf + 18]
   248 00003DBC 488D7608            <1>     lea rsi, [rsi + 8]
   249 00003DC0 B906000000          <1>     mov rcx, 6
   250 00003DC5 F3A4                <1>     rep movsb
   251 00003DC7 5E                  <1>     pop rsi
   252 00003DC8 5F                  <1>     pop rdi
   253                              <1> 
   254                              <1>     ; Target IP = requester's IP (4 bytes from RSI + 14)
   255 00003DC9 8B460E              <1>     mov eax, [rsi + 14]
   256 00003DCC 894718              <1>     mov [rdi + 24], eax
   257                              <1> 
   258                              <1>     ; Transmit ARP Reply frame
   259 00003DCF 488D350AFEFFFF      <1>     lea rsi, [arp_pkt_buf]
   260 00003DD6 B91C000000          <1>     mov rcx, 28
   261 00003DDB 488D3D10FEFFFF      <1>     lea rdi, [arp_pkt_buf + 18] ; Dst MAC = requester's MAC
   262 00003DE2 66BA0608            <1>     mov dx, ETHERTYPE_ARP
   263 00003DE6 E835FEFFFF          <1>     call eth_send_frame
   264                              <1> 
   265                              <1> .arp_done:
   266 00003DEB 5F                  <1>     pop rdi
   267 00003DEC 5E                  <1>     pop rsi
   268 00003DED 5A                  <1>     pop rdx
   269 00003DEE 59                  <1>     pop rcx
   270 00003DEF 5B                  <1>     pop rbx
   271 00003DF0 58                  <1>     pop rax
   272 00003DF1 C3                  <1>     ret
   273                              <1> 
   274                              <1> ; ------------------------------------------------------------------------------
   275                              <1> ; arp_send_request: Broadcasts ARP Request query for a given IPv4 address
   276                              <1> ; Input: RSI = Pointer to 4-byte Target IPv4 address
   277                              <1> ; ------------------------------------------------------------------------------
   278                              <1> arp_send_request:
   279 00003DF2 50                  <1>     push rax
   280 00003DF3 53                  <1>     push rbx
   281 00003DF4 51                  <1>     push rcx
   282 00003DF5 52                  <1>     push rdx
   283 00003DF6 56                  <1>     push rsi
   284 00003DF7 57                  <1>     push rdi
   285                              <1> 
   286 00003DF8 4989F0              <1>     mov r8, rsi                 ; R8 = target IP
   287                              <1> 
   288 00003DFB 488D3DDEFDFFFF      <1>     lea rdi, [arp_pkt_buf]
   289                              <1>     ; HW Type = 1, Protocol = 0x0800
   290 00003E02 66C7070001          <1>     mov word [rdi + 0], 0x0100
   291 00003E07 66C747020800        <1>     mov word [rdi + 2], 0x0008
   292 00003E0D C6470406            <1>     mov byte [rdi + 4], 6
   293 00003E11 C6470504            <1>     mov byte [rdi + 5], 4
   294                              <1>     ; Opcode = 1 (Request)
   295 00003E15 66C747060001        <1>     mov word [rdi + 6], 0x0100
   296                              <1> 
   297                              <1>     ; Sender MAC = net_mac
   298 00003E1B 57                  <1>     push rdi
   299 00003E1C 488D3DC5FDFFFF      <1>     lea rdi, [arp_pkt_buf + 8]
   300 00003E23 488D351EE7FFFF      <1>     lea rsi, [net_mac]
   301 00003E2A B906000000          <1>     mov rcx, 6
   302 00003E2F F3A4                <1>     rep movsb
   303 00003E31 5F                  <1>     pop rdi
   304                              <1> 
   305                              <1>     ; Sender IP = net_ip
   306 00003E32 8B05F0F6FFFF        <1>     mov eax, [net_ip]
   307 00003E38 89470E              <1>     mov [rdi + 14], eax
   308                              <1> 
   309                              <1>     ; Target MAC = 00:00:00:00:00:00
   310 00003E3B C7471200000000      <1>     mov dword [rdi + 18], 0
   311 00003E42 66C747160000        <1>     mov word [rdi + 22], 0
   312                              <1> 
   313                              <1>     ; Target IP = target IP
   314 00003E48 418B00              <1>     mov eax, [r8]
   315 00003E4B 894718              <1>     mov [rdi + 24], eax
   316                              <1> 
   317                              <1>     ; Broadcast ARP frame
   318 00003E4E 488D358BFDFFFF      <1>     lea rsi, [arp_pkt_buf]
   319 00003E55 B91C000000          <1>     mov rcx, 28
   320 00003E5A 488D3DDDF6FFFF      <1>     lea rdi, [broadcast_mac]
   321 00003E61 66BA0608            <1>     mov dx, ETHERTYPE_ARP
   322 00003E65 E8B6FDFFFF          <1>     call eth_send_frame
   323                              <1> 
   324 00003E6A 5F                  <1>     pop rdi
   325 00003E6B 5E                  <1>     pop rsi
   326 00003E6C 5A                  <1>     pop rdx
   327 00003E6D 59                  <1>     pop rcx
   328 00003E6E 5B                  <1>     pop rbx
   329 00003E6F 58                  <1>     pop rax
   330 00003E70 C3                  <1>     ret
   331                              <1> 
   332                              <1> ; ------------------------------------------------------------------------------
   333                              <1> ; arp_cache_insert: Stores IP -> MAC mapping in ARP Cache
   334                              <1> ; Input: RDI = Pointer to 4-byte IP, RBX = Pointer to 6-byte MAC
   335                              <1> ; ------------------------------------------------------------------------------
   336                              <1> arp_cache_insert:
   337 00003E71 50                  <1>     push rax
   338 00003E72 51                  <1>     push rcx
   339 00003E73 56                  <1>     push rsi
   340 00003E74 57                  <1>     push rdi
   341                              <1> 
   342 00003E75 8B07                <1>     mov eax, [rdi]              ; New IP
   343                              <1> 
   344                              <1>     ; Check if IP already exists in cache
   345 00003E77 31C9                <1>     xor ecx, ecx
   346                              <1> .check_exist:
   347 00003E79 80B9[94350000]01    <1>     cmp byte [arp_cache_valid + rcx], 1
   348 00003E80 7509                <1>     jne .next_chk
   349 00003E82 39048D[44350000]    <1>     cmp [arp_cache_ip + rcx * 4], eax
   350 00003E89 741B                <1>     je .update_entry
   351                              <1> .next_chk:
   352 00003E8B FFC1                <1>     inc ecx
   353 00003E8D 83F908              <1>     cmp ecx, ARP_CACHE_MAX
   354 00003E90 7CE7                <1>     jl .check_exist
   355                              <1> 
   356                              <1>     ; Find first invalid or slot 0
   357 00003E92 31C9                <1>     xor ecx, ecx
   358                              <1> .find_slot:
   359 00003E94 80B9[94350000]00    <1>     cmp byte [arp_cache_valid + rcx], 0
   360 00003E9B 7409                <1>     je .found_slot
   361 00003E9D FFC1                <1>     inc ecx
   362 00003E9F 83F908              <1>     cmp ecx, ARP_CACHE_MAX
   363 00003EA2 7CF0                <1>     jl .find_slot
   364 00003EA4 31C9                <1>     xor ecx, ecx                ; Overwrite slot 0 if full
   365                              <1> 
   366                              <1> .found_slot:
   367                              <1> .update_entry:
   368                              <1>     ; ECX holds target slot index
   369 00003EA6 89048D[44350000]    <1>     mov [arp_cache_ip + rcx * 4], eax
   370 00003EAD C681[94350000]01    <1>     mov byte [arp_cache_valid + rcx], 1
   371                              <1> 
   372                              <1>     ; Copy 6-byte MAC
   373 00003EB4 57                  <1>     push rdi
   374 00003EB5 51                  <1>     push rcx
   375 00003EB6 488D3DA7F6FFFF      <1>     lea rdi, [arp_cache_mac]
   376 00003EBD 6BC906              <1>     imul ecx, 6
   377 00003EC0 4801CF              <1>     add rdi, rcx
   378 00003EC3 4889DE              <1>     mov rsi, rbx
   379 00003EC6 B906000000          <1>     mov rcx, 6
   380 00003ECB F3A4                <1>     rep movsb
   381 00003ECD 59                  <1>     pop rcx
   382 00003ECE 5F                  <1>     pop rdi
   383                              <1> 
   384 00003ECF 5F                  <1>     pop rdi
   385 00003ED0 5E                  <1>     pop rsi
   386 00003ED1 59                  <1>     pop rcx
   387 00003ED2 58                  <1>     pop rax
   388 00003ED3 C3                  <1>     ret
   389                              <1> 
   390                              <1> ; ------------------------------------------------------------------------------
   391                              <1> ; ------------------------------------------------------------------------------
   392                              <1> ; arp_init: Pre-seeds the ARP cache with Gateway (10.0.2.2) and DNS (10.0.2.3)
   393                              <1> ; ------------------------------------------------------------------------------
   394                              <1> arp_init:
   395 00003ED4 50                  <1>     push rax
   396 00003ED5 53                  <1>     push rbx
   397 00003ED6 51                  <1>     push rcx
   398 00003ED7 57                  <1>     push rdi
   399                              <1> 
   400                              <1>     ; Slot 0: Gateway (10.0.2.2) -> 52:54:00:12:34:02
   401 00003ED8 8B054EF6FFFF        <1>     mov eax, [net_gateway]
   402 00003EDE 890560F6FFFF        <1>     mov [arp_cache_ip + 0], eax
   403 00003EE4 C605A9F6FFFF01      <1>     mov byte [arp_cache_valid + 0], 1
   404 00003EEB 488D3D72F6FFFF      <1>     lea rdi, [arp_cache_mac + 0]
   405 00003EF2 488D1D3FF6FFFF      <1>     lea rbx, [gateway_mac]
   406 00003EF9 B906000000          <1>     mov rcx, 6
   407                              <1> .seed_gw:
   408 00003EFE 8A03                <1>     mov al, [rbx]
   409 00003F00 8807                <1>     mov [rdi], al
   410 00003F02 48FFC3              <1>     inc rbx
   411 00003F05 48FFC7              <1>     inc rdi
   412 00003F08 48FFC9              <1>     dec rcx
   413 00003F0B 75F1                <1>     jnz .seed_gw
   414                              <1> 
   415                              <1>     ; Slot 1: DNS Server (10.0.2.3) -> 52:54:00:12:34:02
   416 00003F0D 8B0521F6FFFF        <1>     mov eax, [net_dns]
   417 00003F13 89052FF6FFFF        <1>     mov [arp_cache_ip + 4], eax
   418 00003F19 C60575F6FFFF01      <1>     mov byte [arp_cache_valid + 1], 1
   419 00003F20 488D3D43F6FFFF      <1>     lea rdi, [arp_cache_mac + 6]
   420 00003F27 488D1D0AF6FFFF      <1>     lea rbx, [gateway_mac]
   421 00003F2E B906000000          <1>     mov rcx, 6
   422                              <1> .seed_dns:
   423 00003F33 8A03                <1>     mov al, [rbx]
   424 00003F35 8807                <1>     mov [rdi], al
   425 00003F37 48FFC3              <1>     inc rbx
   426 00003F3A 48FFC7              <1>     inc rdi
   427 00003F3D 48FFC9              <1>     dec rcx
   428 00003F40 75F1                <1>     jnz .seed_dns
   429                              <1> 
   430 00003F42 5F                  <1>     pop rdi
   431 00003F43 59                  <1>     pop rcx
   432 00003F44 5B                  <1>     pop rbx
   433 00003F45 58                  <1>     pop rax
   434 00003F46 C3                  <1>     ret
   435                              <1> 
   436                              <1> ; ------------------------------------------------------------------------------
   437                              <1> ; arp_resolve: Resolves IPv4 address to Destination MAC address
   438                              <1> ; Input:  RSI = Pointer to 4-byte Target IPv4 address
   439                              <1> ;         RDI = Pointer to 6-byte buffer to store resolved MAC
   440                              <1> ; Output: RAX = 0 (Success), RAX = 1 (Failed/Timeout)
   441                              <1> ; ------------------------------------------------------------------------------
   442                              <1> arp_resolve:
   443 00003F47 53                  <1>     push rbx
   444 00003F48 51                  <1>     push rcx
   445 00003F49 52                  <1>     push rdx
   446 00003F4A 56                  <1>     push rsi
   447 00003F4B 57                  <1>     push rdi
   448 00003F4C 4154                <1>     push r12
   449                              <1> 
   450 00003F4E 8B06                <1>     mov eax, [rsi]              ; Target IP
   451                              <1> 
   452                              <1>     ; Fast path: If target is Gateway or DNS, route directly via Gateway MAC!
   453 00003F50 3B05D6F5FFFF        <1>     cmp eax, [net_gateway]
   454 00003F56 747D                <1>     je .use_gw_mac
   455 00003F58 3B05D6F5FFFF        <1>     cmp eax, [net_dns]
   456 00003F5E 7475                <1>     je .use_gw_mac
   457                              <1> 
   458                              <1>     ; If target is on a different subnet, route via Gateway MAC!
   459 00003F60 89C2                <1>     mov edx, eax
   460 00003F62 3315C0F5FFFF        <1>     xor edx, [net_ip]
   461 00003F68 2315C2F5FFFF        <1>     and edx, [net_netmask]
   462 00003F6E 7565                <1>     jnz .use_gw_mac
   463                              <1> 
   464                              <1>     ; Search local ARP cache
   465 00003F70 31C9                <1>     xor ecx, ecx
   466                              <1> .cache_search:
   467 00003F72 80B9[94350000]01    <1>     cmp byte [arp_cache_valid + rcx], 1
   468 00003F79 7509                <1>     jne .cache_next
   469 00003F7B 39048D[44350000]    <1>     cmp [arp_cache_ip + rcx * 4], eax
   470 00003F82 7464                <1>     je .cache_hit
   471                              <1> .cache_next:
   472 00003F84 FFC1                <1>     inc ecx
   473 00003F86 83F908              <1>     cmp ecx, ARP_CACHE_MAX
   474 00003F89 7CE7                <1>     jl .cache_search
   475                              <1> 
   476                              <1>     ; Not in cache -> send ARP Request and poll with timer ticks (~500ms)
   477 00003F8B E862FEFFFF          <1>     call arp_send_request
   478                              <1> 
   479 00003F90 488B059BD5FFFF      <1>     mov rax, [timer_ticks]
   480 00003F97 4883C00A            <1>     add rax, 10                 ; 10 ticks (~500ms)
   481 00003F9B 4989C4              <1>     mov r12, rax
   482                              <1> .poll_loop:
   483 00003F9E E89FF4FFFF          <1>     call net_poll
   484                              <1> 
   485                              <1>     ; Re-check cache
   486 00003FA3 31C9                <1>     xor ecx, ecx
   487                              <1> .recheck:
   488 00003FA5 80B9[94350000]01    <1>     cmp byte [arp_cache_valid + rcx], 1
   489 00003FAC 7509                <1>     jne .recheck_next
   490 00003FAE 39048D[44350000]    <1>     cmp [arp_cache_ip + rcx * 4], eax
   491 00003FB5 7431                <1>     je .cache_hit
   492                              <1> .recheck_next:
   493 00003FB7 FFC1                <1>     inc ecx
   494 00003FB9 83F908              <1>     cmp ecx, ARP_CACHE_MAX
   495 00003FBC 7CE7                <1>     jl .recheck
   496                              <1> 
   497                              <1>     ; Micro pause
   498 00003FBE B9E8030000          <1>     mov ecx, 1000
   499                              <1> .spin:
   500 00003FC3 F390                <1>     pause
   501 00003FC5 FFC9                <1>     dec ecx
   502 00003FC7 75FA                <1>     jnz .spin
   503                              <1> 
   504 00003FC9 488B0562D5FFFF      <1>     mov rax, [timer_ticks]
   505 00003FD0 4C39E0              <1>     cmp rax, r12
   506 00003FD3 72C9                <1>     jb .poll_loop
   507                              <1> 
   508                              <1> .use_gw_mac:
   509                              <1>     ; Fallback / Route via Gateway MAC
   510 00003FD5 488D355CF5FFFF      <1>     lea rsi, [gateway_mac]
   511 00003FDC B906000000          <1>     mov rcx, 6
   512 00003FE1 F3A4                <1>     rep movsb
   513 00003FE3 4831C0              <1>     xor rax, rax
   514 00003FE6 EB17                <1>     jmp .done
   515                              <1> 
   516                              <1> .cache_hit:
   517                              <1>     ; Found in slot ECX: copy MAC to RDI
   518 00003FE8 488D3575F5FFFF      <1>     lea rsi, [arp_cache_mac]
   519 00003FEF 6BC906              <1>     imul ecx, 6
   520 00003FF2 4801CE              <1>     add rsi, rcx
   521 00003FF5 B906000000          <1>     mov rcx, 6
   522 00003FFA F3A4                <1>     rep movsb
   523 00003FFC 4831C0              <1>     xor rax, rax
   524                              <1> 
   525                              <1> .done:
   526 00003FFF 415C                <1>     pop r12
   527 00004001 5F                  <1>     pop rdi
   528 00004002 5E                  <1>     pop rsi
   529 00004003 5A                  <1>     pop rdx
   530 00004004 59                  <1>     pop rcx
   531 00004005 5B                  <1>     pop rbx
   532 00004006 C3                  <1>     ret
   126                                  %include "ipv4.asm"
     1                              <1> ; ==============================================================================
     2                              <1> ; Antigravity OS - 64-bit IPv4 & ICMP (Ping) Network Protocol Engine
     3                              <1> ; Internet Checksum Calculation, Packet Encapsulation, and Echo Handling
     4                              <1> ; ==============================================================================
     5                              <1> 
     6                              <1> [bits 64]
     7                              <1> 
     8                              <1> IPV4_PROTO_ICMP     equ 1
     9                              <1> IPV4_PROTO_TCP      equ 6
    10                              <1> IPV4_PROTO_UDP      equ 17
    11                              <1> 
    12                              <1> ICMP_ECHO_REPLY     equ 0
    13                              <1> ICMP_ECHO_REQUEST   equ 8
    14                              <1> 
    15                              <1> ; State Variables
    16 00004007 0010                <1> ipv4_packet_id:     dw 0x1000
    17 00004009 00<rep 6h>          <1> resolved_dst_mac:   times 6 db 0
    18                              <1> 
    19                              <1> ; Ping State
    20 0000400F 00                  <1> ping_reply_rx:      db 0
    21 00004010 0000                <1> ping_reply_seq:     dw 0
    22 00004012 00                  <1> ping_reply_ttl:     db 0
    23 00004013 0000000000000000    <1> ping_start_tick:    dq 0
    24 0000401B 00<rep 4h>          <1> ping_target_ip:     times 4 db 0
    25                              <1> 
    26                              <1> ; Buffers
    27 0000401F 90                  <1> align 16
    28 00004020 00<rep 640h>        <1> ipv4_tx_buf:        times 1600 db 0
    29                              <1> align 16
    30 00004660 00<rep 80h>         <1> icmp_tx_buf:        times 128 db 0
    31                              <1> 
    32                              <1> ; Messages
    33 000046E0 50494E472000        <1> MSG_PING_HEADER:    db "PING ", 0
    34 000046E6 202835362064617461- <1> MSG_PING_BYTES:     db " (56 data bytes):", 0x0A, 0
    34 000046EF 206279746573293A0A- <1>
    34 000046F8 00                  <1>
    35 000046F9 363420627974657320- <1> MSG_PING_REPLY:     db "64 bytes from ", 0
    35 00004702 66726F6D2000        <1>
    36 00004708 3A2069636D705F7365- <1> MSG_PING_SEQ:       db ": icmp_seq=", 0
    36 00004711 713D00              <1>
    37 00004714 2074746C3D00        <1> MSG_PING_TTL:       db " ttl=", 0
    38 0000471A 2074696D653D00      <1> MSG_PING_TIME:      db " time=", 0
    39 00004721 206D730A00          <1> MSG_PING_MS:        db " ms", 0x0A, 0
    40 00004726 526571756573742074- <1> MSG_PING_TIMEOUT:   db "Request timed out.", 0x0A, 0
    40 0000472F 696D6564206F75742E- <1>
    40 00004738 0A00                <1>
    41                              <1> 
    42                              <1> ; ------------------------------------------------------------------------------
    43                              <1> ; net_checksum: Computes standard 16-bit 1's complement Internet Checksum
    44                              <1> ; Input:  RSI = Pointer to buffer, RCX = Length in bytes
    45                              <1> ; Output: AX  = 16-bit checksum
    46                              <1> ; ------------------------------------------------------------------------------
    47                              <1> net_checksum:
    48 0000473A 53                  <1>     push rbx
    49 0000473B 51                  <1>     push rcx
    50 0000473C 56                  <1>     push rsi
    51                              <1> 
    52 0000473D 31C0                <1>     xor eax, eax                ; EAX = 32-bit accumulator
    53 0000473F 48D1E9              <1>     shr rcx, 1                  ; Convert bytes to 16-bit word count
    54 00004742 740E                <1>     jz .check_odd
    55                              <1> 
    56                              <1> .word_loop:
    57 00004744 0FB71E              <1>     movzx ebx, word [rsi]
    58 00004747 01D8                <1>     add eax, ebx
    59 00004749 4883C602            <1>     add rsi, 2
    60 0000474D 48FFC9              <1>     dec rcx
    61 00004750 75F2                <1>     jnz .word_loop
    62                              <1> 
    63                              <1> .check_odd:
    64 00004752 5E                  <1>     pop rsi
    65 00004753 56                  <1>     push rsi
    66 00004754 59                  <1>     pop rcx
    67 00004755 51                  <1>     push rcx
    68 00004756 F6C101              <1>     test cl, 1
    69 00004759 740E                <1>     jz .fold
    70                              <1> 
    71                              <1>     ; Add final odd byte (padded with zero in low or high byte)
    72 0000475B 4883EC08            <1>     sub rsp, 8
    73 0000475F 5E                  <1>     pop rsi
    74 00004760 56                  <1>     push rsi
    75 00004761 56                  <1>     push rsi
    76                              <1>     ; Odd byte at end
    77 00004762 0FB65C0EFF          <1>     movzx ebx, byte [rsi + rcx - 1]
    78 00004767 01D8                <1>     add eax, ebx
    79                              <1> 
    80                              <1> .fold:
    81                              <1>     ; Fold 32-bit sum into 16 bits
    82 00004769 89C2                <1>     mov edx, eax
    83 0000476B C1EA10              <1>     shr edx, 16
    84 0000476E 25FFFF0000          <1>     and eax, 0xFFFF
    85 00004773 01D0                <1>     add eax, edx
    86                              <1> 
    87 00004775 89C2                <1>     mov edx, eax
    88 00004777 C1EA10              <1>     shr edx, 16
    89 0000477A 01D0                <1>     add eax, edx
    90                              <1> 
    91 0000477C 66F7D0              <1>     not ax                      ; 1's complement
    92                              <1> 
    93 0000477F 5E                  <1>     pop rsi
    94 00004780 59                  <1>     pop rcx
    95 00004781 5B                  <1>     pop rbx
    96 00004782 C3                  <1>     ret
    97                              <1> 
    98                              <1> ; ------------------------------------------------------------------------------
    99                              <1> ; ipv4_send_packet: Encapsulates transport payload into IPv4 packet & transmits
   100                              <1> ; Input:
   101                              <1> ;   RSI = Pointer to transport layer payload (ICMP, TCP, UDP)
   102                              <1> ;   RCX = Payload length in bytes
   103                              <1> ;   RDI = Pointer to 4-byte Destination IPv4 address
   104                              <1> ;   DL  = Protocol number (1=ICMP, 6=TCP, 17=UDP)
   105                              <1> ; ------------------------------------------------------------------------------
   106                              <1> ipv4_send_packet:
   107 00004783 50                  <1>     push rax
   108 00004784 53                  <1>     push rbx
   109 00004785 51                  <1>     push rcx
   110 00004786 52                  <1>     push rdx
   111 00004787 56                  <1>     push rsi
   112 00004788 57                  <1>     push rdi
   113 00004789 4150                <1>     push r8
   114 0000478B 4151                <1>     push r9
   115 0000478D 4152                <1>     push r10
   116 0000478F 4153                <1>     push r11
   117                              <1> 
   118 00004791 4989C8              <1>     mov r8, rcx                 ; R8 = Payload length
   119 00004794 4989F1              <1>     mov r9, rsi                 ; R9 = Payload pointer
   120 00004797 4188D2              <1>     mov r10b, dl                ; R10B = Protocol
   121 0000479A 4989FB              <1>     mov r11, rdi                ; R11 = Destination IP pointer
   122                              <1> 
   123                              <1>     ; 1. Build 20-byte IPv4 Header at ipv4_tx_buf
   124 0000479D 488D057CF8FFFF      <1>     lea rax, [ipv4_tx_buf]
   125                              <1> 
   126                              <1>     ; Version (4) + IHL (5) = 0x45
   127 000047A4 C60045              <1>     mov byte [rax + 0], 0x45
   128                              <1>     ; Type of Service = 0x00
   129 000047A7 C6400100            <1>     mov byte [rax + 1], 0x00
   130                              <1> 
   131                              <1>     ; Total Length (20 + payload_len) in Big Endian
   132 000047AB 4489C3              <1>     mov ebx, r8d
   133 000047AE 83C314              <1>     add ebx, 20
   134 000047B1 887802              <1>     mov byte [rax + 2], bh
   135 000047B4 885803              <1>     mov byte [rax + 3], bl
   136                              <1> 
   137                              <1>     ; Packet Identification
   138 000047B7 668B1D49F8FFFF      <1>     mov bx, [ipv4_packet_id]
   139 000047BE 66FF0542F8FFFF      <1>     inc word [ipv4_packet_id]
   140 000047C5 887804              <1>     mov byte [rax + 4], bh
   141 000047C8 885805              <1>     mov byte [rax + 5], bl
   142                              <1> 
   143                              <1>     ; Flags & Fragment Offset = 0x4000 (Don't Fragment)
   144 000047CB C6400640            <1>     mov byte [rax + 6], 0x40
   145 000047CF C6400700            <1>     mov byte [rax + 7], 0x00
   146                              <1> 
   147                              <1>     ; Time to Live (TTL) = 64
   148 000047D3 C6400840            <1>     mov byte [rax + 8], 64
   149                              <1> 
   150                              <1>     ; Protocol
   151 000047D7 44885009            <1>     mov byte [rax + 9], r10b
   152                              <1> 
   153                              <1>     ; Checksum = 0x0000 initially
   154 000047DB 66C7400A0000        <1>     mov word [rax + 10], 0
   155                              <1> 
   156                              <1>     ; Source IP (4 bytes from net_ip)
   157 000047E1 8B1D41EDFFFF        <1>     mov ebx, [net_ip]
   158 000047E7 89580C              <1>     mov [rax + 12], ebx
   159                              <1> 
   160                              <1>     ; Destination IP (4 bytes from [R11])
   161 000047EA 418B1B              <1>     mov ebx, [r11]
   162 000047ED 895810              <1>     mov [rax + 16], ebx
   163                              <1> 
   164                              <1>     ; Compute IPv4 Header Checksum
   165 000047F0 488D3529F8FFFF      <1>     lea rsi, [ipv4_tx_buf]
   166 000047F7 B914000000          <1>     mov rcx, 20
   167 000047FC E839FFFFFF          <1>     call net_checksum
   168 00004801 66890522F8FFFF      <1>     mov [ipv4_tx_buf + 10], ax  ; Write computed checksum into header
   169                              <1> 
   170                              <1>     ; 2. Copy payload to ipv4_tx_buf + 20
   171 00004808 488D3D25F8FFFF      <1>     lea rdi, [ipv4_tx_buf + 20]
   172 0000480F 4C89CE              <1>     mov rsi, r9
   173 00004812 4C89C1              <1>     mov rcx, r8
   174 00004815 F3A4                <1>     rep movsb
   175                              <1> 
   176                              <1>     ; 3. Resolve Destination MAC via ARP
   177 00004817 4C89DE              <1>     mov rsi, r11
   178 0000481A 488D3DE8F7FFFF      <1>     lea rdi, [resolved_dst_mac]
   179 00004821 E821F7FFFF          <1>     call arp_resolve
   180                              <1> 
   181                              <1>     ; 4. Send Ethernet Frame (Length = 20 + payload_len, EtherType = 0x0800)
   182 00004826 488D35F3F7FFFF      <1>     lea rsi, [ipv4_tx_buf]
   183 0000482D 4C89C1              <1>     mov rcx, r8
   184 00004830 4883C114            <1>     add rcx, 20
   185 00004834 488D3DCEF7FFFF      <1>     lea rdi, [resolved_dst_mac]
   186 0000483B 66BA0008            <1>     mov dx, ETHERTYPE_IPV4
   187 0000483F E8DCF3FFFF          <1>     call eth_send_frame
   188                              <1> 
   189 00004844 415B                <1>     pop r11
   190 00004846 415A                <1>     pop r10
   191 00004848 4159                <1>     pop r9
   192 0000484A 4158                <1>     pop r8
   193 0000484C 5F                  <1>     pop rdi
   194 0000484D 5E                  <1>     pop rsi
   195 0000484E 5A                  <1>     pop rdx
   196 0000484F 59                  <1>     pop rcx
   197 00004850 5B                  <1>     pop rbx
   198 00004851 58                  <1>     pop rax
   199 00004852 C3                  <1>     ret
   200                              <1> 
   201                              <1> ; ------------------------------------------------------------------------------
   202                              <1> ; ipv4_handle_packet: Decodes incoming IPv4 packet from Ethernet layer
   203                              <1> ; Input:
   204                              <1> ;   RSI = Pointer to IPv4 packet
   205                              <1> ;   RCX = Packet length
   206                              <1> ; ------------------------------------------------------------------------------
   207                              <1> ipv4_handle_packet:
   208 00004853 50                  <1>     push rax
   209 00004854 53                  <1>     push rbx
   210 00004855 51                  <1>     push rcx
   211 00004856 52                  <1>     push rdx
   212 00004857 56                  <1>     push rsi
   213 00004858 57                  <1>     push rdi
   214                              <1> 
   215 00004859 4883F914            <1>     cmp rcx, 20
   216 0000485D 726F                <1>     jb .drop
   217                              <1> 
   218                              <1>     ; Check Version == 4 (high nibble of byte 0)
   219 0000485F 8A06                <1>     mov al, [rsi]
   220 00004861 C0E804              <1>     shr al, 4
   221 00004864 3C04                <1>     cmp al, 4
   222 00004866 7566                <1>     jne .drop
   223                              <1> 
   224                              <1>     ; Calculate IHL (low nibble * 4)
   225 00004868 0FB61E              <1>     movzx ebx, byte [rsi]
   226 0000486B 83E30F              <1>     and ebx, 0x0F
   227 0000486E C1E302              <1>     shl ebx, 2                  ; EBX = header length in bytes
   228 00004871 83FB14              <1>     cmp ebx, 20
   229 00004874 7258                <1>     jb .drop
   230                              <1> 
   231                              <1>     ; Extract Total Length (Big Endian)
   232 00004876 0FB64602            <1>     movzx eax, byte [rsi + 2]
   233 0000487A C1E008              <1>     shl eax, 8
   234 0000487D 8A4603              <1>     mov al, [rsi + 3]
   235 00004880 4839C1              <1>     cmp rcx, rax
   236 00004883 7249                <1>     jb .drop                    ; Truncated packet
   237                              <1> 
   238                              <1>     ; Payload Length = Total Length - IHL
   239 00004885 29D8                <1>     sub eax, ebx
   240 00004887 4189C0              <1>     mov r8d, eax                ; R8D = Payload length
   241                              <1> 
   242                              <1>     ; Extract Protocol (byte 9)
   243 0000488A 0FB65609            <1>     movzx edx, byte [rsi + 9]
   244                              <1> 
   245                              <1>     ; Extract Source IP (RSI + 12) and Dest IP (RSI + 16)
   246 0000488E 488D7E0C            <1>     lea rdi, [rsi + 12]         ; RDI = Pointer to Source IP
   247                              <1> 
   248                              <1>     ; Save TTL (byte 8)
   249 00004892 8A4608              <1>     mov al, [rsi + 8]
   250 00004895 880577F7FFFF        <1>     mov [ping_reply_ttl], al
   251                              <1> 
   252                              <1>     ; Advance RSI to payload (RSI + IHL)
   253 0000489B 4801DE              <1>     add rsi, rbx
   254 0000489E 4C89C1              <1>     mov rcx, r8                 ; RCX = Payload length
   255                              <1> 
   256                              <1>     ; Dispatch based on Protocol
   257 000048A1 80FA01              <1>     cmp dl, IPV4_PROTO_ICMP
   258 000048A4 740C                <1>     je .handle_icmp
   259                              <1> 
   260 000048A6 80FA11              <1>     cmp dl, IPV4_PROTO_UDP
   261 000048A9 7411                <1>     je .handle_udp
   262                              <1> 
   263 000048AB 80FA06              <1>     cmp dl, IPV4_PROTO_TCP
   264 000048AE 7416                <1>     je .handle_tcp
   265                              <1> 
   266 000048B0 EB1C                <1>     jmp .drop
   267                              <1> 
   268                              <1> .handle_icmp:
   269 000048B2 4889FA              <1>     mov rdx, rdi                ; RDX = Source IP pointer
   270 000048B5 E81B000000          <1>     call icmp_handle_packet
   271 000048BA EB12                <1>     jmp .drop
   272                              <1> 
   273                              <1> .handle_udp:
   274 000048BC 4889FA              <1>     mov rdx, rdi                ; RDX = Source IP pointer
   275 000048BF E8920B0000          <1>     call udp_handle_packet
   276 000048C4 EB08                <1>     jmp .drop
   277                              <1> 
   278                              <1> .handle_tcp:
   279 000048C6 4889FA              <1>     mov rdx, rdi                ; RDX = Source IP pointer
   280 000048C9 E8862F0000          <1>     call tcp_handle_packet
   281                              <1> 
   282                              <1> .drop:
   283 000048CE 5F                  <1>     pop rdi
   284 000048CF 5E                  <1>     pop rsi
   285 000048D0 5A                  <1>     pop rdx
   286 000048D1 59                  <1>     pop rcx
   287 000048D2 5B                  <1>     pop rbx
   288 000048D3 58                  <1>     pop rax
   289 000048D4 C3                  <1>     ret
   290                              <1> 
   291                              <1> ; ------------------------------------------------------------------------------
   292                              <1> ; icmp_handle_packet: Processes incoming ICMP packets (Echo Request / Echo Reply)
   293                              <1> ; Input:
   294                              <1> ;   RSI = Pointer to ICMP header & payload
   295                              <1> ;   RCX = ICMP length
   296                              <1> ;   RDX = Pointer to 4-byte Source IPv4 address
   297                              <1> ; ------------------------------------------------------------------------------
   298                              <1> icmp_handle_packet:
   299 000048D5 50                  <1>     push rax
   300 000048D6 53                  <1>     push rbx
   301 000048D7 51                  <1>     push rcx
   302 000048D8 52                  <1>     push rdx
   303 000048D9 56                  <1>     push rsi
   304 000048DA 57                  <1>     push rdi
   305                              <1> 
   306 000048DB 4883F908            <1>     cmp rcx, 8
   307 000048DF 7270                <1>     jb .done
   308                              <1> 
   309 000048E1 8A06                <1>     mov al, [rsi + 0]           ; Type
   310 000048E3 8A5E01              <1>     mov bl, [rsi + 1]           ; Code
   311                              <1> 
   312                              <1>     ; Check for ICMP Echo Request (Type 8, Code 0)
   313 000048E6 3C08                <1>     cmp al, ICMP_ECHO_REQUEST
   314 000048E8 7406                <1>     je .reply_echo
   315                              <1> 
   316                              <1>     ; Check for ICMP Echo Reply (Type 0, Code 0)
   317 000048EA 3C00                <1>     cmp al, ICMP_ECHO_REPLY
   318 000048EC 744B                <1>     je .record_reply
   319                              <1> 
   320 000048EE EB61                <1>     jmp .done
   321                              <1> 
   322                              <1> .reply_echo:
   323                              <1>     ; Build Echo Reply: exactly copy packet, change Type to 0, recompute checksum
   324 000048F0 488D3D69FDFFFF      <1>     lea rdi, [icmp_tx_buf]
   325 000048F7 51                  <1>     push rcx
   326 000048F8 56                  <1>     push rsi
   327 000048F9 F3A4                <1>     rep movsb
   328 000048FB 5E                  <1>     pop rsi
   329 000048FC 59                  <1>     pop rcx
   330                              <1> 
   331                              <1>     ; Type = 0 (Echo Reply)
   332 000048FD C6055CFDFFFF00      <1>     mov byte [icmp_tx_buf + 0], ICMP_ECHO_REPLY
   333                              <1>     ; Zero out checksum before calculation
   334 00004904 66C70555FDFFFF0000  <1>     mov word [icmp_tx_buf + 2], 0
   335                              <1> 
   336                              <1>     ; Calculate new ICMP Checksum
   337 0000490D 56                  <1>     push rsi
   338 0000490E 51                  <1>     push rcx
   339 0000490F 52                  <1>     push rdx
   340 00004910 488D3549FDFFFF      <1>     lea rsi, [icmp_tx_buf]
   341 00004917 E81EFEFFFF          <1>     call net_checksum
   342 0000491C 6689053FFDFFFF      <1>     mov [icmp_tx_buf + 2], ax
   343 00004923 5A                  <1>     pop rdx
   344 00004924 59                  <1>     pop rcx
   345 00004925 5E                  <1>     pop rsi
   346                              <1> 
   347                              <1>     ; Send back via IPv4
   348 00004926 488D3533FDFFFF      <1>     lea rsi, [icmp_tx_buf]
   349 0000492D 4889D7              <1>     mov rdi, rdx                ; Dst IP = original Source IP
   350 00004930 B201                <1>     mov dl, IPV4_PROTO_ICMP
   351 00004932 E84CFEFFFF          <1>     call ipv4_send_packet
   352 00004937 EB18                <1>     jmp .done
   353                              <1> 
   354                              <1> .record_reply:
   355                              <1>     ; Extract sequence number (offset 6, Big Endian)
   356 00004939 0FB64606            <1>     movzx eax, byte [rsi + 6]
   357 0000493D C1E008              <1>     shl eax, 8
   358 00004940 8A4607              <1>     mov al, [rsi + 7]
   359 00004943 668905C6F6FFFF      <1>     mov [ping_reply_seq], ax
   360 0000494A C605BEF6FFFF01      <1>     mov byte [ping_reply_rx], 1
   361                              <1> 
   362                              <1> .done:
   363 00004951 5F                  <1>     pop rdi
   364 00004952 5E                  <1>     pop rsi
   365 00004953 5A                  <1>     pop rdx
   366 00004954 59                  <1>     pop rcx
   367 00004955 5B                  <1>     pop rbx
   368 00004956 58                  <1>     pop rax
   369 00004957 C3                  <1>     ret
   370                              <1> 
   371                              <1> ; ------------------------------------------------------------------------------
   372                              <1> ; vga_print_ip: Formats and prints a 4-byte IPv4 address (e.g. 10.0.2.15)
   373                              <1> ; Input: RSI = Pointer to 4-byte IP address
   374                              <1> ; ------------------------------------------------------------------------------
   375                              <1> vga_print_ip:
   376 00004958 50                  <1>     push rax
   377 00004959 51                  <1>     push rcx
   378 0000495A 56                  <1>     push rsi
   379                              <1> 
   380 0000495B 31C9                <1>     xor ecx, ecx
   381                              <1> .loop:
   382 0000495D 0FB6040E            <1>     movzx eax, byte [rsi + rcx]
   383 00004961 E80ABAFFFF          <1>     call vga_print_dec
   384 00004966 83F903              <1>     cmp ecx, 3
   385 00004969 740B                <1>     je .done
   386 0000496B B02E                <1>     mov al, '.'
   387 0000496D E801B8FFFF          <1>     call vga_print_char
   388 00004972 FFC1                <1>     inc ecx
   389 00004974 EBE7                <1>     jmp .loop
   390                              <1> 
   391                              <1> .done:
   392 00004976 5E                  <1>     pop rsi
   393 00004977 59                  <1>     pop rcx
   394 00004978 58                  <1>     pop rax
   395 00004979 C3                  <1>     ret
   396                              <1> 
   397                              <1> ; ------------------------------------------------------------------------------
   398                              <1> ; icmp_ping: Sends ICMP Echo Request to target IP and displays RTT response
   399                              <1> ; Input: RSI = Pointer to 4-byte Target IPv4 address
   400                              <1> ; ------------------------------------------------------------------------------
   401                              <1> icmp_ping:
   402 0000497A 50                  <1>     push rax
   403 0000497B 53                  <1>     push rbx
   404 0000497C 51                  <1>     push rcx
   405 0000497D 52                  <1>     push rdx
   406 0000497E 56                  <1>     push rsi
   407 0000497F 57                  <1>     push rdi
   408                              <1> 
   409 00004980 8B06                <1>     mov eax, [rsi]
   410 00004982 890593F6FFFF        <1>     mov [ping_target_ip], eax
   411                              <1> 
   412                              <1>     ; Print Header: "PING 10.0.2.2 (56 data bytes):"
   413 00004988 B30B                <1>     mov bl, COLOR_LIGHT_CYAN
   414 0000498A 488D354FFDFFFF      <1>     lea rsi, [MSG_PING_HEADER]
   415 00004991 E827B9FFFF          <1>     call vga_print_string_color
   416                              <1> 
   417 00004996 488D357EF6FFFF      <1>     lea rsi, [ping_target_ip]
   418 0000499D E8B6FFFFFF          <1>     call vga_print_ip
   419                              <1> 
   420 000049A2 488D353DFDFFFF      <1>     lea rsi, [MSG_PING_BYTES]
   421 000049A9 E80FB9FFFF          <1>     call vga_print_string_color
   422                              <1> 
   423                              <1>     ; Send 4 ping probes
   424 000049AE 41BC01000000        <1>     mov r12d, 1                 ; Sequence number (1 .. 4)
   425                              <1> 
   426                              <1> .ping_probe:
   427 000049B4 C60554F6FFFF00      <1>     mov byte [ping_reply_rx], 0
   428                              <1> 
   429                              <1>     ; Build ICMP Echo Request (Type 8, Code 0, ID 0x1234, Seq r12w, 32 bytes payload)
   430 000049BB 488D3D9EFCFFFF      <1>     lea rdi, [icmp_tx_buf]
   431 000049C2 C60708              <1>     mov byte [rdi + 0], ICMP_ECHO_REQUEST
   432 000049C5 C6470100            <1>     mov byte [rdi + 1], 0       ; Code 0
   433 000049C9 66C747020000        <1>     mov word [rdi + 2], 0       ; Checksum = 0
   434 000049CF 66C747041234        <1>     mov word [rdi + 4], 0x3412  ; Identifier
   435                              <1>     ; Sequence in Big Endian
   436 000049D5 C6470600            <1>     mov byte [rdi + 6], 0
   437 000049D9 44886707            <1>     mov byte [rdi + 7], r12b
   438                              <1> 
   439                              <1>     ; 32-byte test payload
   440 000049DD B844434241          <1>     mov eax, 0x41424344         ; "ABCD"
   441 000049E2 894708              <1>     mov [rdi + 8], eax
   442 000049E5 89470C              <1>     mov [rdi + 12], eax
   443 000049E8 894710              <1>     mov [rdi + 16], eax
   444 000049EB 894714              <1>     mov [rdi + 20], eax
   445 000049EE 894718              <1>     mov [rdi + 24], eax
   446 000049F1 89471C              <1>     mov [rdi + 28], eax
   447 000049F4 894720              <1>     mov [rdi + 32], eax
   448 000049F7 894724              <1>     mov [rdi + 36], eax
   449                              <1> 
   450                              <1>     ; Compute Checksum over 40 bytes (8 header + 32 payload)
   451 000049FA 488D355FFCFFFF      <1>     lea rsi, [icmp_tx_buf]
   452 00004A01 B928000000          <1>     mov rcx, 40
   453 00004A06 E82FFDFFFF          <1>     call net_checksum
   454 00004A0B 66890550FCFFFF      <1>     mov [icmp_tx_buf + 2], ax
   455                              <1> 
   456                              <1>     ; Record start ticks
   457 00004A12 488B0519CBFFFF      <1>     mov rax, [timer_ticks]
   458 00004A19 488905F3F5FFFF      <1>     mov [ping_start_tick], rax
   459                              <1> 
   460                              <1>     ; Send packet via IPv4
   461 00004A20 488D3539FCFFFF      <1>     lea rsi, [icmp_tx_buf]
   462 00004A27 B928000000          <1>     mov rcx, 40
   463 00004A2C 488D3DE8F5FFFF      <1>     lea rdi, [ping_target_ip]
   464 00004A33 B201                <1>     mov dl, IPV4_PROTO_ICMP
   465 00004A35 E849FDFFFF          <1>     call ipv4_send_packet
   466                              <1> 
   467                              <1>     ; Poll for reply (up to ~1000 ms timeout)
   468 00004A3A 488B05F1CAFFFF      <1>     mov rax, [timer_ticks]
   469 00004A41 4883C014            <1>     add rax, 20                 ; 20 ticks (~1 sec)
   470 00004A45 4989C5              <1>     mov r13, rax
   471                              <1> .wait_reply:
   472 00004A48 E8F5E9FFFF          <1>     call net_poll
   473 00004A4D 803DBBF5FFFF01      <1>     cmp byte [ping_reply_rx], 1
   474 00004A54 7424                <1>     je .got_reply
   475                              <1> 
   476                              <1>     ; Micro-delay
   477 00004A56 B9D0070000          <1>     mov ecx, 2000
   478                              <1> .spin:
   479 00004A5B F390                <1>     pause
   480 00004A5D FFC9                <1>     dec ecx
   481 00004A5F 75FA                <1>     jnz .spin
   482                              <1> 
   483 00004A61 4C392DCACAFFFF      <1>     cmp [timer_ticks], r13
   484 00004A68 72DE                <1>     jb .wait_reply
   485                              <1> 
   486                              <1>     ; Timeout!
   487 00004A6A B30C                <1>     mov bl, COLOR_LIGHT_RED
   488 00004A6C 488D35B3FCFFFF      <1>     lea rsi, [MSG_PING_TIMEOUT]
   489 00004A73 E845B8FFFF          <1>     call vga_print_string_color
   490 00004A78 EB7D                <1>     jmp .next_probe
   491                              <1> 
   492                              <1> .got_reply:
   493                              <1>     ; Print: "64 bytes from 10.0.2.2: icmp_seq=1 ttl=64 time=X ms"
   494 00004A7A 488D3578FCFFFF      <1>     lea rsi, [MSG_PING_REPLY]
   495 00004A81 E826B8FFFF          <1>     call vga_print_string
   496                              <1> 
   497 00004A86 488D358EF5FFFF      <1>     lea rsi, [ping_target_ip]
   498 00004A8D E8C6FEFFFF          <1>     call vga_print_ip
   499                              <1> 
   500 00004A92 488D356FFCFFFF      <1>     lea rsi, [MSG_PING_SEQ]
   501 00004A99 E80EB8FFFF          <1>     call vga_print_string
   502 00004A9E 0FB7056BF5FFFF      <1>     movzx eax, word [ping_reply_seq]
   503 00004AA5 E8C6B8FFFF          <1>     call vga_print_dec
   504                              <1> 
   505 00004AAA 488D3563FCFFFF      <1>     lea rsi, [MSG_PING_TTL]
   506 00004AB1 E8F6B7FFFF          <1>     call vga_print_string
   507 00004AB6 0FB60555F5FFFF      <1>     movzx eax, byte [ping_reply_ttl]
   508 00004ABD E8AEB8FFFF          <1>     call vga_print_dec
   509                              <1> 
   510 00004AC2 488D3551FCFFFF      <1>     lea rsi, [MSG_PING_TIME]
   511 00004AC9 E8DEB7FFFF          <1>     call vga_print_string
   512                              <1> 
   513                              <1>     ; Compute elapsed time (approx ms based on timer ticks)
   514 00004ACE 488B055DCAFFFF      <1>     mov rax, [timer_ticks]
   515 00004AD5 482B0537F5FFFF      <1>     sub rax, [ping_start_tick]
   516                              <1>     ; If < 1, display 1 ms
   517 00004ADC 83F801              <1>     cmp eax, 1
   518 00004ADF 7305                <1>     jae .show_ms
   519 00004AE1 B801000000          <1>     mov eax, 1
   520                              <1> .show_ms:
   521 00004AE6 E885B8FFFF          <1>     call vga_print_dec
   522                              <1> 
   523 00004AEB 488D352FFCFFFF      <1>     lea rsi, [MSG_PING_MS]
   524 00004AF2 E8B5B7FFFF          <1>     call vga_print_string
   525                              <1> 
   526                              <1> .next_probe:
   527 00004AF7 41FFC4              <1>     inc r12d
   528 00004AFA 4183FC04            <1>     cmp r12d, 4
   529 00004AFE 0F86B0FEFFFF        <1>     jbe .ping_probe
   530                              <1> 
   531 00004B04 5F                  <1>     pop rdi
   532 00004B05 5E                  <1>     pop rsi
   533 00004B06 5A                  <1>     pop rdx
   534 00004B07 59                  <1>     pop rcx
   535 00004B08 5B                  <1>     pop rbx
   536 00004B09 58                  <1>     pop rax
   537 00004B0A C3                  <1>     ret
   538                              <1> 
   539                              <1> ; ------------------------------------------------------------------------------
   540                              <1> ; net_parse_ip: Parses dotted-decimal IPv4 string (e.g. "10.0.2.15") into 4 bytes
   541                              <1> ; Input:
   542                              <1> ;   RSI = Pointer to null-terminated or space-terminated ASCII string
   543                              <1> ;   RDI = Pointer to 4-byte buffer to receive IP address
   544                              <1> ; Output:
   545                              <1> ;   RAX = 0 on Success, 1 on Error (invalid format or octet > 255)
   546                              <1> ;   RSI = Advanced past parsed IP string
   547                              <1> ; ------------------------------------------------------------------------------
   548                              <1> net_parse_ip:
   549 00004B0B 53                  <1>     push rbx
   550 00004B0C 51                  <1>     push rcx
   551 00004B0D 52                  <1>     push rdx
   552 00004B0E 4150                <1>     push r8
   553                              <1> 
   554 00004B10 4989F8              <1>     mov r8, rdi                 ; R8 = output destination
   555 00004B13 31C9                <1>     xor ecx, ecx                ; ECX = octet counter (0 .. 3)
   556                              <1> 
   557                              <1> .octet_loop:
   558 00004B15 31D2                <1>     xor edx, edx                ; EDX = octet accumulator
   559 00004B17 31DB                <1>     xor ebx, ebx                ; EBX = digit count for this octet
   560                              <1> 
   561                              <1> .digit_loop:
   562 00004B19 8A06                <1>     mov al, [rsi]
   563 00004B1B 3C30                <1>     cmp al, '0'
   564 00004B1D 721D                <1>     jb .digit_done
   565 00004B1F 3C39                <1>     cmp al, '9'
   566 00004B21 7719                <1>     ja .digit_done
   567                              <1> 
   568                              <1>     ; Digit found
   569 00004B23 2C30                <1>     sub al, '0'
   570 00004B25 0FB6C0              <1>     movzx eax, al
   571 00004B28 6BD20A              <1>     imul edx, 10
   572 00004B2B 01C2                <1>     add edx, eax
   573 00004B2D 81FAFF000000        <1>     cmp edx, 255
   574 00004B33 7725                <1>     ja .error                   ; Octet overflow (> 255)
   575                              <1> 
   576 00004B35 48FFC6              <1>     inc rsi
   577 00004B38 FFC3                <1>     inc ebx
   578 00004B3A EBDD                <1>     jmp .digit_loop
   579                              <1> 
   580                              <1> .digit_done:
   581                              <1>     ; Must have parsed at least 1 digit
   582 00004B3C 85DB                <1>     test ebx, ebx
   583 00004B3E 741A                <1>     jz .error
   584                              <1> 
   585                              <1>     ; Save octet byte
   586 00004B40 41881408            <1>     mov [r8 + rcx], dl
   587 00004B44 FFC1                <1>     inc ecx
   588 00004B46 83F904              <1>     cmp ecx, 4
   589 00004B49 740A                <1>     je .done_check
   590                              <1> 
   591                              <1>     ; Expect '.' delimiter
   592 00004B4B 803E2E              <1>     cmp byte [rsi], '.'
   593 00004B4E 750A                <1>     jne .error
   594 00004B50 48FFC6              <1>     inc rsi                     ; Skip '.'
   595 00004B53 EBC0                <1>     jmp .octet_loop
   596                              <1> 
   597                              <1> .done_check:
   598 00004B55 4831C0              <1>     xor rax, rax                ; Success
   599 00004B58 EB05                <1>     jmp .exit
   600                              <1> 
   601                              <1> .error:
   602 00004B5A B801000000          <1>     mov rax, 1
   603                              <1> 
   604                              <1> .exit:
   605 00004B5F 4158                <1>     pop r8
   606 00004B61 5A                  <1>     pop rdx
   607 00004B62 59                  <1>     pop rcx
   608 00004B63 5B                  <1>     pop rbx
   609 00004B64 C3                  <1>     ret
   610                              <1> 
   127                                  %include "udp.asm"
     1                              <1> ; ==============================================================================
     2                              <1> ; Antigravity OS - 64-bit User Datagram Protocol (UDP) & DNS Resolver Engine
     3                              <1> ; RFC 768 UDP Transport & RFC 1035 Domain Name System (DNS) Client
     4                              <1> ; ==============================================================================
     5                              <1> 
     6                              <1> [bits 64]
     7                              <1> 
     8                              <1> UDP_PORT_DNS        equ 53
     9                              <1> UDP_SRC_PORT_DNS    equ 53530
    10                              <1> 
    11                              <1> ; State Variables
    12 00004B65 4242                <1> dns_query_id:       dw 0x4242
    13 00004B67 00                  <1> dns_resolved_flag:  db 0
    14 00004B68 00<rep 4h>          <1> dns_resolved_ip:    times 4 db 0
    15                              <1> 
    16                              <1> ; Buffers
    17 00004B6C 90<rep 4h>          <1> align 16
    18 00004B70 00<rep 5DCh>        <1> udp_tx_buf:         times 1500 db 0
    19 0000514C 90<rep 4h>          <1> align 16
    20 00005150 00<rep 200h>        <1> dns_query_buf:      times 512 db 0
    21                              <1> 
    22                              <1> ; Strings & Messages
    23 00005350 5265736F6C76696E67- <1> MSG_DNS_RESOLVING:  db "Resolving ", 0
    23 00005359 2000                <1>
    24 0000535B 2076696120444E5320- <1> MSG_DNS_VIA:        db " via DNS server ", 0
    24 00005364 7365727665722000    <1>
    25 0000536C 2E2E2E2000          <1> MSG_DNS_DOTS:       db "... ", 0
    26 00005371 4F4B0A202041646472- <1> MSG_DNS_SUCCESS:    db "OK", 0x0A, "  Address: ", 0
    26 0000537A 6573733A2000        <1>
    27 00005380 54494D454F55540A5B- <1> MSG_DNS_TIMEOUT:    db "TIMEOUT", 0x0A, "[DNS] Error: Name resolution timed out.", 0x0A, 0
    27 00005389 444E535D204572726F- <1>
    27 00005392 723A204E616D652072- <1>
    27 0000539B 65736F6C7574696F6E- <1>
    27 000053A4 2074696D6564206F75- <1>
    27 000053AD 742E0A00            <1>
    28 000053B1 4641494C45440A5B44- <1> MSG_DNS_NOT_FOUND:  db "FAILED", 0x0A, "[DNS] Error: Host not found (NXDOMAIN).", 0x0A, 0
    28 000053BA 4E535D204572726F72- <1>
    28 000053C3 3A20486F7374206E6F- <1>
    28 000053CC 7420666F756E642028- <1>
    28 000053D5 4E58444F4D41494E29- <1>
    28 000053DE 2E0A00              <1>
    29                              <1> 
    30                              <1> ; ------------------------------------------------------------------------------
    31                              <1> ; udp_send_packet: Encapsulates UDP payload and transmits via IPv4
    32                              <1> ; Input:
    33                              <1> ;   RSI = Pointer to UDP payload
    34                              <1> ;   RCX = Payload length in bytes
    35                              <1> ;   RDI = Pointer to 4-byte Destination IPv4 address
    36                              <1> ;   DX  = Source Port (Host Order, 16-bit)
    37                              <1> ;   R8W = Destination Port (Host Order, 16-bit)
    38                              <1> ; Output:
    39                              <1> ;   RAX = 0 on success, 1 on error
    40                              <1> ; ------------------------------------------------------------------------------
    41                              <1> udp_send_packet:
    42 000053E1 53                  <1>     push rbx
    43 000053E2 51                  <1>     push rcx
    44 000053E3 52                  <1>     push rdx
    45 000053E4 56                  <1>     push rsi
    46 000053E5 57                  <1>     push rdi
    47 000053E6 4150                <1>     push r8
    48 000053E8 4151                <1>     push r9
    49 000053EA 4152                <1>     push r10
    50 000053EC 4153                <1>     push r11
    51                              <1> 
    52 000053EE 4989F1              <1>     mov r9, rsi                 ; R9 = Payload pointer
    53 000053F1 4989CA              <1>     mov r10, rcx                ; R10 = Payload length
    54 000053F4 4989FB              <1>     mov r11, rdi                ; R11 = Destination IP pointer
    55                              <1> 
    56                              <1>     ; Build 8-byte UDP Header at udp_tx_buf
    57 000053F7 488D0572F7FFFF      <1>     lea rax, [udp_tx_buf]
    58                              <1> 
    59                              <1>     ; 1. Source Port (Big Endian)
    60 000053FE 8830                <1>     mov byte [rax + 0], dh
    61 00005400 885001              <1>     mov byte [rax + 1], dl
    62                              <1> 
    63                              <1>     ; 2. Destination Port (Big Endian)
    64 00005403 664489C3            <1>     mov bx, r8w
    65 00005407 887802              <1>     mov byte [rax + 2], bh
    66 0000540A 885803              <1>     mov byte [rax + 3], bl
    67                              <1> 
    68                              <1>     ; 3. Length = 8 + payload length (Big Endian)
    69 0000540D 664489D3            <1>     mov bx, r10w
    70 00005411 6683C308            <1>     add bx, 8
    71 00005415 887804              <1>     mov byte [rax + 4], bh
    72 00005418 885805              <1>     mov byte [rax + 5], bl
    73                              <1> 
    74                              <1>     ; 4. Checksum = 0x0000 (Optional in IPv4 UDP)
    75 0000541B 66C740060000        <1>     mov word [rax + 6], 0
    76                              <1> 
    77                              <1>     ; 5. Copy payload to udp_tx_buf + 8
    78 00005421 488D3D50F7FFFF      <1>     lea rdi, [udp_tx_buf + 8]
    79 00005428 4C89CE              <1>     mov rsi, r9
    80 0000542B 4C89D1              <1>     mov rcx, r10
    81 0000542E F3A4                <1>     rep movsb
    82                              <1> 
    83                              <1>     ; 6. Send via IPv4 Layer
    84                              <1>     ; Total UDP packet length = 8 + payload length
    85 00005430 4C89D1              <1>     mov rcx, r10
    86 00005433 4883C108            <1>     add rcx, 8
    87 00005437 488D3532F7FFFF      <1>     lea rsi, [udp_tx_buf]
    88 0000543E 4C89DF              <1>     mov rdi, r11                ; Destination IP
    89 00005441 B211                <1>     mov dl, IPV4_PROTO_UDP      ; Protocol 17
    90 00005443 E83BF3FFFF          <1>     call ipv4_send_packet
    91                              <1> 
    92 00005448 415B                <1>     pop r11
    93 0000544A 415A                <1>     pop r10
    94 0000544C 4159                <1>     pop r9
    95 0000544E 4158                <1>     pop r8
    96 00005450 5F                  <1>     pop rdi
    97 00005451 5E                  <1>     pop rsi
    98 00005452 5A                  <1>     pop rdx
    99 00005453 59                  <1>     pop rcx
   100 00005454 5B                  <1>     pop rbx
   101 00005455 C3                  <1>     ret
   102                              <1> 
   103                              <1> ; ------------------------------------------------------------------------------
   104                              <1> ; udp_handle_packet: Processes incoming UDP packet from IPv4 layer
   105                              <1> ; Input:
   106                              <1> ;   RSI = Pointer to UDP packet (header + payload)
   107                              <1> ;   RCX = Packet length
   108                              <1> ;   RDX = Pointer to 4-byte Source IPv4 address
   109                              <1> ; ------------------------------------------------------------------------------
   110                              <1> udp_handle_packet:
   111 00005456 50                  <1>     push rax
   112 00005457 53                  <1>     push rbx
   113 00005458 51                  <1>     push rcx
   114 00005459 52                  <1>     push rdx
   115 0000545A 56                  <1>     push rsi
   116 0000545B 57                  <1>     push rdi
   117                              <1> 
   118                              <1>     ; Minimum UDP header size is 8 bytes
   119 0000545C 4883F908            <1>     cmp rcx, 8
   120 00005460 722F                <1>     jb .done
   121                              <1> 
   122                              <1>     ; Extract Source Port (Big Endian -> Host Order)
   123 00005462 0FB606              <1>     movzx eax, byte [rsi + 0]
   124 00005465 C1E008              <1>     shl eax, 8
   125 00005468 8A4601              <1>     mov al, [rsi + 1]
   126                              <1> 
   127                              <1>     ; Extract Destination Port (Big Endian -> Host Order)
   128 0000546B 0FB65E02            <1>     movzx ebx, byte [rsi + 2]
   129 0000546F C1E308              <1>     shl ebx, 8
   130 00005472 8A5E03              <1>     mov bl, [rsi + 3]
   131                              <1> 
   132                              <1>     ; Check if this is a DNS response destined for our query port (53530)
   133                              <1>     ; or originating from DNS server port 53
   134 00005475 81FB1AD10000        <1>     cmp ebx, UDP_SRC_PORT_DNS
   135 0000547B 7407                <1>     je .handle_dns
   136 0000547D 83F835              <1>     cmp eax, UDP_PORT_DNS
   137 00005480 7402                <1>     je .handle_dns
   138                              <1> 
   139 00005482 EB0D                <1>     jmp .done
   140                              <1> 
   141                              <1> .handle_dns:
   142                              <1>     ; Advance RSI to DNS payload (skip 8-byte UDP header)
   143 00005484 4883C608            <1>     add rsi, 8
   144 00005488 4883E908            <1>     sub rcx, 8
   145 0000548C E840010000          <1>     call dns_handle_response
   146                              <1> 
   147                              <1> .done:
   148 00005491 5F                  <1>     pop rdi
   149 00005492 5E                  <1>     pop rsi
   150 00005493 5A                  <1>     pop rdx
   151 00005494 59                  <1>     pop rcx
   152 00005495 5B                  <1>     pop rbx
   153 00005496 58                  <1>     pop rax
   154 00005497 C3                  <1>     ret
   155                              <1> 
   156                              <1> ; ------------------------------------------------------------------------------
   157                              <1> ; dns_encode_qname: Encodes ASCII domain (e.g. "google.com") into DNS QNAME format
   158                              <1> ; Input:
   159                              <1> ;   RSI = Pointer to null-terminated domain string
   160                              <1> ;   RDI = Destination buffer
   161                              <1> ; Output:
   162                              <1> ;   RDI = Advanced past terminating zero byte
   163                              <1> ;   RAX = Number of bytes written
   164                              <1> ; ------------------------------------------------------------------------------
   165                              <1> dns_encode_qname:
   166 00005498 53                  <1>     push rbx
   167 00005499 51                  <1>     push rcx
   168 0000549A 52                  <1>     push rdx
   169 0000549B 56                  <1>     push rsi
   170                              <1> 
   171 0000549C 4989F8              <1>     mov r8, rdi                 ; R8 = Start of output
   172 0000549F 31D2                <1>     xor edx, edx                ; EDX = Bytes written
   173                              <1> 
   174                              <1> .new_label:
   175 000054A1 4989F9              <1>     mov r9, rdi                 ; R9 = Pointer to label length byte
   176 000054A4 48FFC7              <1>     inc rdi                     ; Reserve byte for length
   177 000054A7 FFC2                <1>     inc edx
   178 000054A9 31C9                <1>     xor ecx, ecx                ; ECX = Label character count
   179                              <1> 
   180                              <1> .char_loop:
   181 000054AB AC                  <1>     lodsb                       ; AL = [RSI++]
   182 000054AC 84C0                <1>     test al, al
   183 000054AE 7410                <1>     jz .end_of_domain
   184 000054B0 3C2E                <1>     cmp al, '.'
   185 000054B2 7407                <1>     je .end_of_label
   186                              <1> 
   187 000054B4 AA                  <1>     stosb                       ; Store char into [RDI++]
   188 000054B5 FFC2                <1>     inc edx
   189 000054B7 FFC1                <1>     inc ecx
   190 000054B9 EBF0                <1>     jmp .char_loop
   191                              <1> 
   192                              <1> .end_of_label:
   193                              <1>     ; Write label length into length slot
   194 000054BB 418809              <1>     mov [r9], cl
   195 000054BE EBE1                <1>     jmp .new_label
   196                              <1> 
   197                              <1> .end_of_domain:
   198                              <1>     ; Write last label length
   199 000054C0 418809              <1>     mov [r9], cl
   200                              <1>     ; Write terminating zero byte
   201 000054C3 30C0                <1>     xor al, al
   202 000054C5 AA                  <1>     stosb
   203 000054C6 FFC2                <1>     inc edx
   204                              <1> 
   205 000054C8 89D0                <1>     mov eax, edx                ; RAX = Total bytes written
   206 000054CA 5E                  <1>     pop rsi
   207 000054CB 5A                  <1>     pop rdx
   208 000054CC 59                  <1>     pop rcx
   209 000054CD 5B                  <1>     pop rbx
   210 000054CE C3                  <1>     ret
   211                              <1> 
   212                              <1> ; ------------------------------------------------------------------------------
   213                              <1> ; dns_resolve: Resolves a domain name to an IPv4 address via DNS over UDP
   214                              <1> ; Input:
   215                              <1> ;   RSI = Pointer to null-terminated domain name (e.g. "google.com")
   216                              <1> ;   RDI = Pointer to 4-byte buffer to store resolved IPv4 address
   217                              <1> ; Output:
   218                              <1> ;   RAX = 0 on Success, 1 on Timeout / Failure
   219                              <1> ;   [RDI] = 4-byte resolved IP address
   220                              <1> ; ------------------------------------------------------------------------------
   221                              <1> dns_resolve:
   222 000054CF 53                  <1>     push rbx
   223 000054D0 51                  <1>     push rcx
   224 000054D1 52                  <1>     push rdx
   225 000054D2 56                  <1>     push rsi
   226 000054D3 57                  <1>     push rdi
   227 000054D4 4154                <1>     push r12
   228 000054D6 4155                <1>     push r13
   229 000054D8 4156                <1>     push r14
   230                              <1> 
   231 000054DA 4989F4              <1>     mov r12, rsi                ; R12 = Domain string
   232 000054DD 4989FD              <1>     mov r13, rdi                ; R13 = Output IP buffer
   233                              <1> 
   234                              <1>     ; Reset resolved state
   235 000054E0 C60580F6FFFF00      <1>     mov byte [dns_resolved_flag], 0
   236 000054E7 C70577F6FFFF000000- <1>     mov dword [dns_resolved_ip], 0
   236 000054F0 00                  <1>
   237                              <1> 
   238                              <1>     ; Increment query ID
   239 000054F1 66FF056DF6FFFF      <1>     inc word [dns_query_id]
   240                              <1> 
   241                              <1>     ; 1. Build DNS Query Header in dns_query_buf (12 bytes)
   242 000054F8 488D0551FCFFFF      <1>     lea rax, [dns_query_buf]
   243                              <1> 
   244                              <1>     ; Transaction ID (Big Endian)
   245 000054FF 668B1D5FF6FFFF      <1>     mov bx, [dns_query_id]
   246 00005506 8838                <1>     mov byte [rax + 0], bh
   247 00005508 885801              <1>     mov byte [rax + 1], bl
   248                              <1> 
   249                              <1>     ; Flags = 0x0100 (Standard Query, Recursion Desired)
   250 0000550B C6400201            <1>     mov byte [rax + 2], 0x01
   251 0000550F C6400300            <1>     mov byte [rax + 3], 0x00
   252                              <1> 
   253                              <1>     ; QDCOUNT = 1 (1 Question)
   254 00005513 C6400400            <1>     mov byte [rax + 4], 0x00
   255 00005517 C6400501            <1>     mov byte [rax + 5], 0x01
   256                              <1> 
   257                              <1>     ; ANCOUNT = 0
   258 0000551B C6400600            <1>     mov byte [rax + 6], 0x00
   259 0000551F C6400700            <1>     mov byte [rax + 7], 0x00
   260                              <1> 
   261                              <1>     ; NSCOUNT = 0
   262 00005523 C6400800            <1>     mov byte [rax + 8], 0x00
   263 00005527 C6400900            <1>     mov byte [rax + 9], 0x00
   264                              <1> 
   265                              <1>     ; ARCOUNT = 0
   266 0000552B C6400A00            <1>     mov byte [rax + 10], 0x00
   267 0000552F C6400B00            <1>     mov byte [rax + 11], 0x00
   268                              <1> 
   269                              <1>     ; 2. Build Question Section: QNAME
   270 00005533 488D3D22FCFFFF      <1>     lea rdi, [dns_query_buf + 12]
   271 0000553A 4C89E6              <1>     mov rsi, r12
   272 0000553D E856FFFFFF          <1>     call dns_encode_qname       ; Encodes domain, returns RAX = length, RDI advanced
   273                              <1> 
   274                              <1>     ; Append QTYPE = 0x0001 (Type A: IPv4 Address)
   275 00005542 C60700              <1>     mov byte [rdi + 0], 0x00
   276 00005545 C6470101            <1>     mov byte [rdi + 1], 0x01
   277                              <1> 
   278                              <1>     ; Append QCLASS = 0x0001 (Class IN: Internet)
   279 00005549 C6470200            <1>     mov byte [rdi + 2], 0x00
   280 0000554D C6470301            <1>     mov byte [rdi + 3], 0x01
   281 00005551 4883C704            <1>     add rdi, 4
   282                              <1> 
   283                              <1>     ; Calculate total DNS query length: RDI - dns_query_buf
   284 00005555 488D1DF4FBFFFF      <1>     lea rbx, [dns_query_buf]
   285 0000555C 4829DF              <1>     sub rdi, rbx
   286 0000555F 4889F9              <1>     mov rcx, rdi                ; RCX = Query length
   287                              <1> 
   288                              <1>     ; 3. Send DNS Query via UDP to net_dns (10.0.2.3) on port 53
   289 00005562 488D35E7FBFFFF      <1>     lea rsi, [dns_query_buf]
   290 00005569 488D3DC4DFFFFF      <1>     lea rdi, [net_dns]
   291 00005570 66BA1AD1            <1>     mov dx, UDP_SRC_PORT_DNS    ; Source port 53530
   292 00005574 6641B83500          <1>     mov r8w, UDP_PORT_DNS       ; Destination port 53
   293 00005579 E863FEFFFF          <1>     call udp_send_packet
   294                              <1> 
   295                              <1>     ; 4. Poll for response with timeout (~2.5 sec = 45 ticks)
   296 0000557E 488B05ADBFFFFF      <1>     mov rax, [timer_ticks]
   297 00005585 4883C02D            <1>     add rax, 45
   298 00005589 4989C6              <1>     mov r14, rax
   299                              <1> .poll_loop:
   300 0000558C E8B1DEFFFF          <1>     call net_poll
   301                              <1> 
   302 00005591 803DCFF5FFFF01      <1>     cmp byte [dns_resolved_flag], 1
   303 00005598 741E                <1>     je .success
   304                              <1> 
   305                              <1>     ; Tiny spin delay
   306 0000559A B9D0070000          <1>     mov ecx, 2000
   307                              <1> .spin:
   308 0000559F F390                <1>     pause
   309 000055A1 FFC9                <1>     dec ecx
   310 000055A3 75FA                <1>     jnz .spin
   311                              <1> 
   312 000055A5 488B0586BFFFFF      <1>     mov rax, [timer_ticks]
   313 000055AC 4C39F0              <1>     cmp rax, r14
   314 000055AF 72DB                <1>     jb .poll_loop
   315                              <1> 
   316                              <1>     ; Timeout!
   317 000055B1 B801000000          <1>     mov rax, 1
   318 000055B6 EB0D                <1>     jmp .exit
   319                              <1> 
   320                              <1> .success:
   321                              <1>     ; Copy resolved IP (4 bytes) to user buffer at [R13]
   322 000055B8 8B05AAF5FFFF        <1>     mov eax, [dns_resolved_ip]
   323 000055BE 41894500            <1>     mov [r13], eax
   324 000055C2 4831C0              <1>     xor rax, rax                ; Success = 0
   325                              <1> 
   326                              <1> .exit:
   327 000055C5 415E                <1>     pop r14
   328 000055C7 415D                <1>     pop r13
   329 000055C9 415C                <1>     pop r12
   330 000055CB 5F                  <1>     pop rdi
   331 000055CC 5E                  <1>     pop rsi
   332 000055CD 5A                  <1>     pop rdx
   333 000055CE 59                  <1>     pop rcx
   334 000055CF 5B                  <1>     pop rbx
   335 000055D0 C3                  <1>     ret
   336                              <1> 
   337                              <1> ; ------------------------------------------------------------------------------
   338                              <1> ; dns_handle_response: Decodes incoming DNS response packet
   339                              <1> ; Input:
   340                              <1> ;   RSI = Pointer to DNS response payload
   341                              <1> ;   RCX = Length of DNS response
   342                              <1> ; ------------------------------------------------------------------------------
   343                              <1> dns_handle_response:
   344 000055D1 50                  <1>     push rax
   345 000055D2 53                  <1>     push rbx
   346 000055D3 51                  <1>     push rcx
   347 000055D4 52                  <1>     push rdx
   348 000055D5 56                  <1>     push rsi
   349 000055D6 57                  <1>     push rdi
   350 000055D7 4150                <1>     push r8
   351 000055D9 4151                <1>     push r9
   352 000055DB 4152                <1>     push r10
   353                              <1> 
   354                              <1>     ; DNS header is at least 12 bytes
   355 000055DD 4883F90C            <1>     cmp rcx, 12
   356 000055E1 0F8234010000        <1>     jb .drop
   357                              <1> 
   358                              <1>     ; Check Transaction ID
   359 000055E7 8A06                <1>     mov al, [rsi + 0]
   360 000055E9 8A6601              <1>     mov ah, [rsi + 1]
   361 000055EC 86C4                <1>     xchg al, ah
   362 000055EE 663B0570F5FFFF      <1>     cmp ax, [dns_query_id]
   363 000055F5 0F8520010000        <1>     jne .drop
   364                              <1> 
   365                              <1>     ; Check QR bit (Bit 15 must be 1 = Response)
   366 000055FB F6460280            <1>     test byte [rsi + 2], 0x80
   367 000055FF 0F8416010000        <1>     jz .drop
   368                              <1> 
   369                              <1>     ; Check RCODE (Bits 3-0 of byte 3 must be 0 = No Error)
   370 00005605 8A4603              <1>     mov al, [rsi + 3]
   371 00005608 240F                <1>     and al, 0x0F
   372 0000560A 0F850B010000        <1>     jnz .drop                   ; Error (NXDOMAIN, ServFail, etc.)
   373                              <1> 
   374                              <1>     ; Extract Answer Count ANCOUNT (bytes 6-7, Big Endian)
   375 00005610 440FB65606          <1>     movzx r10d, byte [rsi + 6]
   376 00005615 41C1E208            <1>     shl r10d, 8
   377 00005619 448A5607            <1>     mov r10b, [rsi + 7]
   378 0000561D 4585D2              <1>     test r10d, r10d
   379 00005620 0F84F5000000        <1>     jz .drop                    ; 0 answers
   380                              <1> 
   381                              <1>     ; Advance past 12-byte header
   382 00005626 4883C60C            <1>     add rsi, 12
   383 0000562A 4883E90C            <1>     sub rcx, 12
   384                              <1> 
   385                              <1>     ; Skip Question Section: QNAME
   386                              <1> .skip_qname:
   387 0000562E 4883F901            <1>     cmp rcx, 1
   388 00005632 0F82E3000000        <1>     jb .drop
   389 00005638 0FB606              <1>     movzx eax, byte [rsi]
   390 0000563B 84C0                <1>     test al, al
   391 0000563D 742B                <1>     jz .end_qname
   392                              <1>     ; Check if compressed pointer (high 2 bits = 11)
   393 0000563F 3CC0                <1>     cmp al, 0xC0
   394 00005641 7313                <1>     jae .skip_ptr
   395                              <1> 
   396                              <1>     ; Normal label: advance by (len + 1)
   397 00005643 FFC0                <1>     inc eax
   398 00005645 4839C1              <1>     cmp rcx, rax
   399 00005648 0F82CD000000        <1>     jb .drop
   400 0000564E 4801C6              <1>     add rsi, rax
   401 00005651 4829C1              <1>     sub rcx, rax
   402 00005654 EBD8                <1>     jmp .skip_qname
   403                              <1> 
   404                              <1> .skip_ptr:
   405 00005656 4883F902            <1>     cmp rcx, 2
   406 0000565A 0F82BB000000        <1>     jb .drop
   407 00005660 4883C602            <1>     add rsi, 2
   408 00005664 4883E902            <1>     sub rcx, 2
   409 00005668 EB06                <1>     jmp .skip_qtype
   410                              <1> 
   411                              <1> .end_qname:
   412 0000566A 48FFC6              <1>     inc rsi
   413 0000566D 48FFC9              <1>     dec rcx
   414                              <1> 
   415                              <1> .skip_qtype:
   416                              <1>     ; Skip QTYPE (2 bytes) + QCLASS (2 bytes) = 4 bytes
   417 00005670 4883F904            <1>     cmp rcx, 4
   418 00005674 0F82A1000000        <1>     jb .drop
   419 0000567A 4883C604            <1>     add rsi, 4
   420 0000567E 4883E904            <1>     sub rcx, 4
   421                              <1> 
   422                              <1>     ; Parse Answer Section (up to R10 answers)
   423                              <1> .parse_answers:
   424 00005682 4585D2              <1>     test r10d, r10d
   425 00005685 0F8490000000        <1>     jz .drop
   426                              <1> 
   427                              <1>     ; Parse Name (compressed pointer or label sequence)
   428 0000568B 4883F902            <1>     cmp rcx, 2
   429 0000568F 0F8286000000        <1>     jb .drop
   430 00005695 8A06                <1>     mov al, [rsi]
   431 00005697 3CC0                <1>     cmp al, 0xC0
   432 00005699 731E                <1>     jae .ans_ptr
   433                              <1> 
   434                              <1>     ; Label sequence
   435                              <1> .ans_label:
   436 0000569B 0FB606              <1>     movzx eax, byte [rsi]
   437 0000569E 84C0                <1>     test al, al
   438 000056A0 740F                <1>     jz .ans_label_end
   439 000056A2 FFC0                <1>     inc eax
   440 000056A4 4839C1              <1>     cmp rcx, rax
   441 000056A7 7272                <1>     jb .drop
   442 000056A9 4801C6              <1>     add rsi, rax
   443 000056AC 4829C1              <1>     sub rcx, rax
   444 000056AF EBEA                <1>     jmp .ans_label
   445                              <1> 
   446                              <1> .ans_label_end:
   447 000056B1 48FFC6              <1>     inc rsi
   448 000056B4 48FFC9              <1>     dec rcx
   449 000056B7 EB08                <1>     jmp .check_rr
   450                              <1> 
   451                              <1> .ans_ptr:
   452 000056B9 4883C602            <1>     add rsi, 2
   453 000056BD 4883E902            <1>     sub rcx, 2
   454                              <1> 
   455                              <1> .check_rr:
   456                              <1>     ; Standard Resource Record Header:
   457                              <1>     ; TYPE (2 bytes) + CLASS (2 bytes) + TTL (4 bytes) + RDLENGTH (2 bytes) = 10 bytes
   458 000056C1 4883F90A            <1>     cmp rcx, 10
   459 000056C5 7254                <1>     jb .drop
   460                              <1> 
   461                              <1>     ; Read TYPE (Big Endian)
   462 000056C7 0FB606              <1>     movzx eax, byte [rsi + 0]
   463 000056CA C1E008              <1>     shl eax, 8
   464 000056CD 8A4601              <1>     mov al, [rsi + 1]
   465                              <1> 
   466                              <1>     ; Read RDLENGTH (Big Endian)
   467 000056D0 440FB64E08          <1>     movzx r9d, byte [rsi + 8]
   468 000056D5 41C1E108            <1>     shl r9d, 8
   469 000056D9 448A4E09            <1>     mov r9b, [rsi + 9]
   470                              <1> 
   471                              <1>     ; Advance past RR header (10 bytes)
   472 000056DD 4883C60A            <1>     add rsi, 10
   473 000056E1 4883E90A            <1>     sub rcx, 10
   474                              <1> 
   475                              <1>     ; Check if TYPE == 1 (Type A: IPv4) and RDLENGTH == 4
   476 000056E5 6683F801            <1>     cmp ax, 1
   477 000056E9 751D                <1>     jne .skip_rdata
   478                              <1> 
   479 000056EB 4183F904            <1>     cmp r9d, 4
   480 000056EF 7517                <1>     jne .skip_rdata
   481                              <1> 
   482                              <1>     ; Found IPv4 Address! Copy 4 bytes into dns_resolved_ip
   483 000056F1 4883F904            <1>     cmp rcx, 4
   484 000056F5 7224                <1>     jb .drop
   485 000056F7 8B06                <1>     mov eax, [rsi]
   486 000056F9 890569F4FFFF        <1>     mov [dns_resolved_ip], eax
   487 000056FF C60561F4FFFF01      <1>     mov byte [dns_resolved_flag], 1
   488 00005706 EB13                <1>     jmp .drop                   ; Successfully captured!
   489                              <1> 
   490                              <1> .skip_rdata:
   491                              <1>     ; Skip RDATA of length R9D
   492 00005708 4C39C9              <1>     cmp rcx, r9
   493 0000570B 720E                <1>     jb .drop
   494 0000570D 4C01CE              <1>     add rsi, r9
   495 00005710 4C29C9              <1>     sub rcx, r9
   496 00005713 41FFCA              <1>     dec r10d
   497 00005716 E967FFFFFF          <1>     jmp .parse_answers
   498                              <1> 
   499                              <1> .drop:
   500 0000571B 415A                <1>     pop r10
   501 0000571D 4159                <1>     pop r9
   502 0000571F 4158                <1>     pop r8
   503 00005721 5F                  <1>     pop rdi
   504 00005722 5E                  <1>     pop rsi
   505 00005723 5A                  <1>     pop rdx
   506 00005724 59                  <1>     pop rcx
   507 00005725 5B                  <1>     pop rbx
   508 00005726 58                  <1>     pop rax
   509 00005727 C3                  <1>     ret
   128                                  %include "tcp.asm"
     1                              <1> ; ==============================================================================
     2                              <1> ; Antigravity OS - 64-bit Transmission Control Protocol (TCP) Engine
     3                              <1> ; RFC 793 Transmission Control Protocol, HTTP Client & Bare-Metal Web Server
     4                              <1> ; ==============================================================================
     5                              <1> 
     6                              <1> [bits 64]
     7                              <1> 
     8                              <1> ; TCP Header Flags
     9                              <1> TCP_FLAG_FIN        equ 0x01
    10                              <1> TCP_FLAG_SYN        equ 0x02
    11                              <1> TCP_FLAG_RST        equ 0x04
    12                              <1> TCP_FLAG_PSH        equ 0x08
    13                              <1> TCP_FLAG_ACK        equ 0x10
    14                              <1> TCP_FLAG_URG        equ 0x20
    15                              <1> 
    16                              <1> ; TCP Connection States
    17                              <1> TCP_STATE_CLOSED        equ 0
    18                              <1> TCP_STATE_LISTEN        equ 1
    19                              <1> TCP_STATE_SYN_SENT      equ 2
    20                              <1> TCP_STATE_SYN_RCVD      equ 3
    21                              <1> TCP_STATE_ESTABLISHED   equ 4
    22                              <1> TCP_STATE_FIN_WAIT_1    equ 5
    23                              <1> TCP_STATE_FIN_WAIT_2    equ 6
    24                              <1> TCP_STATE_CLOSE_WAIT    equ 7
    25                              <1> TCP_STATE_LAST_ACK      equ 8
    26                              <1> TCP_STATE_TIME_WAIT     equ 9
    27                              <1> 
    28                              <1> ; State Variables
    29 00005728 00                  <1> tcp_active_state:       db TCP_STATE_CLOSED
    30 00005729 00                  <1> tcp_is_server:          db 0
    31 0000572A 0000                <1> tcp_local_port:         dw 0
    32 0000572C 0000                <1> tcp_remote_port:        dw 0
    33 0000572E 00000000            <1> tcp_remote_ip:          dd 0
    34                              <1> 
    35                              <1> ; Sequence and Acknowledgment Numbers (Host Order)
    36 00005732 00000000            <1> tcp_my_seq:             dd 0
    37 00005736 00000000            <1> tcp_my_ack:             dd 0
    38                              <1> 
    39                              <1> ; Flags for Event Notification
    40 0000573A 00                  <1> tcp_data_rx_flag:       db 0
    41 0000573B 0000                <1> tcp_data_rx_len:        dw 0
    42 0000573D 00                  <1> tcp_fin_received:       db 0
    43 0000573E 00                  <1> tcp_reset_received:     db 0
    44 0000573F 00                  <1> tcp_connection_closed:  db 0
    45                              <1> 
    46                              <1> ; Buffers
    47                              <1> align 16
    48                              <1> ; Buffer layout: [0..11] Pseudo-header, [12..31] TCP header, [32..] Payload
    49 00005740 00<rep 800h>        <1> tcp_tx_packet:          times 2048 db 0
    50                              <1> align 16
    51 00005F40 00<rep 1000h>       <1> tcp_rx_buf:             times 4096 db 0
    52                              <1> align 16
    53 00006F40 00<rep 200h>        <1> http_req_buf:           times 512 db 0
    54                              <1> 
    55                              <1> ; Server HTTP Response Content
    56                              <1> HTTP_SERVER_RESP:
    57 00007140 485454502F312E3020- <1>     db "HTTP/1.0 200 OK", 0x0D, 0x0A
    57 00007149 323030204F4B0D0A    <1>
    58 00007151 5365727665723A2041- <1>     db "Server: AntigravityOS-x86_64", 0x0D, 0x0A
    58 0000715A 6E7469677261766974- <1>
    58 00007163 794F532D7838365F36- <1>
    58 0000716C 340D0A              <1>
    59 0000716F 436F6E74656E742D54- <1>     db "Content-Type: text/html; charset=utf-8", 0x0D, 0x0A
    59 00007178 7970653A2074657874- <1>
    59 00007181 2F68746D6C3B206368- <1>
    59 0000718A 61727365743D757466- <1>
    59 00007193 2D380D0A            <1>
    60 00007197 436F6E6E656374696F- <1>     db "Connection: close", 0x0D, 0x0A, 0x0D, 0x0A
    60 000071A0 6E3A20636C6F73650D- <1>
    60 000071A9 0A0D0A              <1>
    61 000071AC 3C21444F4354595045- <1>     db "<!DOCTYPE html>", 0x0A
    61 000071B5 2068746D6C3E0A      <1>
    62 000071BC 3C68746D6C3E3C6865- <1>     db "<html><head><title>Antigravity OS Web Server</title>", 0x0A
    62 000071C5 61643E3C7469746C65- <1>
    62 000071CE 3E416E746967726176- <1>
    62 000071D7 697479204F53205765- <1>
    62 000071E0 62205365727665723C- <1>
    62 000071E9 2F7469746C653E0A    <1>
    63 000071F1 3C7374796C653E0A    <1>     db "<style>", 0x0A
    64 000071F9 626F6479207B206261- <1>     db "body { background: #0a0e17; color: #00ffcc; font-family: monospace; padding: 40px; }", 0x0A
    64 00007202 636B67726F756E643A- <1>
    64 0000720B 20233061306531373B- <1>
    64 00007214 20636F6C6F723A2023- <1>
    64 0000721D 3030666663633B2066- <1>
    64 00007226 6F6E742D66616D696C- <1>
    64 0000722F 793A206D6F6E6F7370- <1>
    64 00007238 6163653B2070616464- <1>
    64 00007241 696E673A2034307078- <1>
    64 0000724A 3B207D0A            <1>
    65 0000724E 6831207B20636F6C6F- <1>     db "h1 { color: #38bdf8; text-shadow: 0 0 10px rgba(56,189,248,0.5); }", 0x0A
    65 00007257 723A20233338626466- <1>
    65 00007260 383B20746578742D73- <1>
    65 00007269 6861646F773A203020- <1>
    65 00007272 302031307078207267- <1>
    65 0000727B 62612835362C313839- <1>
    65 00007284 2C3234382C302E3529- <1>
    65 0000728D 3B207D0A            <1>
    66 00007291 2E63617264207B2062- <1>     db ".card { background: #131d2e; border: 1px solid #1e293b; border-radius: 8px; padding: 20px; margin: 20px 0; }", 0x0A
    66 0000729A 61636B67726F756E64- <1>
    66 000072A3 3A2023313331643265- <1>
    66 000072AC 3B20626F726465723A- <1>
    66 000072B5 2031707820736F6C69- <1>
    66 000072BE 642023316532393362- <1>
    66 000072C7 3B20626F726465722D- <1>
    66 000072D0 7261646975733A2038- <1>
    66 000072D9 70783B207061646469- <1>
    66 000072E2 6E673A20323070783B- <1>
    66 000072EB 206D617267696E3A20- <1>
    66 000072F4 3230707820303B207D- <1>
    66 000072FD 0A                  <1>
    67 000072FE 2E6261646765207B20- <1>     db ".badge { background: #0284c7; color: #fff; padding: 3px 8px; border-radius: 4px; font-weight: bold; }", 0x0A
    67 00007307 6261636B67726F756E- <1>
    67 00007310 643A20233032383463- <1>
    67 00007319 373B20636F6C6F723A- <1>
    67 00007322 20236666663B207061- <1>
    67 0000732B 6464696E673A203370- <1>
    67 00007334 78203870783B20626F- <1>
    67 0000733D 726465722D72616469- <1>
    67 00007346 75733A203470783B20- <1>
    67 0000734F 666F6E742D77656967- <1>
    67 00007358 68743A20626F6C643B- <1>
    67 00007361 207D0A              <1>
    68 00007364 6C69207B206D617267- <1>     db "li { margin: 8px 0; }", 0x0A
    68 0000736D 696E3A203870782030- <1>
    68 00007376 3B207D0A            <1>
    69 0000737A 3C2F7374796C653E3C- <1>     db "</style></head><body>", 0x0A
    69 00007383 2F686561643E3C626F- <1>
    69 0000738C 64793E0A            <1>
    70 00007390 3C68313E3D3D3D2041- <1>     db "<h1>=== Antigravity OS ===</h1>", 0x0A
    70 00007399 6E7469677261766974- <1>
    70 000073A2 79204F53203D3D3D3C- <1>
    70 000073AB 2F68313E0A          <1>
    71 000073B0 3C703E3C7370616E20- <1>     db "<p><span class='badge'>AMD64 / x86_64</span> Bare-Metal Long Mode Operating System</p>", 0x0A
    71 000073B9 636C6173733D276261- <1>
    71 000073C2 646765273E414D4436- <1>
    71 000073CB 34202F207838365F36- <1>
    71 000073D4 343C2F7370616E3E20- <1>
    71 000073DD 426172652D4D657461- <1>
    71 000073E6 6C204C6F6E67204D6F- <1>
    71 000073EF 6465204F7065726174- <1>
    71 000073F8 696E67205379737465- <1>
    71 00007401 6D3C2F703E0A        <1>
    72 00007407 3C64697620636C6173- <1>     db "<div class='card'>", 0x0A
    72 00007410 733D2763617264273E- <1>
    72 00007419 0A                  <1>
    73 0000741A 3C68333E4E6574776F- <1>     db "<h3>Network Subsystem Status</h3>", 0x0A
    73 00007423 726B20537562737973- <1>
    73 0000742C 74656D205374617475- <1>
    73 00007435 733C2F68333E0A      <1>
    74 0000743C 3C756C3E0A          <1>     db "<ul>", 0x0A
    75 00007441 3C6C693E3C623E4E49- <1>     db "<li><b>NIC:</b> Realtek RTL8139 Fast Ethernet PCI (BAR0 0xC000)</li>", 0x0A
    75 0000744A 433A3C2F623E205265- <1>
    75 00007453 616C74656B2052544C- <1>
    75 0000745C 383133392046617374- <1>
    75 00007465 2045746865726E6574- <1>
    75 0000746E 205043492028424152- <1>
    75 00007477 302030784330303029- <1>
    75 00007480 3C2F6C693E0A        <1>
    76 00007486 3C6C693E3C623E4950- <1>     db "<li><b>IP Address:</b> 10.0.2.15 (QEMU SLIRP)</li>", 0x0A
    76 0000748F 20416464726573733A- <1>
    76 00007498 3C2F623E2031302E30- <1>
    76 000074A1 2E322E313520285145- <1>
    76 000074AA 4D5520534C49525029- <1>
    76 000074B3 3C2F6C693E0A        <1>
    77 000074B9 3C6C693E3C623E4761- <1>     db "<li><b>Gateway:</b> 10.0.2.2</li>", 0x0A
    77 000074C2 74657761793A3C2F62- <1>
    77 000074CB 3E2031302E302E322E- <1>
    77 000074D4 323C2F6C693E0A      <1>
    78 000074DB 3C6C693E3C623E5374- <1>     db "<li><b>Stack:</b> Pure x86_64 NASM (Ethernet, ARP, IPv4, ICMP, UDP, TCP, HTTP)</li>", 0x0A
    78 000074E4 61636B3A3C2F623E20- <1>
    78 000074ED 50757265207838365F- <1>
    78 000074F6 3634204E41534D2028- <1>
    78 000074FF 45746865726E65742C- <1>
    78 00007508 204152502C20495076- <1>
    78 00007511 342C2049434D502C20- <1>
    78 0000751A 5544502C205443502C- <1>
    78 00007523 2048545450293C2F6C- <1>
    78 0000752C 693E0A              <1>
    79 0000752F 3C2F756C3E0A        <1>     db "</ul>", 0x0A
    80 00007535 3C2F6469763E0A      <1>     db "</div>", 0x0A
    81 0000753C 3C703E3C693E536572- <1>     db "<p><i>Served directly from pure x86_64 assembly running on bare metal!</i></p>", 0x0A
    81 00007545 766564206469726563- <1>
    81 0000754E 746C792066726F6D20- <1>
    81 00007557 70757265207838365F- <1>
    81 00007560 363420617373656D62- <1>
    81 00007569 6C792072756E6E696E- <1>
    81 00007572 67206F6E2062617265- <1>
    81 0000757B 206D6574616C213C2F- <1>
    81 00007584 693E3C2F703E0A      <1>
    82 0000758B 3C2F626F64793E3C2F- <1>     db "</body></html>", 0x0A, 0
    82 00007594 68746D6C3E0A00      <1>
    83                              <1> HTTP_SERVER_RESP_LEN equ ($ - HTTP_SERVER_RESP - 1)
    84                              <1> 
    85                              <1> ; Messages
    86 0000759B 436F6E6E656374696E- <1> MSG_TCP_CONNECTING: db "Connecting to ", 0
    86 000075A4 6720746F2000        <1>
    87 000075AA 206F6E20706F727420- <1> MSG_TCP_PORT_STR:   db " on port ", 0
    87 000075B3 00                  <1>
    88 000075B4 205B434F4E4E454354- <1> MSG_TCP_CONNECTED:  db " [CONNECTED]", 0x0A, 0
    88 000075BD 45445D0A00          <1>
    89 000075C2 5B4552524F525D2043- <1> MSG_TCP_TIMEOUT:    db "[ERROR] Connection timed out.", 0x0A, 0
    89 000075CB 6F6E6E656374696F6E- <1>
    89 000075D4 2074696D6564206F75- <1>
    89 000075DD 742E0A00            <1>
    90 000075E1 53656E64696E672048- <1> MSG_TCP_SENDING:    db "Sending HTTP GET request...", 0x0A, 0
    90 000075EA 545450204745542072- <1>
    90 000075F3 6571756573742E2E2E- <1>
    90 000075FC 0A00                <1>
    91 000075FE 0A5B5443505D20436F- <1> MSG_TCP_CLOSED:     db 0x0A, "[TCP] Connection closed by remote host.", 0x0A, 0
    91 00007607 6E6E656374696F6E20- <1>
    91 00007610 636C6F736564206279- <1>
    91 00007619 2072656D6F74652068- <1>
    91 00007622 6F73742E0A00        <1>
    92 00007628 3D3D3D20416E746967- <1> MSG_TCP_SERVER_ON:  db "=== Antigravity OS Bare-Metal HTTP Web Server ===", 0x0A
    92 00007631 726176697479204F53- <1>
    92 0000763A 20426172652D4D6574- <1>
    92 00007643 616C20485454502057- <1>
    92 0000764C 656220536572766572- <1>
    92 00007655 203D3D3D0A          <1>
    93 0000765A 5B5443505D204C6973- <1>                     db "[TCP] Listening on port 80 (accessible from host at http://localhost:8888)", 0x0A
    93 00007663 74656E696E67206F6E- <1>
    93 0000766C 20706F727420383020- <1>
    93 00007675 286163636573736962- <1>
    93 0000767E 6C652066726F6D2068- <1>
    93 00007687 6F7374206174206874- <1>
    93 00007690 74703A2F2F6C6F6361- <1>
    93 00007699 6C686F73743A383838- <1>
    93 000076A2 38290A              <1>
    94 000076A5 5B5443505D20507265- <1>                     db "[TCP] Press 'q' or Esc to stop server.", 0x0A, 0x0A, 0
    94 000076AE 737320277127206F72- <1>
    94 000076B7 2045736320746F2073- <1>
    94 000076C0 746F70207365727665- <1>
    94 000076C9 722E0A0A00          <1>
    95 000076CE 5B5443505D20496E63- <1> MSG_TCP_INCOMING:   db "[TCP] Incoming connection from ", 0
    95 000076D7 6F6D696E6720636F6E- <1>
    95 000076E0 6E656374696F6E2066- <1>
    95 000076E9 726F6D2000          <1>
    96 000076EE 5B485454505D205765- <1> MSG_TCP_SERVED:     db "[HTTP] Webpage served successfully. Ready for next request.", 0x0A, 0
    96 000076F7 627061676520736572- <1>
    96 00007700 766564207375636365- <1>
    96 00007709 737366756C6C792E20- <1>
    96 00007712 526561647920666F72- <1>
    96 0000771B 206E65787420726571- <1>
    96 00007724 756573742E0A00      <1>
    97 0000772B 0A5B5443505D205765- <1> MSG_TCP_STOPPED:    db 0x0A, "[TCP] Web server stopped.", 0x0A, 0
    97 00007734 622073657276657220- <1>
    97 0000773D 73746F707065642E0A- <1>
    97 00007746 00                  <1>
    98                              <1> 
    99                              <1> ; ------------------------------------------------------------------------------
   100                              <1> ; tcp_send_segment: Builds TCP segment with pseudo-header checksum & transmits
   101                              <1> ; Input:
   102                              <1> ;   RSI = Pointer to payload data (or 0 if no payload)
   103                              <1> ;   RCX = Payload length in bytes
   104                              <1> ;   AL  = TCP Flags (e.g. TCP_FLAG_SYN, TCP_FLAG_ACK, TCP_FLAG_PSH, TCP_FLAG_FIN)
   105                              <1> ; ------------------------------------------------------------------------------
   106                              <1> tcp_send_segment:
   107 00007747 53                  <1>     push rbx
   108 00007748 51                  <1>     push rcx
   109 00007749 52                  <1>     push rdx
   110 0000774A 56                  <1>     push rsi
   111 0000774B 57                  <1>     push rdi
   112 0000774C 4150                <1>     push r8
   113 0000774E 4151                <1>     push r9
   114 00007750 4152                <1>     push r10
   115 00007752 4153                <1>     push r11
   116                              <1> 
   117 00007754 4989CA              <1>     mov r10, rcx                ; R10 = Payload length
   118 00007757 4989F3              <1>     mov r11, rsi                ; R11 = Payload pointer
   119 0000775A 4188C0              <1>     mov r8b, al                 ; R8B = Flags
   120                              <1> 
   121                              <1>     ; 1. Build 12-byte IPv4 Pseudo-Header at tcp_tx_packet + 0
   122 0000775D 488D05DCDFFFFF      <1>     lea rax, [tcp_tx_packet]
   123                              <1> 
   124                              <1>     ; Source IP (4 bytes from net_ip)
   125 00007764 8B1DBEBDFFFF        <1>     mov ebx, [net_ip]
   126 0000776A 8918                <1>     mov [rax + 0], ebx
   127                              <1> 
   128                              <1>     ; Destination IP (4 bytes from tcp_remote_ip)
   129 0000776C 8B1DBCDFFFFF        <1>     mov ebx, [tcp_remote_ip]
   130 00007772 895804              <1>     mov [rax + 4], ebx
   131                              <1> 
   132                              <1>     ; Reserved (0x00)
   133 00007775 C6400800            <1>     mov byte [rax + 8], 0
   134                              <1> 
   135                              <1>     ; Protocol (6 = TCP)
   136 00007779 C6400906            <1>     mov byte [rax + 9], IPV4_PROTO_TCP
   137                              <1> 
   138                              <1>     ; TCP Length = 20 + payload_length (Big Endian)
   139 0000777D 664489D3            <1>     mov bx, r10w
   140 00007781 6683C314            <1>     add bx, 20
   141 00007785 88780A              <1>     mov byte [rax + 10], bh
   142 00007788 88580B              <1>     mov byte [rax + 11], bl
   143                              <1> 
   144                              <1>     ; 2. Build 20-byte TCP Header at tcp_tx_packet + 12
   145                              <1>     ; Source Port (Big Endian)
   146 0000778B 668B1D98DFFFFF      <1>     mov bx, [tcp_local_port]
   147 00007792 88780C              <1>     mov byte [rax + 12], bh
   148 00007795 88580D              <1>     mov byte [rax + 13], bl
   149                              <1> 
   150                              <1>     ; Destination Port (Big Endian)
   151 00007798 668B1D8DDFFFFF      <1>     mov bx, [tcp_remote_port]
   152 0000779F 88780E              <1>     mov byte [rax + 14], bh
   153 000077A2 88580F              <1>     mov byte [rax + 15], bl
   154                              <1> 
   155                              <1>     ; Sequence Number (Host Order -> Big Endian)
   156 000077A5 8B1D87DFFFFF        <1>     mov ebx, [tcp_my_seq]
   157 000077AB 0FCB                <1>     bswap ebx
   158 000077AD 895810              <1>     mov [rax + 16], ebx
   159                              <1> 
   160                              <1>     ; Acknowledgment Number (Host Order -> Big Endian)
   161 000077B0 8B1D80DFFFFF        <1>     mov ebx, [tcp_my_ack]
   162 000077B6 0FCB                <1>     bswap ebx
   163 000077B8 895814              <1>     mov [rax + 20], ebx
   164                              <1> 
   165                              <1>     ; Data Offset (5 = 20 bytes -> 0x50) + Reserved (0)
   166 000077BB C6401850            <1>     mov byte [rax + 24], 0x50
   167                              <1> 
   168                              <1>     ; TCP Flags
   169 000077BF 44884019            <1>     mov byte [rax + 25], r8b
   170                              <1> 
   171                              <1>     ; Window Size = 16384 (0x4000 in Big Endian)
   172 000077C3 C6401A40            <1>     mov byte [rax + 26], 0x40
   173 000077C7 C6401B00            <1>     mov byte [rax + 27], 0x00
   174                              <1> 
   175                              <1>     ; Checksum = 0 initially
   176 000077CB 66C7401C0000        <1>     mov word [rax + 28], 0
   177                              <1> 
   178                              <1>     ; Urgent Pointer = 0
   179 000077D1 66C7401E0000        <1>     mov word [rax + 30], 0
   180                              <1> 
   181                              <1>     ; 3. Copy Payload to tcp_tx_packet + 32 (if length > 0)
   182 000077D7 4D85D2              <1>     test r10, r10
   183 000077DA 7414                <1>     jz .no_payload
   184 000077DC 4D85DB              <1>     test r11, r11
   185 000077DF 740F                <1>     jz .no_payload
   186                              <1> 
   187 000077E1 488D3D78DFFFFF      <1>     lea rdi, [tcp_tx_packet + 32]
   188 000077E8 4C89DE              <1>     mov rsi, r11
   189 000077EB 4C89D1              <1>     mov rcx, r10
   190 000077EE F3A4                <1>     rep movsb
   191                              <1> 
   192                              <1> .no_payload:
   193                              <1>     ; Calculate total length for checksum = 12 (pseudo) + 20 (tcp) + payload_len
   194 000077F0 4C89D1              <1>     mov rcx, r10
   195 000077F3 4883C120            <1>     add rcx, 32
   196                              <1> 
   197                              <1>     ; Pad odd byte with zero for clean checksum calculation
   198 000077F7 48F7C101000000      <1>     test rcx, 1
   199 000077FE 740E                <1>     jz .do_csum
   200 00007800 488D3D39DFFFFF      <1>     lea rdi, [tcp_tx_packet]
   201 00007807 C6040F00            <1>     mov byte [rdi + rcx], 0
   202 0000780B 48FFC1              <1>     inc rcx
   203                              <1> 
   204                              <1> .do_csum:
   205                              <1>     ; Calculate checksum over pseudo-header + TCP header + payload
   206 0000780E 488D352BDFFFFF      <1>     lea rsi, [tcp_tx_packet]
   207 00007815 E820CFFFFF          <1>     call net_checksum
   208                              <1> 
   209                              <1>     ; If computed checksum is 0x0000, RFC specifies sending 0xFFFF
   210 0000781A 6685C0              <1>     test ax, ax
   211 0000781D 7504                <1>     jnz .store_csum
   212 0000781F 66B8FFFF            <1>     mov ax, 0xFFFF
   213                              <1> 
   214                              <1> .store_csum:
   215                              <1>     ; Write checksum into TCP Header (offset 12 + 16 = 28)
   216 00007823 66890532DFFFFF      <1>     mov [tcp_tx_packet + 28], ax
   217                              <1> 
   218                              <1>     ; 4. Transmit TCP Segment via IPv4 Layer
   219                              <1>     ; Payload for IPv4 = TCP Header (20 bytes) + TCP Payload (r10 bytes)
   220 0000782A 488D351BDFFFFF      <1>     lea rsi, [tcp_tx_packet + 12]
   221 00007831 4C89D1              <1>     mov rcx, r10
   222 00007834 4883C114            <1>     add rcx, 20
   223 00007838 488D3DEFDEFFFF      <1>     lea rdi, [tcp_remote_ip]
   224 0000783F B206                <1>     mov dl, IPV4_PROTO_TCP
   225 00007841 E83DCFFFFF          <1>     call ipv4_send_packet
   226                              <1> 
   227 00007846 415B                <1>     pop r11
   228 00007848 415A                <1>     pop r10
   229 0000784A 4159                <1>     pop r9
   230 0000784C 4158                <1>     pop r8
   231 0000784E 5F                  <1>     pop rdi
   232 0000784F 5E                  <1>     pop rsi
   233 00007850 5A                  <1>     pop rdx
   234 00007851 59                  <1>     pop rcx
   235 00007852 5B                  <1>     pop rbx
   236 00007853 C3                  <1>     ret
   237                              <1> 
   238                              <1> ; ------------------------------------------------------------------------------
   239                              <1> ; tcp_handle_packet: Dispatches incoming TCP packet from IPv4 layer
   240                              <1> ; Input:
   241                              <1> ;   RSI = Pointer to TCP packet (Header + Payload)
   242                              <1> ;   RCX = Packet length
   243                              <1> ;   RDX = Pointer to 4-byte Source IPv4 address
   244                              <1> ; ------------------------------------------------------------------------------
   245                              <1> tcp_handle_packet:
   246 00007854 50                  <1>     push rax
   247 00007855 53                  <1>     push rbx
   248 00007856 51                  <1>     push rcx
   249 00007857 52                  <1>     push rdx
   250 00007858 56                  <1>     push rsi
   251 00007859 57                  <1>     push rdi
   252 0000785A 4150                <1>     push r8
   253 0000785C 4151                <1>     push r9
   254 0000785E 4152                <1>     push r10
   255 00007860 4153                <1>     push r11
   256 00007862 4154                <1>     push r12
   257 00007864 4157                <1>     push r15
   258                              <1> 
   259 00007866 4989D7              <1>     mov r15, rdx                ; R15 = Source IP pointer
   260                              <1> 
   261                              <1>     ; TCP header is at least 20 bytes
   262 00007869 4883F914            <1>     cmp rcx, 20
   263 0000786D 0F821C020000        <1>     jb .drop
   264                              <1> 
   265                              <1>     ; Extract Source Port (Big Endian -> Host Order)
   266 00007873 0FB606              <1>     movzx eax, byte [rsi + 0]
   267 00007876 C1E008              <1>     shl eax, 8
   268 00007879 8A4601              <1>     mov al, [rsi + 1]
   269 0000787C 664189C3            <1>     mov r11w, ax                ; R11W = Source Port
   270                              <1> 
   271                              <1>     ; Extract Destination Port (Big Endian -> Host Order)
   272 00007880 0FB64602            <1>     movzx eax, byte [rsi + 2]
   273 00007884 C1E008              <1>     shl eax, 8
   274 00007887 8A4603              <1>     mov al, [rsi + 3]
   275 0000788A 664189C4            <1>     mov r12w, ax                ; R12W = Dest Port
   276                              <1> 
   277                              <1>     ; Extract Sequence Number (Big Endian -> Host Order)
   278 0000788E 8B4604              <1>     mov eax, [rsi + 4]
   279 00007891 0FC8                <1>     bswap eax
   280 00007893 4189C1              <1>     mov r9d, eax                ; R9D = Remote Seq
   281                              <1> 
   282                              <1>     ; Extract Acknowledgment Number (Big Endian -> Host Order)
   283 00007896 8B4608              <1>     mov eax, [rsi + 8]
   284 00007899 0FC8                <1>     bswap eax
   285 0000789B 4189C2              <1>     mov r10d, eax               ; R10D = Remote Ack
   286                              <1> 
   287                              <1>     ; Extract Data Offset (Header size)
   288 0000789E 0FB65E0C            <1>     movzx ebx, byte [rsi + 12]
   289 000078A2 C1EB04              <1>     shr ebx, 4
   290 000078A5 C1E302              <1>     shl ebx, 2                  ; EBX = TCP Header length in bytes
   291 000078A8 83FB14              <1>     cmp ebx, 20
   292 000078AB 0F82DE010000        <1>     jb .drop
   293                              <1> 
   294                              <1>     ; Extract TCP Flags
   295 000078B1 440FB6460D          <1>     movzx r8d, byte [rsi + 13]  ; R8D = Flags
   296                              <1> 
   297                              <1>     ; Calculate Payload Length: Total length (RCX) - Header length (EBX)
   298 000078B6 89C8                <1>     mov eax, ecx
   299 000078B8 29D8                <1>     sub eax, ebx
   300 000078BA 89C2                <1>     mov edx, eax                ; EDX = Payload length
   301                              <1> 
   302                              <1>     ; Check RST Flag
   303 000078BC 41F6C004            <1>     test r8b, TCP_FLAG_RST
   304 000078C0 7413                <1>     jz .check_state
   305 000078C2 C60575DEFFFF01      <1>     mov byte [tcp_reset_received], 1
   306 000078C9 C60558DEFFFF00      <1>     mov byte [tcp_active_state], TCP_STATE_CLOSED
   307 000078D0 E9BA010000          <1>     jmp .drop
   308                              <1> 
   309                              <1> .check_state:
   310                              <1>     ; --------------------------------------------------------------------------
   311                              <1>     ; State 1: TCP_STATE_LISTEN (Server Mode)
   312                              <1>     ; --------------------------------------------------------------------------
   313 000078D5 803D4CDEFFFF01      <1>     cmp byte [tcp_active_state], TCP_STATE_LISTEN
   314 000078DC 7560                <1>     jne .state_syn_rcvd
   315                              <1> 
   316                              <1>     ; Must be destined for our listening port
   317 000078DE 66443B2544DEFFFF    <1>     cmp r12w, [tcp_local_port]
   318 000078E6 0F85A3010000        <1>     jne .drop
   319                              <1> 
   320                              <1>     ; Must be a SYN packet
   321 000078EC 41F6C002            <1>     test r8b, TCP_FLAG_SYN
   322 000078F0 0F8499010000        <1>     jz .drop
   323                              <1> 
   324                              <1>     ; Record remote host info
   325 000078F6 418B07              <1>     mov eax, [r15]
   326 000078F9 89052FDEFFFF        <1>     mov [tcp_remote_ip], eax
   327 000078FF 6644891D25DEFFFF    <1>     mov [tcp_remote_port], r11w
   328                              <1> 
   329                              <1>     ; Ack incoming SYN
   330 00007907 41FFC1              <1>     inc r9d                     ; Ack = Remote Seq + 1
   331 0000790A 44890D25DEFFFF      <1>     mov [tcp_my_ack], r9d
   332                              <1> 
   333                              <1>     ; Generate initial Sequence Number
   334 00007911 B800000020          <1>     mov eax, 0x20000000
   335 00007916 0305169CFFFF        <1>     add eax, [timer_ticks]
   336 0000791C 890510DEFFFF        <1>     mov [tcp_my_seq], eax
   337                              <1> 
   338                              <1>     ; Send SYN | ACK
   339 00007922 B012                <1>     mov al, TCP_FLAG_SYN | TCP_FLAG_ACK
   340 00007924 4831C9              <1>     xor rcx, rcx
   341 00007927 E81BFEFFFF          <1>     call tcp_send_segment
   342                              <1> 
   343                              <1>     ; Advance our Seq for SYN
   344 0000792C FF0500DEFFFF        <1>     inc dword [tcp_my_seq]
   345                              <1> 
   346                              <1>     ; Move to SYN_RCVD
   347 00007932 C605EFDDFFFF03      <1>     mov byte [tcp_active_state], TCP_STATE_SYN_RCVD
   348 00007939 E951010000          <1>     jmp .drop
   349                              <1> 
   350                              <1> .state_syn_rcvd:
   351                              <1>     ; --------------------------------------------------------------------------
   352                              <1>     ; State 2: TCP_STATE_SYN_RCVD (Server Handshake Completion)
   353                              <1>     ; --------------------------------------------------------------------------
   354 0000793E 803DE3DDFFFF03      <1>     cmp byte [tcp_active_state], TCP_STATE_SYN_RCVD
   355 00007945 7532                <1>     jne .state_syn_sent
   356                              <1> 
   357                              <1>     ; Expect ACK matching our local port and remote port
   358 00007947 66443B25DBDDFFFF    <1>     cmp r12w, [tcp_local_port]
   359 0000794F 0F853A010000        <1>     jne .drop
   360 00007955 66443B1DCFDDFFFF    <1>     cmp r11w, [tcp_remote_port]
   361 0000795D 0F852C010000        <1>     jne .drop
   362                              <1> 
   363 00007963 41F6C010            <1>     test r8b, TCP_FLAG_ACK
   364 00007967 0F8422010000        <1>     jz .drop
   365                              <1> 
   366                              <1>     ; Handshake Complete!
   367 0000796D C605B4DDFFFF04      <1>     mov byte [tcp_active_state], TCP_STATE_ESTABLISHED
   368 00007974 E916010000          <1>     jmp .drop
   369                              <1> 
   370                              <1> .state_syn_sent:
   371                              <1>     ; --------------------------------------------------------------------------
   372                              <1>     ; State 3: TCP_STATE_SYN_SENT (Client Mode Handshake)
   373                              <1>     ; --------------------------------------------------------------------------
   374 00007979 803DA8DDFFFF02      <1>     cmp byte [tcp_active_state], TCP_STATE_SYN_SENT
   375 00007980 753A                <1>     jne .state_established
   376                              <1> 
   377                              <1>     ; Expect SYN | ACK
   378 00007982 41F6C002            <1>     test r8b, TCP_FLAG_SYN
   379 00007986 0F8403010000        <1>     jz .drop
   380 0000798C 41F6C010            <1>     test r8b, TCP_FLAG_ACK
   381 00007990 0F84F9000000        <1>     jz .drop
   382                              <1> 
   383                              <1>     ; Ack remote SYN
   384 00007996 41FFC1              <1>     inc r9d                     ; Ack = Remote Seq + 1
   385 00007999 44890D96DDFFFF      <1>     mov [tcp_my_ack], r9d
   386                              <1> 
   387                              <1>     ; Advance our Seq for our original SYN
   388 000079A0 FF058CDDFFFF        <1>     inc dword [tcp_my_seq]
   389                              <1> 
   390                              <1>     ; Send ACK to complete 3-way handshake
   391 000079A6 B010                <1>     mov al, TCP_FLAG_ACK
   392 000079A8 4831C9              <1>     xor rcx, rcx
   393 000079AB E897FDFFFF          <1>     call tcp_send_segment
   394                              <1> 
   395 000079B0 C60571DDFFFF04      <1>     mov byte [tcp_active_state], TCP_STATE_ESTABLISHED
   396 000079B7 E9D3000000          <1>     jmp .drop
   397                              <1> 
   398                              <1> .state_established:
   399                              <1>     ; --------------------------------------------------------------------------
   400                              <1>     ; State 4: TCP_STATE_ESTABLISHED (Data Transfer)
   401                              <1>     ; --------------------------------------------------------------------------
   402 000079BC 803D65DDFFFF04      <1>     cmp byte [tcp_active_state], TCP_STATE_ESTABLISHED
   403 000079C3 0F858A000000        <1>     jne .state_fin_wait
   404                              <1> 
   405                              <1>     ; Verify port match
   406 000079C9 66443B2559DDFFFF    <1>     cmp r12w, [tcp_local_port]
   407 000079D1 0F85B8000000        <1>     jne .drop
   408 000079D7 66443B1D4DDDFFFF    <1>     cmp r11w, [tcp_remote_port]
   409 000079DF 0F85AA000000        <1>     jne .drop
   410                              <1> 
   411                              <1>     ; 1. Handle incoming data payload
   412 000079E5 85D2                <1>     test edx, edx
   413 000079E7 743E                <1>     jz .check_fin
   414                              <1> 
   415                              <1>     ; Copy incoming payload to tcp_rx_buf
   416 000079E9 488D3D50E5FFFF      <1>     lea rdi, [tcp_rx_buf]
   417 000079F0 56                  <1>     push rsi
   418 000079F1 4801DE              <1>     add rsi, rbx                ; RSI = payload start (RSI + Header length)
   419 000079F4 89D1                <1>     mov ecx, edx
   420 000079F6 81F9A00F0000        <1>     cmp ecx, 4000
   421 000079FC 7605                <1>     jbe .len_fit
   422 000079FE B9A00F0000          <1>     mov ecx, 4000
   423                              <1> .len_fit:
   424 00007A03 F3A4                <1>     rep movsb
   425 00007A05 C60700              <1>     mov byte [rdi], 0           ; Null-terminate string
   426 00007A08 5E                  <1>     pop rsi
   427                              <1> 
   428 00007A09 6689152BDDFFFF      <1>     mov [tcp_data_rx_len], dx
   429 00007A10 C60523DDFFFF01      <1>     mov byte [tcp_data_rx_flag], 1
   430                              <1> 
   431                              <1>     ; Advance ACK number by received payload length
   432 00007A17 011519DDFFFF        <1>     add [tcp_my_ack], edx
   433                              <1> 
   434                              <1>     ; Send ACK for received data
   435 00007A1D B010                <1>     mov al, TCP_FLAG_ACK
   436 00007A1F 4831C9              <1>     xor rcx, rcx
   437 00007A22 E820FDFFFF          <1>     call tcp_send_segment
   438                              <1> 
   439                              <1> .check_fin:
   440                              <1>     ; 2. Handle remote FIN flag
   441 00007A27 41F6C001            <1>     test r8b, TCP_FLAG_FIN
   442 00007A2B 7462                <1>     jz .drop
   443                              <1> 
   444                              <1>     ; Remote wishes to close
   445 00007A2D FF0503DDFFFF        <1>     inc dword [tcp_my_ack]
   446 00007A33 C60503DDFFFF01      <1>     mov byte [tcp_fin_received], 1
   447                              <1> 
   448                              <1>     ; Send FIN | ACK
   449 00007A3A B011                <1>     mov al, TCP_FLAG_FIN | TCP_FLAG_ACK
   450 00007A3C 4831C9              <1>     xor rcx, rcx
   451 00007A3F E803FDFFFF          <1>     call tcp_send_segment
   452                              <1> 
   453 00007A44 FF05E8DCFFFF        <1>     inc dword [tcp_my_seq]
   454 00007A4A C605D7DCFFFF08      <1>     mov byte [tcp_active_state], TCP_STATE_LAST_ACK
   455 00007A51 EB3C                <1>     jmp .drop
   456                              <1> 
   457                              <1> .state_fin_wait:
   458                              <1>     ; --------------------------------------------------------------------------
   459                              <1>     ; State 5 & 6: FIN_WAIT_1 / LAST_ACK (Closing)
   460                              <1>     ; --------------------------------------------------------------------------
   461 00007A53 803DCEDCFFFF08      <1>     cmp byte [tcp_active_state], TCP_STATE_LAST_ACK
   462 00007A5A 741F                <1>     je .handle_last_ack
   463 00007A5C 803DC5DCFFFF05      <1>     cmp byte [tcp_active_state], TCP_STATE_FIN_WAIT_1
   464 00007A63 752A                <1>     jne .drop
   465                              <1> 
   466 00007A65 41F6C010            <1>     test r8b, TCP_FLAG_ACK
   467 00007A69 7424                <1>     jz .drop
   468 00007A6B C605B6DCFFFF00      <1>     mov byte [tcp_active_state], TCP_STATE_CLOSED
   469 00007A72 C605C6DCFFFF01      <1>     mov byte [tcp_connection_closed], 1
   470 00007A79 EB14                <1>     jmp .drop
   471                              <1> 
   472                              <1> .handle_last_ack:
   473 00007A7B 41F6C010            <1>     test r8b, TCP_FLAG_ACK
   474 00007A7F 740E                <1>     jz .drop
   475 00007A81 C605A0DCFFFF00      <1>     mov byte [tcp_active_state], TCP_STATE_CLOSED
   476 00007A88 C605B0DCFFFF01      <1>     mov byte [tcp_connection_closed], 1
   477                              <1> 
   478                              <1> .drop:
   479 00007A8F 415F                <1>     pop r15
   480 00007A91 415C                <1>     pop r12
   481 00007A93 415B                <1>     pop r11
   482 00007A95 415A                <1>     pop r10
   483 00007A97 4159                <1>     pop r9
   484 00007A99 4158                <1>     pop r8
   485 00007A9B 5F                  <1>     pop rdi
   486 00007A9C 5E                  <1>     pop rsi
   487 00007A9D 5A                  <1>     pop rdx
   488 00007A9E 59                  <1>     pop rcx
   489 00007A9F 5B                  <1>     pop rbx
   490 00007AA0 58                  <1>     pop rax
   491 00007AA1 C3                  <1>     ret
   492                              <1> 
   493                              <1> ; ------------------------------------------------------------------------------
   494                              <1> ; tcp_http_client: Connects to target IP on port 80 and issues HTTP GET request
   495                              <1> ; Input:
   496                              <1> ;   RSI = Target IP (4 bytes)
   497                              <1> ;   RDI = Optional domain string for Host header (or target IP if null)
   498                              <1> ;   DX  = Destination Port (e.g. 80)
   499                              <1> ; Output:
   500                              <1> ;   RAX = 0 on Success, 1 on Error
   501                              <1> ; ------------------------------------------------------------------------------
   502                              <1> tcp_http_client:
   503 00007AA2 53                  <1>     push rbx
   504 00007AA3 51                  <1>     push rcx
   505 00007AA4 52                  <1>     push rdx
   506 00007AA5 56                  <1>     push rsi
   507 00007AA6 57                  <1>     push rdi
   508 00007AA7 4154                <1>     push r12
   509 00007AA9 4155                <1>     push r13
   510 00007AAB 4156                <1>     push r14
   511 00007AAD 4157                <1>     push r15
   512                              <1> 
   513 00007AAF 4989FF              <1>     mov r15, rdi                ; R15 = Hostname string pointer
   514 00007AB2 8B06                <1>     mov eax, [rsi]
   515 00007AB4 890574DCFFFF        <1>     mov [tcp_remote_ip], eax
   516 00007ABA 6689156BDCFFFF      <1>     mov [tcp_remote_port], dx
   517                              <1> 
   518                              <1>     ; Ephemeral local port: 49152 + (ticks & 0x0FFF)
   519 00007AC1 668B056A9AFFFF      <1>     mov ax, [timer_ticks]
   520 00007AC8 6625FF0F            <1>     and ax, 0x0FFF
   521 00007ACC 660500C0            <1>     add ax, 49152
   522 00007AD0 66890553DCFFFF      <1>     mov [tcp_local_port], ax
   523                              <1> 
   524                              <1>     ; Initial Sequence Number
   525 00007AD7 B800000010          <1>     mov eax, 0x10000000
   526 00007ADC 0305509AFFFF        <1>     add eax, [timer_ticks]
   527 00007AE2 89054ADCFFFF        <1>     mov [tcp_my_seq], eax
   528 00007AE8 C70544DCFFFF000000- <1>     mov dword [tcp_my_ack], 0
   528 00007AF1 00                  <1>
   529                              <1> 
   530                              <1>     ; Reset flags
   531 00007AF2 C60530DCFFFF00      <1>     mov byte [tcp_is_server], 0
   532 00007AF9 C6053ADCFFFF00      <1>     mov byte [tcp_data_rx_flag], 0
   533 00007B00 C60536DCFFFF00      <1>     mov byte [tcp_fin_received], 0
   534 00007B07 C60531DCFFFF00      <1>     mov byte [tcp_connection_closed], 0
   535 00007B0E C60513DCFFFF02      <1>     mov byte [tcp_active_state], TCP_STATE_SYN_SENT
   536                              <1> 
   537                              <1>     ; Print connecting banner
   538 00007B15 B30B                <1>     mov bl, COLOR_LIGHT_CYAN
   539 00007B17 488D357DFAFFFF      <1>     lea rsi, [MSG_TCP_CONNECTING]
   540 00007B1E E89A87FFFF          <1>     call vga_print_string_color
   541                              <1> 
   542 00007B23 488D3504DCFFFF      <1>     lea rsi, [tcp_remote_ip]
   543 00007B2A E829CEFFFF          <1>     call vga_print_ip
   544                              <1> 
   545 00007B2F 488D3574FAFFFF      <1>     lea rsi, [MSG_TCP_PORT_STR]
   546 00007B36 E88287FFFF          <1>     call vga_print_string_color
   547 00007B3B 0FB705EADBFFFF      <1>     movzx eax, word [tcp_remote_port]
   548 00007B42 E82988FFFF          <1>     call vga_print_dec
   549                              <1> 
   550                              <1>     ; Send SYN
   551 00007B47 B002                <1>     mov al, TCP_FLAG_SYN
   552 00007B49 4831C9              <1>     xor rcx, rcx
   553 00007B4C E8F6FBFFFF          <1>     call tcp_send_segment
   554                              <1> 
   555                              <1>     ; Wait for ESTABLISHED state with timeout (~3 seconds = 55 ticks)
   556 00007B51 488B05DA99FFFF      <1>     mov rax, [timer_ticks]
   557 00007B58 4883C037            <1>     add rax, 55
   558 00007B5C 4989C6              <1>     mov r14, rax
   559                              <1> .wait_connect:
   560 00007B5F E8DEB8FFFF          <1>     call net_poll
   561 00007B64 803DBDDBFFFF04      <1>     cmp byte [tcp_active_state], TCP_STATE_ESTABLISHED
   562 00007B6B 7436                <1>     je .connected
   563                              <1> 
   564 00007B6D B9D0070000          <1>     mov ecx, 2000
   565                              <1> .spin1:
   566 00007B72 F390                <1>     pause
   567 00007B74 FFC9                <1>     dec ecx
   568 00007B76 75FA                <1>     jnz .spin1
   569                              <1> 
   570 00007B78 488B05B399FFFF      <1>     mov rax, [timer_ticks]
   571 00007B7F 4C39F0              <1>     cmp rax, r14
   572 00007B82 72DB                <1>     jb .wait_connect
   573                              <1> 
   574                              <1>     ; Timeout!
   575 00007B84 B30C                <1>     mov bl, COLOR_LIGHT_RED
   576 00007B86 488D3535FAFFFF      <1>     lea rsi, [MSG_TCP_TIMEOUT]
   577 00007B8D E82B87FFFF          <1>     call vga_print_string_color
   578 00007B92 C6058FDBFFFF00      <1>     mov byte [tcp_active_state], TCP_STATE_CLOSED
   579 00007B99 B801000000          <1>     mov rax, 1
   580 00007B9E E917010000          <1>     jmp .exit_client
   581                              <1> 
   582                              <1> .connected:
   583 00007BA3 B30A                <1>     mov bl, COLOR_LIGHT_GREEN
   584 00007BA5 488D3508FAFFFF      <1>     lea rsi, [MSG_TCP_CONNECTED]
   585 00007BAC E80C87FFFF          <1>     call vga_print_string_color
   586                              <1> 
   587                              <1>     ; Build HTTP GET Request at http_req_buf:
   588                              <1>     ; "GET / HTTP/1.0\r\nHost: <domain or IP>\r\nUser-Agent: AntigravityOS/1.0 (x86_64)\r\nConnection: close\r\n\r\n"
   589 00007BB1 488D3D88F3FFFF      <1>     lea rdi, [http_req_buf]
   590                              <1> 
   591                              <1>     ; 1. Copy "GET / HTTP/1.0\r\nHost: "
   592 00007BB8 488D352A010000      <1>     lea rsi, [.STR_GET_PREFIX]
   593                              <1> .copy_prefix:
   594 00007BBF AC                  <1>     lodsb
   595 00007BC0 84C0                <1>     test al, al
   596 00007BC2 7403                <1>     jz .prefix_done
   597 00007BC4 AA                  <1>     stosb
   598 00007BC5 EBF8                <1>     jmp .copy_prefix
   599                              <1> .prefix_done:
   600                              <1> 
   601                              <1>     ; 2. Copy Hostname from R15 (if valid string) or IP
   602 00007BC7 4D85FF              <1>     test r15, r15
   603 00007BCA 7411                <1>     jz .use_ip_host
   604 00007BCC 41803F00            <1>     cmp byte [r15], 0
   605 00007BD0 740B                <1>     je .use_ip_host
   606                              <1> 
   607 00007BD2 4C89FE              <1>     mov rsi, r15
   608                              <1> .copy_host:
   609 00007BD5 AC                  <1>     lodsb
   610 00007BD6 84C0                <1>     test al, al
   611 00007BD8 743C                <1>     jz .host_done
   612 00007BDA AA                  <1>     stosb
   613 00007BDB EBF8                <1>     jmp .copy_host
   614                              <1> 
   615                              <1> .use_ip_host:
   616 00007BDD 0FB6054ADBFFFF      <1>     movzx eax, byte [tcp_remote_ip + 0]
   617 00007BE4 E8DF000000          <1>     call .append_dec
   618 00007BE9 B02E                <1>     mov al, '.'
   619 00007BEB AA                  <1>     stosb
   620 00007BEC 0FB6053CDBFFFF      <1>     movzx eax, byte [tcp_remote_ip + 1]
   621 00007BF3 E8D0000000          <1>     call .append_dec
   622 00007BF8 B02E                <1>     mov al, '.'
   623 00007BFA AA                  <1>     stosb
   624 00007BFB 0FB6052EDBFFFF      <1>     movzx eax, byte [tcp_remote_ip + 2]
   625 00007C02 E8C1000000          <1>     call .append_dec
   626 00007C07 B02E                <1>     mov al, '.'
   627 00007C09 AA                  <1>     stosb
   628 00007C0A 0FB60520DBFFFF      <1>     movzx eax, byte [tcp_remote_ip + 3]
   629 00007C11 E8B2000000          <1>     call .append_dec
   630                              <1> 
   631                              <1> .host_done:
   632                              <1>     ; 3. Copy "\r\nUser-Agent: AntigravityOS/1.0 (x86_64)\r\nConnection: close\r\n\r\n"
   633 00007C16 488D35E3000000      <1>     lea rsi, [.STR_GET_SUFFIX]
   634                              <1> .copy_suffix:
   635 00007C1D AC                  <1>     lodsb
   636 00007C1E 84C0                <1>     test al, al
   637 00007C20 7403                <1>     jz .suffix_done
   638 00007C22 AA                  <1>     stosb
   639 00007C23 EBF8                <1>     jmp .copy_suffix
   640                              <1> .suffix_done:
   641                              <1> 
   642                              <1>     ; Calculate request length
   643 00007C25 488D1D14F3FFFF      <1>     lea rbx, [http_req_buf]
   644 00007C2C 4829DF              <1>     sub rdi, rbx
   645 00007C2F 4889F9              <1>     mov rcx, rdi                ; RCX = Request length
   646                              <1> 
   647                              <1>     ; Send HTTP Request with PSH | ACK
   648 00007C32 488D3507F3FFFF      <1>     lea rsi, [http_req_buf]
   649 00007C39 B018                <1>     mov al, TCP_FLAG_PSH | TCP_FLAG_ACK
   650 00007C3B E807FBFFFF          <1>     call tcp_send_segment
   651                              <1> 
   652                              <1>     ; Advance our Seq by sent bytes
   653 00007C40 010DECDAFFFF        <1>     add [tcp_my_seq], ecx
   654                              <1> 
   655                              <1>     ; Loop receiving HTTP response chunks (~5 seconds = 90 ticks)
   656 00007C46 488B05E598FFFF      <1>     mov rax, [timer_ticks]
   657 00007C4D 4883C05A            <1>     add rax, 90
   658 00007C51 4989C6              <1>     mov r14, rax
   659                              <1> .rx_loop:
   660 00007C54 E8E9B7FFFF          <1>     call net_poll
   661                              <1> 
   662                              <1>     ; Did we receive data?
   663 00007C59 803DDADAFFFF01      <1>     cmp byte [tcp_data_rx_flag], 1
   664 00007C60 7515                <1>     jne .check_term
   665                              <1> 
   666                              <1>     ; Print received HTTP payload in Light Cyan
   667 00007C62 B30B                <1>     mov bl, COLOR_LIGHT_CYAN
   668 00007C64 488D35D5E2FFFF      <1>     lea rsi, [tcp_rx_buf]
   669 00007C6B E84D86FFFF          <1>     call vga_print_string_color
   670 00007C70 C605C3DAFFFF00      <1>     mov byte [tcp_data_rx_flag], 0
   671                              <1> 
   672                              <1> .check_term:
   673 00007C77 803DBFDAFFFF01      <1>     cmp byte [tcp_fin_received], 1
   674 00007C7E 7429                <1>     je .done_transfer
   675 00007C80 803DB8DAFFFF01      <1>     cmp byte [tcp_connection_closed], 1
   676 00007C87 7420                <1>     je .done_transfer
   677 00007C89 803D98DAFFFF00      <1>     cmp byte [tcp_active_state], TCP_STATE_CLOSED
   678 00007C90 7417                <1>     je .done_transfer
   679                              <1> 
   680 00007C92 B9D0070000          <1>     mov ecx, 2000
   681                              <1> .spin2:
   682 00007C97 F390                <1>     pause
   683 00007C99 FFC9                <1>     dec ecx
   684 00007C9B 75FA                <1>     jnz .spin2
   685                              <1> 
   686 00007C9D 488B058E98FFFF      <1>     mov rax, [timer_ticks]
   687 00007CA4 4C39F0              <1>     cmp rax, r14
   688 00007CA7 72AB                <1>     jb .rx_loop
   689                              <1> 
   690                              <1> .done_transfer:
   691 00007CA9 B307                <1>     mov bl, COLOR_LIGHT_GRAY
   692 00007CAB 488D354CF9FFFF      <1>     lea rsi, [MSG_TCP_CLOSED]
   693 00007CB2 E80686FFFF          <1>     call vga_print_string_color
   694 00007CB7 4831C0              <1>     xor rax, rax
   695                              <1> 
   696                              <1> .exit_client:
   697 00007CBA 415F                <1>     pop r15
   698 00007CBC 415E                <1>     pop r14
   699 00007CBE 415D                <1>     pop r13
   700 00007CC0 415C                <1>     pop r12
   701 00007CC2 5F                  <1>     pop rdi
   702 00007CC3 5E                  <1>     pop rsi
   703 00007CC4 5A                  <1>     pop rdx
   704 00007CC5 59                  <1>     pop rcx
   705 00007CC6 5B                  <1>     pop rbx
   706 00007CC7 C3                  <1>     ret
   707                              <1> 
   708                              <1> .append_dec:
   709 00007CC8 53                  <1>     push rbx
   710 00007CC9 51                  <1>     push rcx
   711 00007CCA 52                  <1>     push rdx
   712 00007CCB BB0A000000          <1>     mov ebx, 10
   713 00007CD0 31C9                <1>     xor ecx, ecx
   714                              <1> .dec_div:
   715 00007CD2 31D2                <1>     xor edx, edx
   716 00007CD4 F7F3                <1>     div ebx
   717 00007CD6 52                  <1>     push rdx
   718 00007CD7 FFC1                <1>     inc ecx
   719 00007CD9 85C0                <1>     test eax, eax
   720 00007CDB 75F5                <1>     jnz .dec_div
   721                              <1> .dec_store:
   722 00007CDD 58                  <1>     pop rax
   723 00007CDE 0430                <1>     add al, '0'
   724 00007CE0 AA                  <1>     stosb
   725 00007CE1 FFC9                <1>     dec ecx
   726 00007CE3 75F8                <1>     jnz .dec_store
   727 00007CE5 5A                  <1>     pop rdx
   728 00007CE6 59                  <1>     pop rcx
   729 00007CE7 5B                  <1>     pop rbx
   730 00007CE8 C3                  <1>     ret
   731                              <1> 
   732                              <1> .STR_GET_PREFIX:
   733 00007CE9 474554202F20485454- <1>     db "GET / HTTP/1.0", 0x0D, 0x0A, "Host: ", 0
   733 00007CF2 502F312E300D0A486F- <1>
   733 00007CFB 73743A2000          <1>
   734                              <1> .STR_GET_SUFFIX:
   735 00007D00 0D0A                <1>     db 0x0D, 0x0A
   736 00007D02 557365722D4167656E- <1>     db "User-Agent: AntigravityOS/1.0 (x86_64)", 0x0D, 0x0A
   736 00007D0B 743A20416E74696772- <1>
   736 00007D14 61766974794F532F31- <1>
   736 00007D1D 2E3020287838365F36- <1>
   736 00007D26 34290D0A            <1>
   737 00007D2A 436F6E6E656374696F- <1>     db "Connection: close", 0x0D, 0x0A, 0x0D, 0x0A, 0
   737 00007D33 6E3A20636C6F73650D- <1>
   737 00007D3C 0A0D0A00            <1>
   738                              <1> 
   739                              <1> ; ------------------------------------------------------------------------------
   740                              <1> ; tcp_server_start: Runs interactive bare-metal HTTP web server on port 80
   741                              <1> ; Input:
   742                              <1> ;   DX = Listening port (e.g. 80)
   743                              <1> ; ------------------------------------------------------------------------------
   744                              <1> tcp_server_start:
   745 00007D40 50                  <1>     push rax
   746 00007D41 53                  <1>     push rbx
   747 00007D42 51                  <1>     push rcx
   748 00007D43 52                  <1>     push rdx
   749 00007D44 56                  <1>     push rsi
   750 00007D45 57                  <1>     push rdi
   751                              <1> 
   752 00007D46 668915DDD9FFFF      <1>     mov [tcp_local_port], dx
   753 00007D4D C605D5D9FFFF01      <1>     mov byte [tcp_is_server], 1
   754 00007D54 C605CDD9FFFF01      <1>     mov byte [tcp_active_state], TCP_STATE_LISTEN
   755                              <1> 
   756                              <1>     ; Print Server Welcome Banner
   757 00007D5B B30B                <1>     mov bl, COLOR_LIGHT_CYAN
   758 00007D5D 488D35C4F8FFFF      <1>     lea rsi, [MSG_TCP_SERVER_ON]
   759 00007D64 E85485FFFF          <1>     call vga_print_string_color
   760                              <1> 
   761                              <1> .server_loop:
   762                              <1>     ; Non-blocking check for keyboard input ('q' or Esc to stop)
   763 00007D69 48833D2299FFFF00    <1>     cmp qword [input_len], 0
   764 00007D71 7423                <1>     jz .service_net
   765                              <1> 
   766 00007D73 8A052299FFFF        <1>     mov al, [input_buffer]
   767 00007D79 3C71                <1>     cmp al, 'q'
   768 00007D7B 0F84D7000000        <1>     je .stop_server
   769 00007D81 3C51                <1>     cmp al, 'Q'
   770 00007D83 0F84CF000000        <1>     je .stop_server
   771 00007D89 3C1B                <1>     cmp al, 27                  ; Esc
   772 00007D8B 0F84C7000000        <1>     je .stop_server
   773                              <1> 
   774                              <1>     ; Clear input buffer for other keystrokes
   775 00007D91 E81D9BFFFF          <1>     call keyboard_clear_buffer
   776                              <1> 
   777                              <1> .service_net:
   778                              <1>     ; Service Network Packets
   779 00007D96 E8A7B6FFFF          <1>     call net_poll
   780                              <1> 
   781                              <1>     ; If connection is ESTABLISHED and incoming request arrived:
   782 00007D9B 803D86D9FFFF04      <1>     cmp byte [tcp_active_state], TCP_STATE_ESTABLISHED
   783 00007DA2 0F8582000000        <1>     jne .check_closed
   784                              <1> 
   785 00007DA8 803D8BD9FFFF01      <1>     cmp byte [tcp_data_rx_flag], 1
   786 00007DAF 7579                <1>     jne .check_closed
   787                              <1> 
   788                              <1>     ; Request received!
   789 00007DB1 C60582D9FFFF00      <1>     mov byte [tcp_data_rx_flag], 0
   790                              <1> 
   791                              <1>     ; Print incoming request info
   792 00007DB8 B30E                <1>     mov bl, COLOR_YELLOW
   793 00007DBA 488D350DF9FFFF      <1>     lea rsi, [MSG_TCP_INCOMING]
   794 00007DC1 E8F784FFFF          <1>     call vga_print_string_color
   795 00007DC6 488D3561D9FFFF      <1>     lea rsi, [tcp_remote_ip]
   796 00007DCD E886CBFFFF          <1>     call vga_print_ip
   797 00007DD2 B03A                <1>     mov al, ':'
   798 00007DD4 E89A83FFFF          <1>     call vga_print_char
   799 00007DD9 0FB7054CD9FFFF      <1>     movzx eax, word [tcp_remote_port]
   800 00007DE0 E88B85FFFF          <1>     call vga_print_dec
   801 00007DE5 B00A                <1>     mov al, 0x0A
   802 00007DE7 E88783FFFF          <1>     call vga_print_char
   803                              <1> 
   804                              <1>     ; Send HTTP HTML Response
   805 00007DEC 488D354DF3FFFF      <1>     lea rsi, [HTTP_SERVER_RESP]
   806 00007DF3 B95A040000          <1>     mov rcx, HTTP_SERVER_RESP_LEN
   807 00007DF8 B018                <1>     mov al, TCP_FLAG_PSH | TCP_FLAG_ACK
   808 00007DFA E848F9FFFF          <1>     call tcp_send_segment
   809 00007DFF 010D2DD9FFFF        <1>     add [tcp_my_seq], ecx
   810                              <1> 
   811                              <1>     ; Send FIN | ACK to close connection cleanly
   812 00007E05 B011                <1>     mov al, TCP_FLAG_FIN | TCP_FLAG_ACK
   813 00007E07 4831C9              <1>     xor rcx, rcx
   814 00007E0A E838F9FFFF          <1>     call tcp_send_segment
   815 00007E0F FF051DD9FFFF        <1>     inc dword [tcp_my_seq]
   816                              <1> 
   817 00007E15 B30A                <1>     mov bl, COLOR_LIGHT_GREEN
   818 00007E17 488D35D0F8FFFF      <1>     lea rsi, [MSG_TCP_SERVED]
   819 00007E1E E89A84FFFF          <1>     call vga_print_string_color
   820                              <1> 
   821                              <1>     ; Transition to FIN_WAIT_1
   822 00007E23 C605FED8FFFF05      <1>     mov byte [tcp_active_state], TCP_STATE_FIN_WAIT_1
   823                              <1> 
   824                              <1> .check_closed:
   825                              <1>     ; Once connection is closed, reset back to LISTEN for next client!
   826 00007E2A 803DF7D8FFFF00      <1>     cmp byte [tcp_active_state], TCP_STATE_CLOSED
   827 00007E31 7515                <1>     jne .idle_pause
   828                              <1> 
   829 00007E33 C605EED8FFFF01      <1>     mov byte [tcp_active_state], TCP_STATE_LISTEN
   830 00007E3A C605FCD8FFFF00      <1>     mov byte [tcp_fin_received], 0
   831 00007E41 C605F2D8FFFF00      <1>     mov byte [tcp_data_rx_flag], 0
   832                              <1> 
   833                              <1> .idle_pause:
   834 00007E48 B9D0070000          <1>     mov ecx, 2000
   835                              <1> .spin:
   836 00007E4D F390                <1>     pause
   837 00007E4F FFC9                <1>     dec ecx
   838 00007E51 75FA                <1>     jnz .spin
   839 00007E53 E911FFFFFF          <1>     jmp .server_loop
   840                              <1> 
   841                              <1> .stop_server:
   842 00007E58 C605C9D8FFFF00      <1>     mov byte [tcp_active_state], TCP_STATE_CLOSED
   843 00007E5F B30E                <1>     mov bl, COLOR_YELLOW
   844 00007E61 488D35C3F8FFFF      <1>     lea rsi, [MSG_TCP_STOPPED]
   845 00007E68 E85084FFFF          <1>     call vga_print_string_color
   846                              <1> 
   847 00007E6D 5F                  <1>     pop rdi
   848 00007E6E 5E                  <1>     pop rsi
   849 00007E6F 5A                  <1>     pop rdx
   850 00007E70 59                  <1>     pop rcx
   851 00007E71 5B                  <1>     pop rbx
   852 00007E72 58                  <1>     pop rax
   853 00007E73 C3                  <1>     ret
   129                                  %include "bga.asm"
     1                              <1> ; ==============================================================================
     2                              <1> ; Antigravity OS - 64-bit Bochs Graphics Adaptor (BGA) & Framebuffer Driver
     3                              <1> ; High-Resolution 1024x768x32bpp TrueColor Linear Framebuffer (LFB)
     4                              <1> ; ==============================================================================
     5                              <1> 
     6                              <1> [bits 64]
     7                              <1> 
     8                              <1> ; BGA I/O Ports
     9                              <1> BGA_INDEX_PORT          equ 0x01CE
    10                              <1> BGA_DATA_PORT           equ 0x01CF
    11                              <1> 
    12                              <1> ; BGA Register Indexes
    13                              <1> VBE_DISPI_INDEX_ID      equ 0x0
    14                              <1> VBE_DISPI_INDEX_XRES    equ 0x1
    15                              <1> VBE_DISPI_INDEX_YRES    equ 0x2
    16                              <1> VBE_DISPI_INDEX_BPP     equ 0x3
    17                              <1> VBE_DISPI_INDEX_ENABLE  equ 0x4
    18                              <1> VBE_DISPI_INDEX_BANK    equ 0x5
    19                              <1> VBE_DISPI_INDEX_VIRT_W  equ 0x6
    20                              <1> VBE_DISPI_INDEX_VIRT_H  equ 0x7
    21                              <1> VBE_DISPI_INDEX_X_OFF   equ 0x8
    22                              <1> VBE_DISPI_INDEX_Y_OFF   equ 0x9
    23                              <1> 
    24                              <1> ; BGA Enable Flags
    25                              <1> VBE_DISPI_DISABLED      equ 0x00
    26                              <1> VBE_DISPI_ENABLED       equ 0x01
    27                              <1> VBE_DISPI_LFB_ENABLED   equ 0x40
    28                              <1> VBE_DISPI_NOCLEARMEM    equ 0x80
    29                              <1> 
    30                              <1> ; Default Resolution: 1024 x 768 x 32bpp
    31                              <1> GUI_SCREEN_WIDTH        equ 1024
    32                              <1> GUI_SCREEN_HEIGHT       equ 768
    33                              <1> GUI_SCREEN_BPP          equ 32
    34                              <1> GUI_SCREEN_PITCH        equ (GUI_SCREEN_WIDTH * 4)
    35                              <1> 
    36                              <1> ; Driver State Variables
    37 00007E74 00                  <1> bga_available:          db 0
    38 00007E75 00                  <1> bga_active:             db 0
    39 00007E76 000000FD00000000    <1> bga_lfb_ptr:            dq 0x00000000FD000000   ; 64-bit Linear Framebuffer pointer (BAR0)
    40 00007E7E 00040000            <1> bga_width:              dd GUI_SCREEN_WIDTH
    41 00007E82 00030000            <1> bga_height:             dd GUI_SCREEN_HEIGHT
    42 00007E86 00100000            <1> bga_pitch:              dd GUI_SCREEN_PITCH
    43                              <1> 
    44                              <1> ; ------------------------------------------------------------------------------
    45                              <1> ; bga_write_register: Writes a 16-bit value to a BGA register index
    46                              <1> ; Input: CX = Register Index, AX = Data Value
    47                              <1> ; ------------------------------------------------------------------------------
    48                              <1> bga_write_register:
    49 00007E8A 52                  <1>     push rdx
    50 00007E8B 66BACE01            <1>     mov dx, BGA_INDEX_PORT
    51 00007E8F 6691                <1>     xchg ax, cx
    52 00007E91 66EF                <1>     out dx, ax                  ; Write Index
    53 00007E93 66BACF01            <1>     mov dx, BGA_DATA_PORT
    54 00007E97 6689C8              <1>     mov ax, cx
    55 00007E9A 66EF                <1>     out dx, ax                  ; Write Data
    56 00007E9C 5A                  <1>     pop rdx
    57 00007E9D C3                  <1>     ret
    58                              <1> 
    59                              <1> ; ------------------------------------------------------------------------------
    60                              <1> ; bga_read_register: Reads a 16-bit value from a BGA register index
    61                              <1> ; Input: CX = Register Index
    62                              <1> ; Output: AX = Data Value
    63                              <1> ; ------------------------------------------------------------------------------
    64                              <1> bga_read_register:
    65 00007E9E 52                  <1>     push rdx
    66 00007E9F 66BACE01            <1>     mov dx, BGA_INDEX_PORT
    67 00007EA3 6689C8              <1>     mov ax, cx
    68 00007EA6 66EF                <1>     out dx, ax                  ; Write Index
    69 00007EA8 66BACF01            <1>     mov dx, BGA_DATA_PORT
    70 00007EAC 66ED                <1>     in ax, dx                   ; Read Data
    71 00007EAE 5A                  <1>     pop rdx
    72 00007EAF C3                  <1>     ret
    73                              <1> 
    74                              <1> ; ------------------------------------------------------------------------------
    75                              <1> ; bga_init: Probes PCI bus for Bochs/QEMU VGA card (1234:1111) and initializes BGA
    76                              <1> ; Output: RAX = 0 on Success, 1 on Error
    77                              <1> ; ------------------------------------------------------------------------------
    78                              <1> bga_init:
    79 00007EB0 53                  <1>     push rbx
    80 00007EB1 51                  <1>     push rcx
    81 00007EB2 52                  <1>     push rdx
    82 00007EB3 56                  <1>     push rsi
    83 00007EB4 57                  <1>     push rdi
    84                              <1> 
    85                              <1>     ; 1. Query BGA Version via Port I/O (Index 0)
    86 00007EB5 66B90000            <1>     mov cx, VBE_DISPI_INDEX_ID
    87 00007EB9 E8E0FFFFFF          <1>     call bga_read_register
    88 00007EBE 663DC0B0            <1>     cmp ax, 0xB0C0
    89 00007EC2 7206                <1>     jb .probe_pci               ; If version < 0xB0C0, still check PCI
    90 00007EC4 663DC6B0            <1>     cmp ax, 0xB0C6
    91 00007EC8 7700                <1>     ja .probe_pci
    92                              <1> 
    93                              <1> .probe_pci:
    94                              <1>     ; 2. Probe PCI Bus for QEMU Standard VGA (Vendor 0x1234, Device 0x1111)
    95 00007ECA 66BE3412            <1>     mov si, 0x1234
    96 00007ECE 66BF1111            <1>     mov di, 0x1111
    97 00007ED2 E89AA5FFFF          <1>     call pci_find_device
    98 00007ED7 751D                <1>     jnz .pci_fallback           ; If not found, use default 0xFD000000
    99                              <1> 
   100                              <1>     ; EAX = bus, EBX = slot, ECX = func
   101                              <1>     ; Also enable memory space decoding in command register
   102 00007ED9 E802A6FFFF          <1>     call pci_enable_bus_master
   103                              <1> 
   104                              <1>     ; Read BAR0 (offset 0x10) to obtain physical framebuffer address
   105 00007EDE BA10000000          <1>     mov edx, 0x10
   106 00007EE3 E818A5FFFF          <1>     call pci_read_dword
   107 00007EE8 83E0F0              <1>     and eax, 0xFFFFFFF0         ; Mask memory space indicator bits
   108 00007EEB 85C0                <1>     test eax, eax
   109 00007EED 7407                <1>     jz .pci_fallback
   110 00007EEF 48890580FFFFFF      <1>     mov [bga_lfb_ptr], rax      ; Store 64-bit LFB base address
   111                              <1> 
   112                              <1> .pci_fallback:
   113 00007EF6 C60577FFFFFF01      <1>     mov byte [bga_available], 1
   114 00007EFD 4831C0              <1>     xor rax, rax                ; Success
   115 00007F00 5F                  <1>     pop rdi
   116 00007F01 5E                  <1>     pop rsi
   117 00007F02 5A                  <1>     pop rdx
   118 00007F03 59                  <1>     pop rcx
   119 00007F04 5B                  <1>     pop rbx
   120 00007F05 C3                  <1>     ret
   121                              <1> 
   122                              <1> ; ------------------------------------------------------------------------------
   123                              <1> ; bga_set_graphics_mode: Switches BGA to 1024x768x32bpp TrueColor Mode
   124                              <1> ; Output: RAX = 0 on Success
   125                              <1> ; ------------------------------------------------------------------------------
   126                              <1> bga_set_graphics_mode:
   127 00007F06 51                  <1>     push rcx
   128 00007F07 52                  <1>     push rdx
   129                              <1> 
   130                              <1>     ; 1. Disable BGA extensions during mode switch
   131 00007F08 66B90400            <1>     mov cx, VBE_DISPI_INDEX_ENABLE
   132 00007F0C 66B80000            <1>     mov ax, VBE_DISPI_DISABLED
   133 00007F10 E875FFFFFF          <1>     call bga_write_register
   134                              <1> 
   135                              <1>     ; 2. Set X Resolution (1024)
   136 00007F15 66B90100            <1>     mov cx, VBE_DISPI_INDEX_XRES
   137 00007F19 66B80004            <1>     mov ax, GUI_SCREEN_WIDTH
   138 00007F1D E868FFFFFF          <1>     call bga_write_register
   139                              <1> 
   140                              <1>     ; 3. Set Y Resolution (768)
   141 00007F22 66B90200            <1>     mov cx, VBE_DISPI_INDEX_YRES
   142 00007F26 66B80003            <1>     mov ax, GUI_SCREEN_HEIGHT
   143 00007F2A E85BFFFFFF          <1>     call bga_write_register
   144                              <1> 
   145                              <1>     ; 4. Set Bits Per Pixel (32bpp)
   146 00007F2F 66B90300            <1>     mov cx, VBE_DISPI_INDEX_BPP
   147 00007F33 66B82000            <1>     mov ax, GUI_SCREEN_BPP
   148 00007F37 E84EFFFFFF          <1>     call bga_write_register
   149                              <1> 
   150                              <1>     ; 5. Enable BGA with Linear Framebuffer (0x41 = ENABLED | LFB_ENABLED)
   151 00007F3C 66B90400            <1>     mov cx, VBE_DISPI_INDEX_ENABLE
   152 00007F40 66B84100            <1>     mov ax, VBE_DISPI_ENABLED | VBE_DISPI_LFB_ENABLED
   153 00007F44 E841FFFFFF          <1>     call bga_write_register
   154                              <1> 
   155 00007F49 C60525FFFFFF01      <1>     mov byte [bga_active], 1
   156 00007F50 4831C0              <1>     xor rax, rax
   157 00007F53 5A                  <1>     pop rdx
   158 00007F54 59                  <1>     pop rcx
   159 00007F55 C3                  <1>     ret
   160                              <1> 
   161                              <1> ; ------------------------------------------------------------------------------
   162                              <1> ; bga_set_text_mode: Restores standard 80x25 VGA color text mode
   163                              <1> ; ------------------------------------------------------------------------------
   164                              <1> bga_set_text_mode:
   165 00007F56 50                  <1>     push rax
   166 00007F57 51                  <1>     push rcx
   167 00007F58 52                  <1>     push rdx
   168                              <1> 
   169                              <1>     ; Disable BGA extensions -> hardware reverts automatically to 80x25 text mode
   170 00007F59 66B90400            <1>     mov cx, VBE_DISPI_INDEX_ENABLE
   171 00007F5D 66B80000            <1>     mov ax, VBE_DISPI_DISABLED
   172 00007F61 E824FFFFFF          <1>     call bga_write_register
   173                              <1> 
   174 00007F66 C60508FFFFFF00      <1>     mov byte [bga_active], 0
   175                              <1> 
   176                              <1>     ; Redraw VGA text screen
   177 00007F6D E8D281FFFF          <1>     call vga_clear_screen
   178                              <1> 
   179 00007F72 5A                  <1>     pop rdx
   180 00007F73 59                  <1>     pop rcx
   181 00007F74 58                  <1>     pop rax
   182 00007F75 C3                  <1>     ret
   130                                  %include "mouse.asm"
     1                              <1> ; ==============================================================================
     2                              <1> ; Antigravity OS - 64-bit PS/2 Mouse Controller Driver
     3                              <1> ; 8042 Auxiliary Device Communication, 3-Byte Packet Decoder & Position Clamping
     4                              <1> ; ==============================================================================
     5                              <1> 
     6                              <1> [bits 64]
     7                              <1> 
     8                              <1> ; Mouse State Variables
     9 00007F76 00020000            <1> mouse_x:            dd 512              ; Current Screen X Coordinate (0 .. 1023)
    10 00007F7A 80010000            <1> mouse_y:            dd 384              ; Current Screen Y Coordinate (0 .. 767)
    11 00007F7E 00                  <1> mouse_buttons:      db 0                ; Bit 0: Left, Bit 1: Right, Bit 2: Middle
    12 00007F7F 00                  <1> mouse_prev_buttons: db 0
    13                              <1> 
    14 00007F80 00                  <1> mouse_cycle:        db 0                ; Packet Cycle (0 .. 2)
    15 00007F81 00                  <1> mouse_byte0:        db 0                ; Flags / Buttons
    16 00007F82 00                  <1> mouse_byte1:        db 0                ; Delta X
    17 00007F83 00                  <1> mouse_byte2:        db 0                ; Delta Y
    18 00007F84 00                  <1> mouse_active:       db 0
    19                              <1> 
    20                              <1> ; ------------------------------------------------------------------------------
    21                              <1> ; mouse_wait_write: Waits until 8042 controller input buffer is empty
    22                              <1> ; ------------------------------------------------------------------------------
    23                              <1> mouse_wait_write:
    24 00007F85 51                  <1>     push rcx
    25 00007F86 50                  <1>     push rax
    26 00007F87 B9A0860100          <1>     mov ecx, 100000
    27                              <1> .loop:
    28 00007F8C E464                <1>     in al, 0x64
    29 00007F8E A802                <1>     test al, 0x02               ; Bit 1: Input buffer status (1 = full)
    30 00007F90 7406                <1>     jz .ready
    31 00007F92 F390                <1>     pause
    32 00007F94 FFC9                <1>     dec ecx
    33 00007F96 75F4                <1>     jnz .loop
    34                              <1> .ready:
    35 00007F98 58                  <1>     pop rax
    36 00007F99 59                  <1>     pop rcx
    37 00007F9A C3                  <1>     ret
    38                              <1> 
    39                              <1> ; ------------------------------------------------------------------------------
    40                              <1> ; mouse_wait_read: Waits until 8042 controller output buffer has data
    41                              <1> ; ------------------------------------------------------------------------------
    42                              <1> mouse_wait_read:
    43 00007F9B 51                  <1>     push rcx
    44 00007F9C 50                  <1>     push rax
    45 00007F9D B9A0860100          <1>     mov ecx, 100000
    46                              <1> .loop:
    47 00007FA2 E464                <1>     in al, 0x64
    48 00007FA4 A801                <1>     test al, 0x01               ; Bit 0: Output buffer status (1 = data ready)
    49 00007FA6 7506                <1>     jnz .ready
    50 00007FA8 F390                <1>     pause
    51 00007FAA FFC9                <1>     dec ecx
    52 00007FAC 75F4                <1>     jnz .loop
    53                              <1> .ready:
    54 00007FAE 58                  <1>     pop rax
    55 00007FAF 59                  <1>     pop rcx
    56 00007FB0 C3                  <1>     ret
    57                              <1> 
    58                              <1> ; ------------------------------------------------------------------------------
    59                              <1> ; mouse_write_cmd: Sends a command byte directly to the mouse device
    60                              <1> ; Input: AL = Command byte
    61                              <1> ; ------------------------------------------------------------------------------
    62                              <1> mouse_write_cmd:
    63 00007FB1 50                  <1>     push rax
    64 00007FB2 E8CEFFFFFF          <1>     call mouse_wait_write
    65 00007FB7 B0D4                <1>     mov al, 0xD4                ; Tell 8042 next byte is for mouse
    66 00007FB9 E664                <1>     out 0x64, al
    67 00007FBB E8C5FFFFFF          <1>     call mouse_wait_write
    68 00007FC0 58                  <1>     pop rax
    69 00007FC1 E660                <1>     out 0x60, al                ; Send command to mouse
    70 00007FC3 C3                  <1>     ret
    71                              <1> 
    72                              <1> ; ------------------------------------------------------------------------------
    73                              <1> ; mouse_read_data: Reads response byte from mouse
    74                              <1> ; Output: AL = Data byte
    75                              <1> ; ------------------------------------------------------------------------------
    76                              <1> mouse_read_data:
    77 00007FC4 E8D2FFFFFF          <1>     call mouse_wait_read
    78 00007FC9 E460                <1>     in al, 0x60
    79 00007FCB C3                  <1>     ret
    80                              <1> 
    81                              <1> ; ------------------------------------------------------------------------------
    82                              <1> ; mouse_init: Configures 8042 controller for auxiliary PS/2 mouse
    83                              <1> ; ------------------------------------------------------------------------------
    84                              <1> mouse_init:
    85 00007FCC 50                  <1>     push rax
    86 00007FCD 53                  <1>     push rbx
    87 00007FCE 51                  <1>     push rcx
    88 00007FCF 52                  <1>     push rdx
    89                              <1> 
    90                              <1>     ; 1. Enable Auxiliary PS/2 Port (Command 0xA8)
    91 00007FD0 E8B0FFFFFF          <1>     call mouse_wait_write
    92 00007FD5 B0A8                <1>     mov al, 0xA8
    93 00007FD7 E664                <1>     out 0x64, al
    94                              <1> 
    95                              <1>     ; 2. Read Controller Command Byte (Command 0x20)
    96 00007FD9 E8A7FFFFFF          <1>     call mouse_wait_write
    97 00007FDE B020                <1>     mov al, 0x20
    98 00007FE0 E664                <1>     out 0x64, al
    99 00007FE2 E8B4FFFFFF          <1>     call mouse_wait_read
   100 00007FE7 E460                <1>     in al, 0x60
   101                              <1> 
   102                              <1>     ; Enable IRQ12 (Bit 1 = 1) and clear mouse clock disable (Bit 5 = 0)
   103 00007FE9 0C02                <1>     or al, 0x02                 ; Bit 1: Enable IRQ12 interrupt
   104 00007FEB 24DF                <1>     and al, ~0x20               ; Bit 5: Enable mouse clock
   105                              <1> 
   106                              <1>     ; Write modified Controller Command Byte back (Command 0x60)
   107 00007FED 88C3                <1>     mov bl, al
   108 00007FEF E891FFFFFF          <1>     call mouse_wait_write
   109 00007FF4 B060                <1>     mov al, 0x60
   110 00007FF6 E664                <1>     out 0x64, al
   111 00007FF8 E888FFFFFF          <1>     call mouse_wait_write
   112 00007FFD 88D8                <1>     mov al, bl
   113 00007FFF E660                <1>     out 0x60, al
   114                              <1> 
   115                              <1>     ; 3. Set Mouse Defaults (Command 0xF6)
   116 00008001 B0F6                <1>     mov al, 0xF6
   117 00008003 E8A9FFFFFF          <1>     call mouse_write_cmd
   118 00008008 E8B7FFFFFF          <1>     call mouse_read_data        ; Read 0xFA ACK
   119                              <1> 
   120                              <1>     ; 4. Enable Mouse Data Reporting (Command 0xF4)
   121 0000800D B0F4                <1>     mov al, 0xF4
   122 0000800F E89DFFFFFF          <1>     call mouse_write_cmd
   123 00008014 E8ABFFFFFF          <1>     call mouse_read_data        ; Read 0xFA ACK
   124                              <1> 
   125                              <1>     ; 5. Keep IRQ12 masked on Slave PIC so mouse_poll reads port 0x60 synchronously
   126 00008019 E4A1                <1>     in al, 0xA1
   127 0000801B 0C10                <1>     or al, 0x10                 ; Set IRQ12 mask (bit 4)
   128 0000801D E6A1                <1>     out 0xA1, al
   129                              <1> 
   130                              <1>     ; Reset mouse state
   131 0000801F C7054DFFFFFF000200- <1>     mov dword [mouse_x], 512
   131 00008028 00                  <1>
   132 00008029 C70547FFFFFF800100- <1>     mov dword [mouse_y], 384
   132 00008032 00                  <1>
   133 00008033 C60544FFFFFF00      <1>     mov byte [mouse_buttons], 0
   134 0000803A C6053FFFFFFF00      <1>     mov byte [mouse_cycle], 0
   135 00008041 C6053CFFFFFF01      <1>     mov byte [mouse_active], 1
   136                              <1> 
   137 00008048 5A                  <1>     pop rdx
   138 00008049 59                  <1>     pop rcx
   139 0000804A 5B                  <1>     pop rbx
   140 0000804B 58                  <1>     pop rax
   141 0000804C C3                  <1>     ret
   142                              <1> 
   143                              <1> ; ------------------------------------------------------------------------------
   144                              <1> ; mouse_poll: Checks 8042 buffer for mouse packets and updates cursor state
   145                              <1> ; Called continuously during GUI event loop
   146                              <1> ; ------------------------------------------------------------------------------
   147                              <1> mouse_poll:
   148 0000804D 50                  <1>     push rax
   149 0000804E 53                  <1>     push rbx
   150 0000804F 51                  <1>     push rcx
   151 00008050 52                  <1>     push rdx
   152                              <1> 
   153                              <1> .poll_again:
   154                              <1>     ; Read 8042 status register
   155 00008051 E464                <1>     in al, 0x64
   156 00008053 A801                <1>     test al, 0x01               ; Output buffer full?
   157 00008055 0F84F6000000        <1>     jz .done
   158                              <1> 
   159 0000805B A820                <1>     test al, 0x20               ; Is it mouse data (Bit 5 == 1)?
   160 0000805D 0F84EE000000        <1>     jz .done                    ; No, keyboard data -> leave for keyboard driver
   161                              <1> 
   162                              <1>     ; Read byte from mouse
   163 00008063 E460                <1>     in al, 0x60
   164 00008065 88C3                <1>     mov bl, al                  ; BL = raw byte
   165                              <1> 
   166                              <1>     ; State machine based on mouse_cycle
   167 00008067 0FB60D12FFFFFF      <1>     movzx ecx, byte [mouse_cycle]
   168 0000806E 83F900              <1>     cmp ecx, 0
   169 00008071 7416                <1>     je .handle_byte0
   170 00008073 83F901              <1>     cmp ecx, 1
   171 00008076 7429                <1>     je .handle_byte1
   172 00008078 83F902              <1>     cmp ecx, 2
   173 0000807B 7433                <1>     je .handle_byte2
   174 0000807D C605FCFEFFFF00      <1>     mov byte [mouse_cycle], 0
   175 00008084 E9C8000000          <1>     jmp .done
   176                              <1> 
   177                              <1> .handle_byte0:
   178                              <1>     ; Byte 0: Bit 3 must ALWAYS be 1 in standard PS/2 packet!
   179 00008089 F6C308              <1>     test bl, 0x08
   180 0000808C 0F84B6000000        <1>     jz .sync_error              ; If bit 3 == 0, packet is out of sync!
   181 00008092 881DE9FEFFFF        <1>     mov [mouse_byte0], bl
   182 00008098 C605E1FEFFFF01      <1>     mov byte [mouse_cycle], 1
   183 0000809F EBB0                <1>     jmp .poll_again
   184                              <1> 
   185                              <1> .handle_byte1:
   186 000080A1 881DDBFEFFFF        <1>     mov [mouse_byte1], bl
   187 000080A7 C605D2FEFFFF02      <1>     mov byte [mouse_cycle], 2
   188 000080AE EBA1                <1>     jmp .poll_again
   189                              <1> 
   190                              <1> .handle_byte2:
   191 000080B0 881DCDFEFFFF        <1>     mov [mouse_byte2], bl
   192 000080B6 C605C3FEFFFF00      <1>     mov byte [mouse_cycle], 0   ; Reset cycle for next packet
   193                              <1> 
   194                              <1>     ; --------------------------------------------------------------------------
   195                              <1>     ; Process Complete 3-Byte Packet
   196                              <1>     ; --------------------------------------------------------------------------
   197                              <1>     ; 1. Buttons
   198 000080BD 8A05BBFEFFFF        <1>     mov al, [mouse_buttons]
   199 000080C3 8805B6FEFFFF        <1>     mov [mouse_prev_buttons], al
   200 000080C9 8A05B2FEFFFF        <1>     mov al, [mouse_byte0]
   201 000080CF 2407                <1>     and al, 0x07                ; Bits 0=Left, 1=Right, 2=Middle
   202 000080D1 8805A7FEFFFF        <1>     mov [mouse_buttons], al
   203                              <1> 
   204                              <1>     ; 2. Delta X (signed 9-bit)
   205 000080D7 0FB605A4FEFFFF      <1>     movzx eax, byte [mouse_byte1]
   206 000080DE 8A0D9DFEFFFF        <1>     mov cl, [mouse_byte0]
   207 000080E4 F6C110              <1>     test cl, 0x10               ; X sign bit?
   208 000080E7 7405                <1>     jz .x_positive
   209 000080E9 0D00FFFFFF          <1>     or eax, 0xFFFFFF00          ; Sign extend negative
   210                              <1> .x_positive:
   211                              <1>     ; Add delta X to mouse_x
   212 000080EE 8B1D82FEFFFF        <1>     mov ebx, [mouse_x]
   213 000080F4 01C3                <1>     add ebx, eax
   214                              <1> 
   215                              <1>     ; Clamp X to [0 .. 1023]
   216 000080F6 83FB00              <1>     cmp ebx, 0
   217 000080F9 7D02                <1>     jge .x_not_min
   218 000080FB 31DB                <1>     xor ebx, ebx
   219                              <1> .x_not_min:
   220 000080FD 81FBFF030000        <1>     cmp ebx, 1023
   221 00008103 7E05                <1>     jle .x_not_max
   222 00008105 BBFF030000          <1>     mov ebx, 1023
   223                              <1> .x_not_max:
   224 0000810A 891D66FEFFFF        <1>     mov [mouse_x], ebx
   225                              <1> 
   226                              <1>     ; 3. Delta Y (signed 9-bit)
   227                              <1>     ; PS/2 mouse positive Y is UPwards, while screen Y is DOWNwards -> Subtract!
   228 00008110 0FB6056CFEFFFF      <1>     movzx eax, byte [mouse_byte2]
   229 00008117 F6C120              <1>     test cl, 0x20               ; Y sign bit?
   230 0000811A 7405                <1>     jz .y_positive
   231 0000811C 0D00FFFFFF          <1>     or eax, 0xFFFFFF00          ; Sign extend negative
   232                              <1> .y_positive:
   233                              <1>     ; Subtract delta Y from mouse_y
   234 00008121 8B1D53FEFFFF        <1>     mov ebx, [mouse_y]
   235 00008127 29C3                <1>     sub ebx, eax
   236                              <1> 
   237                              <1>     ; Clamp Y to [0 .. 767]
   238 00008129 83FB00              <1>     cmp ebx, 0
   239 0000812C 7D02                <1>     jge .y_not_min
   240 0000812E 31DB                <1>     xor ebx, ebx
   241                              <1> .y_not_min:
   242 00008130 81FBFF020000        <1>     cmp ebx, 767
   243 00008136 7E05                <1>     jle .y_not_max
   244 00008138 BBFF020000          <1>     mov ebx, 767
   245                              <1> .y_not_max:
   246 0000813D 891D37FEFFFF        <1>     mov [mouse_y], ebx
   247                              <1> 
   248 00008143 E909FFFFFF          <1>     jmp .poll_again
   249                              <1> 
   250                              <1> .sync_error:
   251                              <1>     ; Discard byte and reset cycle
   252 00008148 C60531FEFFFF00      <1>     mov byte [mouse_cycle], 0
   253 0000814F EB00                <1>     jmp .done
   254                              <1> 
   255                              <1> .done:
   256 00008151 5A                  <1>     pop rdx
   257 00008152 59                  <1>     pop rcx
   258 00008153 5B                  <1>     pop rbx
   259 00008154 58                  <1>     pop rax
   260 00008155 C3                  <1>     ret
   131                                  %include "gfx.asm"
     1                              <1> ; ==============================================================================
     2                              <1> ; Antigravity OS - 64-bit 2D Graphics Engine Primitives & Bitmap Text Renderer
     3                              <1> ; 1024x768x32bpp TrueColor Framebuffer Drawing, Gradients, Shapes, and Cursor
     4                              <1> ; ==============================================================================
     5                              <1> 
     6                              <1> [bits 64]
     7                              <1> 
     8                              <1> %include "font.asm"
     1                              <2> ; ==============================================================================
     2                              <2> ; Antigravity OS - 8x8 Bitmap Raster Font (ASCII 32 - 126, 95 characters)
     3                              <2> ; ==============================================================================
     4                              <2> 
     5                              <2> [bits 64]
     6                              <2> 
     7 00008156 90<rep 2h>          <2> align 8
     8                              <2> font_8x8_data:
     9 00008158 0000000000000000    <2>     db 0x00, 0x00, 0x00, 0x00, 0x00, 0x00, 0x00, 0x00  ;  
    10 00008160 1818181818001800    <2>     db 0x18, 0x18, 0x18, 0x18, 0x18, 0x00, 0x18, 0x00  ; !
    11 00008168 6666240000000000    <2>     db 0x66, 0x66, 0x24, 0x00, 0x00, 0x00, 0x00, 0x00  ; ASCII 34
    12 00008170 6C6CFE6CFE6C6C00    <2>     db 0x6C, 0x6C, 0xFE, 0x6C, 0xFE, 0x6C, 0x6C, 0x00  ; #
    13 00008178 187EC07C06FC1800    <2>     db 0x18, 0x7E, 0xC0, 0x7C, 0x06, 0xFC, 0x18, 0x00  ; $
    14 00008180 00C6CC183066C600    <2>     db 0x00, 0xC6, 0xCC, 0x18, 0x30, 0x66, 0xC6, 0x00  ; %
    15 00008188 386C3876DCCC7600    <2>     db 0x38, 0x6C, 0x38, 0x76, 0xDC, 0xCC, 0x76, 0x00  ; &
    16 00008190 1818300000000000    <2>     db 0x18, 0x18, 0x30, 0x00, 0x00, 0x00, 0x00, 0x00  ; '
    17 00008198 0C18303030180C00    <2>     db 0x0C, 0x18, 0x30, 0x30, 0x30, 0x18, 0x0C, 0x00  ; (
    18 000081A0 30180C0C0C183000    <2>     db 0x30, 0x18, 0x0C, 0x0C, 0x0C, 0x18, 0x30, 0x00  ; )
    19 000081A8 00663CFF3C660000    <2>     db 0x00, 0x66, 0x3C, 0xFF, 0x3C, 0x66, 0x00, 0x00  ; *
    20 000081B0 0018187E18180000    <2>     db 0x00, 0x18, 0x18, 0x7E, 0x18, 0x18, 0x00, 0x00  ; +
    21 000081B8 0000000000181830    <2>     db 0x00, 0x00, 0x00, 0x00, 0x00, 0x18, 0x18, 0x30  ; ,
    22 000081C0 0000007E00000000    <2>     db 0x00, 0x00, 0x00, 0x7E, 0x00, 0x00, 0x00, 0x00  ; -
    23 000081C8 0000000000181800    <2>     db 0x00, 0x00, 0x00, 0x00, 0x00, 0x18, 0x18, 0x00  ; .
    24 000081D0 060C183060C08000    <2>     db 0x06, 0x0C, 0x18, 0x30, 0x60, 0xC0, 0x80, 0x00  ; /
    25 000081D8 3C666E7666663C00    <2>     db 0x3C, 0x66, 0x6E, 0x76, 0x66, 0x66, 0x3C, 0x00  ; 0
    26 000081E0 1838181818187E00    <2>     db 0x18, 0x38, 0x18, 0x18, 0x18, 0x18, 0x7E, 0x00  ; 1
    27 000081E8 3C66060C18307E00    <2>     db 0x3C, 0x66, 0x06, 0x0C, 0x18, 0x30, 0x7E, 0x00  ; 2
    28 000081F0 7E0C180C06663C00    <2>     db 0x7E, 0x0C, 0x18, 0x0C, 0x06, 0x66, 0x3C, 0x00  ; 3
    29 000081F8 0C1C34647E0C0C00    <2>     db 0x0C, 0x1C, 0x34, 0x64, 0x7E, 0x0C, 0x0C, 0x00  ; 4
    30 00008200 7E607C0606663C00    <2>     db 0x7E, 0x60, 0x7C, 0x06, 0x06, 0x66, 0x3C, 0x00  ; 5
    31 00008208 1C30607C66663C00    <2>     db 0x1C, 0x30, 0x60, 0x7C, 0x66, 0x66, 0x3C, 0x00  ; 6
    32 00008210 7E060C1830303000    <2>     db 0x7E, 0x06, 0x0C, 0x18, 0x30, 0x30, 0x30, 0x00  ; 7
    33 00008218 3C66663C66663C00    <2>     db 0x3C, 0x66, 0x66, 0x3C, 0x66, 0x66, 0x3C, 0x00  ; 8
    34 00008220 3C66663E060C3800    <2>     db 0x3C, 0x66, 0x66, 0x3E, 0x06, 0x0C, 0x38, 0x00  ; 9
    35 00008228 0018180000181800    <2>     db 0x00, 0x18, 0x18, 0x00, 0x00, 0x18, 0x18, 0x00  ; :
    36 00008230 0018180000181830    <2>     db 0x00, 0x18, 0x18, 0x00, 0x00, 0x18, 0x18, 0x30  ; ;
    37 00008238 060C1830180C0600    <2>     db 0x06, 0x0C, 0x18, 0x30, 0x18, 0x0C, 0x06, 0x00  ; <
    38 00008240 00007E007E000000    <2>     db 0x00, 0x00, 0x7E, 0x00, 0x7E, 0x00, 0x00, 0x00  ; =
    39 00008248 6030180C18306000    <2>     db 0x60, 0x30, 0x18, 0x0C, 0x18, 0x30, 0x60, 0x00  ; >
    40 00008250 3C66060C18001800    <2>     db 0x3C, 0x66, 0x06, 0x0C, 0x18, 0x00, 0x18, 0x00  ; ?
    41 00008258 3C666E6A6E603C00    <2>     db 0x3C, 0x66, 0x6E, 0x6A, 0x6E, 0x60, 0x3C, 0x00  ; @
    42 00008260 183C66667E666600    <2>     db 0x18, 0x3C, 0x66, 0x66, 0x7E, 0x66, 0x66, 0x00  ; A
    43 00008268 7C66667C66667C00    <2>     db 0x7C, 0x66, 0x66, 0x7C, 0x66, 0x66, 0x7C, 0x00  ; B
    44 00008270 3C66606060663C00    <2>     db 0x3C, 0x66, 0x60, 0x60, 0x60, 0x66, 0x3C, 0x00  ; C
    45 00008278 786C6666666C7800    <2>     db 0x78, 0x6C, 0x66, 0x66, 0x66, 0x6C, 0x78, 0x00  ; D
    46 00008280 7E60607C60607E00    <2>     db 0x7E, 0x60, 0x60, 0x7C, 0x60, 0x60, 0x7E, 0x00  ; E
    47 00008288 7E60607C60606000    <2>     db 0x7E, 0x60, 0x60, 0x7C, 0x60, 0x60, 0x60, 0x00  ; F
    48 00008290 3C66606E66663A00    <2>     db 0x3C, 0x66, 0x60, 0x6E, 0x66, 0x66, 0x3A, 0x00  ; G
    49 00008298 6666667E66666600    <2>     db 0x66, 0x66, 0x66, 0x7E, 0x66, 0x66, 0x66, 0x00  ; H
    50 000082A0 3C18181818183C00    <2>     db 0x3C, 0x18, 0x18, 0x18, 0x18, 0x18, 0x3C, 0x00  ; I
    51 000082A8 1E0C0C0C0C6C3800    <2>     db 0x1E, 0x0C, 0x0C, 0x0C, 0x0C, 0x6C, 0x38, 0x00  ; J
    52 000082B0 666C7870786C6600    <2>     db 0x66, 0x6C, 0x78, 0x70, 0x78, 0x6C, 0x66, 0x00  ; K
    53 000082B8 6060606060607E00    <2>     db 0x60, 0x60, 0x60, 0x60, 0x60, 0x60, 0x7E, 0x00  ; L
    54 000082C0 63777F6B63636300    <2>     db 0x63, 0x77, 0x7F, 0x6B, 0x63, 0x63, 0x63, 0x00  ; M
    55 000082C8 66767E7E6E666600    <2>     db 0x66, 0x76, 0x7E, 0x7E, 0x6E, 0x66, 0x66, 0x00  ; N
    56 000082D0 3C66666666663C00    <2>     db 0x3C, 0x66, 0x66, 0x66, 0x66, 0x66, 0x3C, 0x00  ; O
    57 000082D8 7C66667C60606000    <2>     db 0x7C, 0x66, 0x66, 0x7C, 0x60, 0x60, 0x60, 0x00  ; P
    58 000082E0 3C666666666C3600    <2>     db 0x3C, 0x66, 0x66, 0x66, 0x66, 0x6C, 0x36, 0x00  ; Q
    59 000082E8 7C66667C6C666600    <2>     db 0x7C, 0x66, 0x66, 0x7C, 0x6C, 0x66, 0x66, 0x00  ; R
    60 000082F0 3C66603C06663C00    <2>     db 0x3C, 0x66, 0x60, 0x3C, 0x06, 0x66, 0x3C, 0x00  ; S
    61 000082F8 7E18181818181800    <2>     db 0x7E, 0x18, 0x18, 0x18, 0x18, 0x18, 0x18, 0x00  ; T
    62 00008300 6666666666663C00    <2>     db 0x66, 0x66, 0x66, 0x66, 0x66, 0x66, 0x3C, 0x00  ; U
    63 00008308 66666666663C1800    <2>     db 0x66, 0x66, 0x66, 0x66, 0x66, 0x3C, 0x18, 0x00  ; V
    64 00008310 6363636B7F776300    <2>     db 0x63, 0x63, 0x63, 0x6B, 0x7F, 0x77, 0x63, 0x00  ; W
    65 00008318 66663C183C666600    <2>     db 0x66, 0x66, 0x3C, 0x18, 0x3C, 0x66, 0x66, 0x00  ; X
    66 00008320 6666663C18181800    <2>     db 0x66, 0x66, 0x66, 0x3C, 0x18, 0x18, 0x18, 0x00  ; Y
    67 00008328 7E060C1830607E00    <2>     db 0x7E, 0x06, 0x0C, 0x18, 0x30, 0x60, 0x7E, 0x00  ; Z
    68 00008330 3C30303030303C00    <2>     db 0x3C, 0x30, 0x30, 0x30, 0x30, 0x30, 0x3C, 0x00  ; [
    69 00008338 C06030180C060200    <2>     db 0xC0, 0x60, 0x30, 0x18, 0x0C, 0x06, 0x02, 0x00  ; ASCII 92
    70 00008340 3C0C0C0C0C0C3C00    <2>     db 0x3C, 0x0C, 0x0C, 0x0C, 0x0C, 0x0C, 0x3C, 0x00  ; ]
    71 00008348 183C660000000000    <2>     db 0x18, 0x3C, 0x66, 0x00, 0x00, 0x00, 0x00, 0x00  ; ^
    72 00008350 00000000000000FF    <2>     db 0x00, 0x00, 0x00, 0x00, 0x00, 0x00, 0x00, 0xFF  ; _
    73 00008358 30180C0000000000    <2>     db 0x30, 0x18, 0x0C, 0x00, 0x00, 0x00, 0x00, 0x00  ; `
    74 00008360 00003C063E663E00    <2>     db 0x00, 0x00, 0x3C, 0x06, 0x3E, 0x66, 0x3E, 0x00  ; a
    75 00008368 60607C6666667C00    <2>     db 0x60, 0x60, 0x7C, 0x66, 0x66, 0x66, 0x7C, 0x00  ; b
    76 00008370 00003C6660663C00    <2>     db 0x00, 0x00, 0x3C, 0x66, 0x60, 0x66, 0x3C, 0x00  ; c
    77 00008378 06063E6666663E00    <2>     db 0x06, 0x06, 0x3E, 0x66, 0x66, 0x66, 0x3E, 0x00  ; d
    78 00008380 00003C667E603C00    <2>     db 0x00, 0x00, 0x3C, 0x66, 0x7E, 0x60, 0x3C, 0x00  ; e
    79 00008388 0E187E1818181800    <2>     db 0x0E, 0x18, 0x7E, 0x18, 0x18, 0x18, 0x18, 0x00  ; f
    80 00008390 00003E66663E067C    <2>     db 0x00, 0x00, 0x3E, 0x66, 0x66, 0x3E, 0x06, 0x7C  ; g
    81 00008398 60607C6666666600    <2>     db 0x60, 0x60, 0x7C, 0x66, 0x66, 0x66, 0x66, 0x00  ; h
    82 000083A0 1800381818183C00    <2>     db 0x18, 0x00, 0x38, 0x18, 0x18, 0x18, 0x3C, 0x00  ; i
    83 000083A8 06000E0606663C00    <2>     db 0x06, 0x00, 0x0E, 0x06, 0x06, 0x66, 0x3C, 0x00  ; j
    84 000083B0 6060666C786C6600    <2>     db 0x60, 0x60, 0x66, 0x6C, 0x78, 0x6C, 0x66, 0x00  ; k
    85 000083B8 3818181818183C00    <2>     db 0x38, 0x18, 0x18, 0x18, 0x18, 0x18, 0x3C, 0x00  ; l
    86 000083C0 0000667F7F6B6300    <2>     db 0x00, 0x00, 0x66, 0x7F, 0x7F, 0x6B, 0x63, 0x00  ; m
    87 000083C8 00007C6666666600    <2>     db 0x00, 0x00, 0x7C, 0x66, 0x66, 0x66, 0x66, 0x00  ; n
    88 000083D0 00003C6666663C00    <2>     db 0x00, 0x00, 0x3C, 0x66, 0x66, 0x66, 0x3C, 0x00  ; o
    89 000083D8 00007C66667C6060    <2>     db 0x00, 0x00, 0x7C, 0x66, 0x66, 0x7C, 0x60, 0x60  ; p
    90 000083E0 00003E66663E0606    <2>     db 0x00, 0x00, 0x3E, 0x66, 0x66, 0x3E, 0x06, 0x06  ; q
    91 000083E8 00007C6660606000    <2>     db 0x00, 0x00, 0x7C, 0x66, 0x60, 0x60, 0x60, 0x00  ; r
    92 000083F0 00003E603C067C00    <2>     db 0x00, 0x00, 0x3E, 0x60, 0x3C, 0x06, 0x7C, 0x00  ; s
    93 000083F8 18187E1818180E00    <2>     db 0x18, 0x18, 0x7E, 0x18, 0x18, 0x18, 0x0E, 0x00  ; t
    94 00008400 0000666666663A00    <2>     db 0x00, 0x00, 0x66, 0x66, 0x66, 0x66, 0x3A, 0x00  ; u
    95 00008408 00006666663C1800    <2>     db 0x00, 0x00, 0x66, 0x66, 0x66, 0x3C, 0x18, 0x00  ; v
    96 00008410 0000636B7F776300    <2>     db 0x00, 0x00, 0x63, 0x6B, 0x7F, 0x77, 0x63, 0x00  ; w
    97 00008418 0000663C183C6600    <2>     db 0x00, 0x00, 0x66, 0x3C, 0x18, 0x3C, 0x66, 0x00  ; x
    98 00008420 00006666663E063C    <2>     db 0x00, 0x00, 0x66, 0x66, 0x66, 0x3E, 0x06, 0x3C  ; y
    99 00008428 00007E0C18307E00    <2>     db 0x00, 0x00, 0x7E, 0x0C, 0x18, 0x30, 0x7E, 0x00  ; z
   100 00008430 0E18187018180E00    <2>     db 0x0E, 0x18, 0x18, 0x70, 0x18, 0x18, 0x0E, 0x00  ; {
   101 00008438 1818180018181800    <2>     db 0x18, 0x18, 0x18, 0x00, 0x18, 0x18, 0x18, 0x00  ; |
   102 00008440 7018180E18187000    <2>     db 0x70, 0x18, 0x18, 0x0E, 0x18, 0x18, 0x70, 0x00  ; }
   103 00008448 3B6E000000000000    <2>     db 0x3B, 0x6E, 0x00, 0x00, 0x00, 0x00, 0x00, 0x00  ; ~
   104                              <2> 
     9                              <1> 
    10                              <1> ; Standard 32-bit Color Definitions (0x00RRGGBB)
    11                              <1> COLOR_DESKTOP_TOP       equ 0x000F172A   ; Deep Obsidian / Slate
    12                              <1> COLOR_DESKTOP_BOT       equ 0x00020617   ; Midnight Black
    13                              <1> COLOR_TASKBAR_BG        equ 0x001E293B   ; Slate Panel
    14                              <1> COLOR_TASKBAR_BORDER    equ 0x00334155   ; Border
    15                              <1> COLOR_WIN_TITLE_ACTIVE  equ 0x001E293B   ; Window Title Active
    16                              <1> COLOR_WIN_TITLE_ACCENT  equ 0x000284C7   ; Cyan Header Accent
    17                              <1> COLOR_WIN_BG            equ 0x000F172A   ; Window Body Interior
    18                              <1> COLOR_WIN_BORDER        equ 0x00334155   ; Window Border
    19                              <1> COLOR_WIN_SHADOW        equ 0x00050811   ; Window Drop Shadow
    20                              <1> COLOR_BTN_CLOSE         equ 0x00EF4444   ; Close Button Red
    21                              <1> COLOR_BTN_START         equ 0x000284C7   ; Start Button Cyan
    22                              <1> COLOR_TEXT_WHITE        equ 0x00FFFFFF   ; White
    23                              <1> COLOR_TEXT_MUTED        equ 0x0094A3B8   ; Muted Light Slate
    24                              <1> COLOR_TEXT_CYAN         equ 0x0000F0FF   ; Electric Cyan
    25                              <1> COLOR_TEXT_GREEN        equ 0x0010B981   ; Emerald Green
    26                              <1> COLOR_TEXT_YELLOW       equ 0x00F59E0B   ; Amber / Gold
    27                              <1> COLOR_TERM_BG           equ 0x000A0E17   ; Terminal Dark Background
    28                              <1> 
    29                              <1> ; Cursor Buffers
    30                              <1> CURSOR_W                equ 16
    31                              <1> CURSOR_H                equ 18
    32 00008450 00000000<rep 120h>  <1> cursor_saved:           times (CURSOR_W * CURSOR_H) dd 0
    33 000088D0 FFFFFFFF            <1> cursor_saved_x:         dd -1
    34 000088D4 FFFFFFFF            <1> cursor_saved_y:         dd -1
    35                              <1> 
    36                              <1> ; Cursor Shape Bitmap (18 rows of 16-bit masks):
    37                              <1> ; Bit 1 in mask = Outline (Black 0x00000000)
    38                              <1> ; Bit 1 in fill = Interior (Electric Cyan 0x0000F0FF / White 0x00FFFFFF)
    39                              <1> cursor_mask:
    40 000088D8 0080                <1>     dw 0b1000000000000000
    41 000088DA 00C0                <1>     dw 0b1100000000000000
    42 000088DC 00E0                <1>     dw 0b1110000000000000
    43 000088DE 00F0                <1>     dw 0b1111000000000000
    44 000088E0 00F8                <1>     dw 0b1111100000000000
    45 000088E2 00FC                <1>     dw 0b1111110000000000
    46 000088E4 00FE                <1>     dw 0b1111111000000000
    47 000088E6 00FF                <1>     dw 0b1111111100000000
    48 000088E8 80FF                <1>     dw 0b1111111110000000
    49 000088EA C0FF                <1>     dw 0b1111111111000000
    50 000088EC E0FF                <1>     dw 0b1111111111100000
    51 000088EE F0FF                <1>     dw 0b1111111111110000
    52 000088F0 00FE                <1>     dw 0b1111111000000000
    53 000088F2 00DE                <1>     dw 0b1101111000000000
    54 000088F4 008F                <1>     dw 0b1000111100000000
    55 000088F6 000F                <1>     dw 0b0000111100000000
    56 000088F8 8007                <1>     dw 0b0000011110000000
    57 000088FA 0003                <1>     dw 0b0000001100000000
    58                              <1> 
    59                              <1> cursor_fill:
    60 000088FC 0000                <1>     dw 0b0000000000000000
    61 000088FE 0040                <1>     dw 0b0100000000000000
    62 00008900 0060                <1>     dw 0b0110000000000000
    63 00008902 0070                <1>     dw 0b0111000000000000
    64 00008904 0078                <1>     dw 0b0111100000000000
    65 00008906 007C                <1>     dw 0b0111110000000000
    66 00008908 007E                <1>     dw 0b0111111000000000
    67 0000890A 007F                <1>     dw 0b0111111100000000
    68 0000890C 807F                <1>     dw 0b0111111110000000
    69 0000890E C07F                <1>     dw 0b0111111111000000
    70 00008910 007C                <1>     dw 0b0111110000000000
    71 00008912 006C                <1>     dw 0b0110110000000000
    72 00008914 0046                <1>     dw 0b0100011000000000
    73 00008916 0006                <1>     dw 0b0000011000000000
    74 00008918 0003                <1>     dw 0b0000001100000000
    75 0000891A 0003                <1>     dw 0b0000001100000000
    76 0000891C 8001                <1>     dw 0b0000000110000000
    77 0000891E 0000                <1>     dw 0b0000000000000000
    78                              <1> 
    79                              <1> ; ------------------------------------------------------------------------------
    80                              <1> ; gfx_putpixel: Draws a single 32-bit pixel at (X, Y)
    81                              <1> ; Input: ECX = X, EDX = Y, EAX = Color (0x00RRGGBB)
    82                              <1> ; ------------------------------------------------------------------------------
    83                              <1> gfx_putpixel:
    84 00008920 81F900040000        <1>     cmp ecx, GUI_SCREEN_WIDTH
    85 00008926 731F                <1>     jae .done
    86 00008928 81FA00030000        <1>     cmp edx, GUI_SCREEN_HEIGHT
    87 0000892E 7317                <1>     jae .done
    88                              <1> 
    89 00008930 57                  <1>     push rdi
    90 00008931 488B3D3EF5FFFF      <1>     mov rdi, [bga_lfb_ptr]
    91 00008938 69D200040000        <1>     imul edx, GUI_SCREEN_WIDTH
    92 0000893E 01CA                <1>     add edx, ecx
    93 00008940 C1E202              <1>     shl edx, 2                  ; * 4 bytes per pixel
    94 00008943 890417              <1>     mov [rdi + rdx], eax
    95 00008946 5F                  <1>     pop rdi
    96                              <1> .done:
    97 00008947 C3                  <1>     ret
    98                              <1> 
    99                              <1> ; ------------------------------------------------------------------------------
   100                              <1> ; gfx_getpixel: Reads a single 32-bit pixel from (X, Y)
   101                              <1> ; Input: ECX = X, EDX = Y
   102                              <1> ; Output: EAX = Color
   103                              <1> ; ------------------------------------------------------------------------------
   104                              <1> gfx_getpixel:
   105 00008948 81F900040000        <1>     cmp ecx, GUI_SCREEN_WIDTH
   106 0000894E 7320                <1>     jae .black
   107 00008950 81FA00030000        <1>     cmp edx, GUI_SCREEN_HEIGHT
   108 00008956 7318                <1>     jae .black
   109                              <1> 
   110 00008958 57                  <1>     push rdi
   111 00008959 488B3D16F5FFFF      <1>     mov rdi, [bga_lfb_ptr]
   112 00008960 69D200040000        <1>     imul edx, GUI_SCREEN_WIDTH
   113 00008966 01CA                <1>     add edx, ecx
   114 00008968 C1E202              <1>     shl edx, 2
   115 0000896B 8B0417              <1>     mov eax, [rdi + rdx]
   116 0000896E 5F                  <1>     pop rdi
   117 0000896F C3                  <1>     ret
   118                              <1> .black:
   119 00008970 31C0                <1>     xor eax, eax
   120 00008972 C3                  <1>     ret
   121                              <1> 
   122                              <1> ; ------------------------------------------------------------------------------
   123                              <1> ; gfx_clear_screen: Fills entire 1024x768 framebuffer with a single color
   124                              <1> ; Input: EAX = Color (0x00RRGGBB)
   125                              <1> ; ------------------------------------------------------------------------------
   126                              <1> gfx_clear_screen:
   127 00008973 51                  <1>     push rcx
   128 00008974 57                  <1>     push rdi
   129 00008975 488B3DFAF4FFFF      <1>     mov rdi, [bga_lfb_ptr]
   130 0000897C B900000C00          <1>     mov ecx, (GUI_SCREEN_WIDTH * GUI_SCREEN_HEIGHT)
   131 00008981 F3AB                <1>     rep stosd
   132 00008983 5F                  <1>     pop rdi
   133 00008984 59                  <1>     pop rcx
   134 00008985 C3                  <1>     ret
   135                              <1> 
   136                              <1> ; ------------------------------------------------------------------------------
   137                              <1> ; gfx_fill_rect: Draws a solid filled rectangle
   138                              <1> ; Input:
   139                              <1> ;   ECX = X, EDX = Y, ESI = Width, R8D = Height, EAX = Color
   140                              <1> ; ------------------------------------------------------------------------------
   141                              <1> gfx_fill_rect:
   142 00008986 53                  <1>     push rbx
   143 00008987 51                  <1>     push rcx
   144 00008988 52                  <1>     push rdx
   145 00008989 57                  <1>     push rdi
   146 0000898A 56                  <1>     push rsi
   147 0000898B 4150                <1>     push r8
   148 0000898D 4151                <1>     push r9
   149 0000898F 4152                <1>     push r10
   150 00008991 4153                <1>     push r11
   151 00008993 4154                <1>     push r12
   152 00008995 4155                <1>     push r13
   153                              <1> 
   154                              <1>     ; Bounds validation
   155 00008997 81F900040000        <1>     cmp ecx, GUI_SCREEN_WIDTH
   156 0000899D 7373                <1>     jae .exit
   157 0000899F 81FA00030000        <1>     cmp edx, GUI_SCREEN_HEIGHT
   158 000089A5 736B                <1>     jae .exit
   159 000089A7 85F6                <1>     test esi, esi
   160 000089A9 7467                <1>     jz .exit
   161 000089AB 4585C0              <1>     test r8d, r8d
   162 000089AE 7462                <1>     jz .exit
   163                              <1> 
   164                              <1>     ; Clip Width
   165 000089B0 89CB                <1>     mov ebx, ecx
   166 000089B2 01F3                <1>     add ebx, esi
   167 000089B4 81FB00040000        <1>     cmp ebx, GUI_SCREEN_WIDTH
   168 000089BA 7607                <1>     jbe .w_ok
   169 000089BC BE00040000          <1>     mov esi, GUI_SCREEN_WIDTH
   170 000089C1 29CE                <1>     sub esi, ecx
   171                              <1> .w_ok:
   172                              <1> 
   173                              <1>     ; Clip Height
   174 000089C3 89D3                <1>     mov ebx, edx
   175 000089C5 4401C3              <1>     add ebx, r8d
   176 000089C8 81FB00030000        <1>     cmp ebx, GUI_SCREEN_HEIGHT
   177 000089CE 7609                <1>     jbe .h_ok
   178 000089D0 41B800030000        <1>     mov r8d, GUI_SCREEN_HEIGHT
   179 000089D6 4129D0              <1>     sub r8d, edx
   180                              <1> .h_ok:
   181                              <1> 
   182 000089D9 4189C9              <1>     mov r9d, ecx                ; R9D = X
   183 000089DC 4189D2              <1>     mov r10d, edx               ; R10D = Y
   184 000089DF 4189F3              <1>     mov r11d, esi               ; R11D = Width
   185 000089E2 4589C4              <1>     mov r12d, r8d               ; R12D = Remaining Height
   186 000089E5 4189C5              <1>     mov r13d, eax               ; R13D = Color
   187                              <1> 
   188                              <1> .row_loop:
   189                              <1>     ; Calculate row starting address: lfb + (y * 1024 + x) * 4
   190 000089E8 488B3D87F4FFFF      <1>     mov rdi, [bga_lfb_ptr]
   191 000089EF 4489D0              <1>     mov eax, r10d
   192 000089F2 69C000040000        <1>     imul eax, GUI_SCREEN_WIDTH
   193 000089F8 4401C8              <1>     add eax, r9d
   194 000089FB 48C1E002            <1>     shl rax, 2
   195 000089FF 4801C7              <1>     add rdi, rax
   196                              <1> 
   197 00008A02 4489E8              <1>     mov eax, r13d
   198 00008A05 4489D9              <1>     mov ecx, r11d
   199 00008A08 F3AB                <1>     rep stosd
   200                              <1> 
   201 00008A0A 41FFC2              <1>     inc r10d                    ; Y++
   202 00008A0D 41FFCC              <1>     dec r12d
   203 00008A10 75D6                <1>     jnz .row_loop
   204                              <1> 
   205                              <1> .exit:
   206 00008A12 415D                <1>     pop r13
   207 00008A14 415C                <1>     pop r12
   208 00008A16 415B                <1>     pop r11
   209 00008A18 415A                <1>     pop r10
   210 00008A1A 4159                <1>     pop r9
   211 00008A1C 4158                <1>     pop r8
   212 00008A1E 5E                  <1>     pop rsi
   213 00008A1F 5F                  <1>     pop rdi
   214 00008A20 5A                  <1>     pop rdx
   215 00008A21 59                  <1>     pop rcx
   216 00008A22 5B                  <1>     pop rbx
   217 00008A23 C3                  <1>     ret
   218                              <1> 
   219                              <1> ; ------------------------------------------------------------------------------
   220                              <1> ; gfx_draw_rect: Draws a 1-pixel rectangle outline
   221                              <1> ; Input:
   222                              <1> ;   ECX = X, EDX = Y, ESI = Width, R8D = Height, EAX = Color
   223                              <1> ; ------------------------------------------------------------------------------
   224                              <1> gfx_draw_rect:
   225 00008A24 53                  <1>     push rbx
   226 00008A25 51                  <1>     push rcx
   227 00008A26 52                  <1>     push rdx
   228 00008A27 56                  <1>     push rsi
   229 00008A28 4150                <1>     push r8
   230                              <1> 
   231 00008A2A 89C3                <1>     mov ebx, eax                ; EBX = color
   232                              <1> 
   233                              <1>     ; Top horizontal line (y, w)
   234 00008A2C 51                  <1>     push rcx
   235 00008A2D 52                  <1>     push rdx
   236 00008A2E 56                  <1>     push rsi
   237 00008A2F 4150                <1>     push r8
   238 00008A31 41B801000000        <1>     mov r8d, 1
   239 00008A37 89D8                <1>     mov eax, ebx
   240 00008A39 E848FFFFFF          <1>     call gfx_fill_rect
   241 00008A3E 4158                <1>     pop r8
   242 00008A40 5E                  <1>     pop rsi
   243 00008A41 5A                  <1>     pop rdx
   244 00008A42 59                  <1>     pop rcx
   245                              <1> 
   246                              <1>     ; Bottom horizontal line (y + h - 1, w)
   247 00008A43 51                  <1>     push rcx
   248 00008A44 52                  <1>     push rdx
   249 00008A45 56                  <1>     push rsi
   250 00008A46 4150                <1>     push r8
   251 00008A48 4401C2              <1>     add edx, r8d
   252 00008A4B FFCA                <1>     dec edx
   253 00008A4D 41B801000000        <1>     mov r8d, 1
   254 00008A53 89D8                <1>     mov eax, ebx
   255 00008A55 E82CFFFFFF          <1>     call gfx_fill_rect
   256 00008A5A 4158                <1>     pop r8
   257 00008A5C 5E                  <1>     pop rsi
   258 00008A5D 5A                  <1>     pop rdx
   259 00008A5E 59                  <1>     pop rcx
   260                              <1> 
   261                              <1>     ; Left vertical line (x, h)
   262 00008A5F 51                  <1>     push rcx
   263 00008A60 52                  <1>     push rdx
   264 00008A61 56                  <1>     push rsi
   265 00008A62 4150                <1>     push r8
   266 00008A64 BE01000000          <1>     mov esi, 1
   267 00008A69 89D8                <1>     mov eax, ebx
   268 00008A6B E816FFFFFF          <1>     call gfx_fill_rect
   269 00008A70 4158                <1>     pop r8
   270 00008A72 5E                  <1>     pop rsi
   271 00008A73 5A                  <1>     pop rdx
   272 00008A74 59                  <1>     pop rcx
   273                              <1> 
   274                              <1>     ; Right vertical line (x + w - 1, h)
   275 00008A75 51                  <1>     push rcx
   276 00008A76 52                  <1>     push rdx
   277 00008A77 56                  <1>     push rsi
   278 00008A78 4150                <1>     push r8
   279 00008A7A 01F1                <1>     add ecx, esi
   280 00008A7C FFC9                <1>     dec ecx
   281 00008A7E BE01000000          <1>     mov esi, 1
   282 00008A83 89D8                <1>     mov eax, ebx
   283 00008A85 E8FCFEFFFF          <1>     call gfx_fill_rect
   284 00008A8A 4158                <1>     pop r8
   285 00008A8C 5E                  <1>     pop rsi
   286 00008A8D 5A                  <1>     pop rdx
   287 00008A8E 59                  <1>     pop rcx
   288                              <1> 
   289 00008A8F 4158                <1>     pop r8
   290 00008A91 5E                  <1>     pop rsi
   291 00008A92 5A                  <1>     pop rdx
   292 00008A93 59                  <1>     pop rcx
   293 00008A94 5B                  <1>     pop rbx
   294 00008A95 C3                  <1>     ret
   295                              <1> 
   296 00008A96 00000000            <1> grad_x:  dd 0
   297 00008A9A 00000000            <1> grad_y:  dd 0
   298 00008A9E 00000000            <1> grad_w:  dd 0
   299 00008AA2 00000000            <1> grad_h:  dd 0
   300 00008AA6 00000000            <1> grad_c1: dd 0
   301 00008AAA 00000000            <1> grad_c2: dd 0
   302                              <1> 
   303                              <1> ; ------------------------------------------------------------------------------
   304                              <1> ; gfx_draw_gradient_v: Fills rectangle with smooth vertical gradient
   305                              <1> ; Input:
   306                              <1> ;   ECX = X, EDX = Y, ESI = Width, R8D = Height
   307                              <1> ;   R9D = Top Color (0x00RRGGBB), R10D = Bottom Color (0x00RRGGBB)
   308                              <1> ; ------------------------------------------------------------------------------
   309                              <1> gfx_draw_gradient_v:
   310 00008AAE 50                  <1>     push rax
   311 00008AAF 53                  <1>     push rbx
   312 00008AB0 51                  <1>     push rcx
   313 00008AB1 52                  <1>     push rdx
   314 00008AB2 56                  <1>     push rsi
   315 00008AB3 57                  <1>     push rdi
   316 00008AB4 4150                <1>     push r8
   317 00008AB6 4151                <1>     push r9
   318 00008AB8 4152                <1>     push r10
   319 00008ABA 4153                <1>     push r11
   320 00008ABC 4154                <1>     push r12
   321 00008ABE 4155                <1>     push r13
   322 00008AC0 4156                <1>     push r14
   323 00008AC2 4157                <1>     push r15
   324                              <1> 
   325 00008AC4 4585C0              <1>     test r8d, r8d
   326 00008AC7 0F84EF000000        <1>     jz .done
   327 00008ACD 85F6                <1>     test esi, esi
   328 00008ACF 0F84E7000000        <1>     jz .done
   329                              <1> 
   330 00008AD5 890DBBFFFFFF        <1>     mov [grad_x], ecx
   331 00008ADB 8915B9FFFFFF        <1>     mov [grad_y], edx
   332 00008AE1 8935B7FFFFFF        <1>     mov [grad_w], esi
   333 00008AE7 448905B4FFFFFF      <1>     mov [grad_h], r8d
   334 00008AEE 44890DB1FFFFFF      <1>     mov [grad_c1], r9d
   335 00008AF5 448915AEFFFFFF      <1>     mov [grad_c2], r10d
   336                              <1> 
   337 00008AFC 4589C3              <1>     mov r11d, r8d               ; R11D = Height (total steps)
   338 00008AFF 4531E4              <1>     xor r12d, r12d              ; R12D = Step (0 .. Height - 1)
   339                              <1> 
   340                              <1> .grad_loop:
   341                              <1>     ; Top Color Components:
   342 00008B02 8B059EFFFFFF        <1>     mov eax, [grad_c1]
   343 00008B08 440FB6E8            <1>     movzx r13d, al              ; Top B
   344 00008B0C C1E808              <1>     shr eax, 8
   345 00008B0F 440FB6F0            <1>     movzx r14d, al              ; Top G
   346 00008B13 C1E808              <1>     shr eax, 8
   347 00008B16 440FB6F8            <1>     movzx r15d, al              ; Top R
   348                              <1> 
   349                              <1>     ; Bot Color Components:
   350 00008B1A 8B058AFFFFFF        <1>     mov eax, [grad_c2]
   351 00008B20 0FB6D0              <1>     movzx edx, al               ; Bot B
   352 00008B23 C1E808              <1>     shr eax, 8
   353 00008B26 0FB6D8              <1>     movzx ebx, al               ; Bot G
   354 00008B29 C1E808              <1>     shr eax, 8
   355 00008B2C 0FB6C8              <1>     movzx ecx, al               ; Bot R
   356                              <1> 
   357                              <1>     ; Interpolate Red: Top R + (Bot R - Top R) * step / height
   358 00008B2F 4429F9              <1>     sub ecx, r15d
   359 00008B32 410FAFCC            <1>     imul ecx, r12d
   360 00008B36 89C8                <1>     mov eax, ecx
   361 00008B38 99                  <1>     cdq
   362 00008B39 41F7FB              <1>     idiv r11d
   363 00008B3C 4401F8              <1>     add eax, r15d
   364 00008B3F 25FF000000          <1>     and eax, 0xFF
   365 00008B44 C1E010              <1>     shl eax, 16
   366 00008B47 50                  <1>     push rax                    ; Save Red on stack
   367                              <1> 
   368                              <1>     ; Interpolate Green: Top G + (Bot G - Top G) * step / height
   369 00008B48 4429F3              <1>     sub ebx, r14d
   370 00008B4B 410FAFDC            <1>     imul ebx, r12d
   371 00008B4F 89D8                <1>     mov eax, ebx
   372 00008B51 99                  <1>     cdq
   373 00008B52 41F7FB              <1>     idiv r11d
   374 00008B55 4401F0              <1>     add eax, r14d
   375 00008B58 25FF000000          <1>     and eax, 0xFF
   376 00008B5D C1E008              <1>     shl eax, 8
   377 00008B60 50                  <1>     push rax                    ; Save Green on stack
   378                              <1> 
   379                              <1>     ; Interpolate Blue: Top B + (Bot B - Top B) * step / height
   380                              <1>     ; Need Bot B:
   381 00008B61 8B0543FFFFFF        <1>     mov eax, [grad_c2]
   382 00008B67 25FF000000          <1>     and eax, 0xFF               ; Bot B
   383 00008B6C 4429E8              <1>     sub eax, r13d
   384 00008B6F 410FAFC4            <1>     imul eax, r12d
   385 00008B73 99                  <1>     cdq
   386 00008B74 41F7FB              <1>     idiv r11d
   387 00008B77 4401E8              <1>     add eax, r13d
   388 00008B7A 25FF000000          <1>     and eax, 0xFF               ; EAX = Blue
   389                              <1> 
   390                              <1>     ; Combine R, G, B
   391 00008B7F 5B                  <1>     pop rbx                     ; Green
   392 00008B80 09D8                <1>     or eax, ebx
   393 00008B82 5B                  <1>     pop rbx                     ; Red
   394 00008B83 09D8                <1>     or eax, ebx                 ; EAX = 0x00RRGGBB
   395                              <1> 
   396                              <1>     ; Write scanline to Framebuffer
   397 00008B85 488B3DEAF2FFFF      <1>     mov rdi, [bga_lfb_ptr]
   398 00008B8C 8B1508FFFFFF        <1>     mov edx, [grad_y]
   399 00008B92 4401E2              <1>     add edx, r12d               ; Y + step
   400 00008B95 69D200040000        <1>     imul edx, GUI_SCREEN_WIDTH
   401 00008B9B 0315F5FEFFFF        <1>     add edx, [grad_x]
   402 00008BA1 48C1E202            <1>     shl rdx, 2
   403 00008BA5 4801D7              <1>     add rdi, rdx
   404                              <1> 
   405 00008BA8 8B0DF0FEFFFF        <1>     mov ecx, [grad_w]
   406 00008BAE F3AB                <1>     rep stosd
   407                              <1> 
   408 00008BB0 41FFC4              <1>     inc r12d
   409 00008BB3 4539DC              <1>     cmp r12d, r11d
   410 00008BB6 0F8C46FFFFFF        <1>     jl .grad_loop
   411                              <1> 
   412                              <1> .done:
   413 00008BBC 415F                <1>     pop r15
   414 00008BBE 415E                <1>     pop r14
   415 00008BC0 415D                <1>     pop r13
   416 00008BC2 415C                <1>     pop r12
   417 00008BC4 415B                <1>     pop r11
   418 00008BC6 415A                <1>     pop r10
   419 00008BC8 4159                <1>     pop r9
   420 00008BCA 4158                <1>     pop r8
   421 00008BCC 5F                  <1>     pop rdi
   422 00008BCD 5E                  <1>     pop rsi
   423 00008BCE 5A                  <1>     pop rdx
   424 00008BCF 59                  <1>     pop rcx
   425 00008BD0 5B                  <1>     pop rbx
   426 00008BD1 58                  <1>     pop rax
   427 00008BD2 C3                  <1>     ret
   428                              <1> 
   429                              <1> ; ------------------------------------------------------------------------------
   430                              <1> ; gfx_draw_char: Renders a single 8x8 bitmap character at (X, Y)
   431                              <1> ; Input:
   432                              <1> ;   ECX = X, EDX = Y, AL = ASCII Char, ESI = FG Color, R8D = BG Color (-1 = transp)
   433                              <1> ; ------------------------------------------------------------------------------
   434                              <1> gfx_draw_char:
   435 00008BD3 50                  <1>     push rax
   436 00008BD4 53                  <1>     push rbx
   437 00008BD5 51                  <1>     push rcx
   438 00008BD6 52                  <1>     push rdx
   439 00008BD7 56                  <1>     push rsi
   440 00008BD8 57                  <1>     push rdi
   441 00008BD9 4150                <1>     push r8
   442 00008BDB 4151                <1>     push r9
   443 00008BDD 4152                <1>     push r10
   444 00008BDF 4153                <1>     push r11
   445 00008BE1 4154                <1>     push r12
   446 00008BE3 4155                <1>     push r13
   447 00008BE5 4156                <1>     push r14
   448 00008BE7 4157                <1>     push r15
   449                              <1> 
   450                              <1>     ; Clamp character to printable range [32 .. 126]
   451 00008BE9 3C20                <1>     cmp al, 32
   452 00008BEB 7302                <1>     jae .chk_max
   453 00008BED B020                <1>     mov al, 32
   454                              <1> .chk_max:
   455 00008BEF 3C7E                <1>     cmp al, 126
   456 00008BF1 7602                <1>     jbe .char_ok
   457 00008BF3 B03F                <1>     mov al, '?'
   458                              <1> .char_ok:
   459 00008BF5 2C20                <1>     sub al, 32                  ; 0-based glyph index
   460 00008BF7 0FB6C0              <1>     movzx eax, al
   461 00008BFA C1E003              <1>     shl eax, 3                  ; Index * 8 bytes per glyph
   462 00008BFD 488D1D54F5FFFF      <1>     lea rbx, [font_8x8_data]
   463 00008C04 4801C3              <1>     add rbx, rax                ; RBX = Pointer to 8 bytes of glyph data
   464                              <1> 
   465 00008C07 4189C9              <1>     mov r9d, ecx                ; R9D = Base X
   466 00008C0A 4189D2              <1>     mov r10d, edx               ; R10D = Base Y
   467 00008C0D 4189F3              <1>     mov r11d, esi               ; R11D = FG Color
   468 00008C10 4589C4              <1>     mov r12d, r8d               ; R12D = BG Color
   469                              <1> 
   470 00008C13 4531ED              <1>     xor r13d, r13d              ; R13D = row (0 .. 7)
   471                              <1> .row_loop:
   472 00008C16 460FB6342B          <1>     movzx r14d, byte [rbx + r13] ; R14D = 8-bit glyph row pattern
   473                              <1> 
   474 00008C1B 4531FF              <1>     xor r15d, r15d              ; R15D = col (0 .. 7)
   475                              <1> .col_loop:
   476                              <1>     ; Bit 7 is leftmost pixel (col 0), Bit 0 is rightmost pixel (col 7)
   477                              <1>     ; Test bit (7 - col)
   478 00008C1E B907000000          <1>     mov ecx, 7
   479 00008C23 4429F9              <1>     sub ecx, r15d
   480 00008C26 410FA3CE            <1>     bt r14d, ecx
   481 00008C2A 721C                <1>     jc .draw_fg
   482                              <1> 
   483                              <1>     ; Background pixel
   484 00008C2C 4183FCFF            <1>     cmp r12d, -1                ; Transparent?
   485 00008C30 742A                <1>     je .next_col
   486 00008C32 4489C9              <1>     mov ecx, r9d
   487 00008C35 4401F9              <1>     add ecx, r15d               ; X = Base X + col
   488 00008C38 4489D2              <1>     mov edx, r10d
   489 00008C3B 4401EA              <1>     add edx, r13d               ; Y = Base Y + row
   490 00008C3E 4489E0              <1>     mov eax, r12d               ; Color = BG Color
   491 00008C41 E8DAFCFFFF          <1>     call gfx_putpixel
   492 00008C46 EB14                <1>     jmp .next_col
   493                              <1> 
   494                              <1> .draw_fg:
   495 00008C48 4489C9              <1>     mov ecx, r9d
   496 00008C4B 4401F9              <1>     add ecx, r15d               ; X = Base X + col
   497 00008C4E 4489D2              <1>     mov edx, r10d
   498 00008C51 4401EA              <1>     add edx, r13d               ; Y = Base Y + row
   499 00008C54 4489D8              <1>     mov eax, r11d               ; Color = FG Color
   500 00008C57 E8C4FCFFFF          <1>     call gfx_putpixel
   501                              <1> 
   502                              <1> .next_col:
   503 00008C5C 41FFC7              <1>     inc r15d
   504 00008C5F 4183FF08            <1>     cmp r15d, 8
   505 00008C63 7CB9                <1>     jl .col_loop
   506                              <1> 
   507 00008C65 41FFC5              <1>     inc r13d
   508 00008C68 4183FD08            <1>     cmp r13d, 8
   509 00008C6C 7CA8                <1>     jl .row_loop
   510                              <1> 
   511 00008C6E 415F                <1>     pop r15
   512 00008C70 415E                <1>     pop r14
   513 00008C72 415D                <1>     pop r13
   514 00008C74 415C                <1>     pop r12
   515 00008C76 415B                <1>     pop r11
   516 00008C78 415A                <1>     pop r10
   517 00008C7A 4159                <1>     pop r9
   518 00008C7C 4158                <1>     pop r8
   519 00008C7E 5F                  <1>     pop rdi
   520 00008C7F 5E                  <1>     pop rsi
   521 00008C80 5A                  <1>     pop rdx
   522 00008C81 59                  <1>     pop rcx
   523 00008C82 5B                  <1>     pop rbx
   524 00008C83 58                  <1>     pop rax
   525 00008C84 C3                  <1>     ret
   526                              <1> 
   527                              <1> ; ------------------------------------------------------------------------------
   528                              <1> ; gfx_print_string: Draws null-terminated text string at (X, Y)
   529                              <1> ; Input:
   530                              <1> ;   ECX = X, EDX = Y, RSI = Pointer to string, EAX = FG Color, EBX = BG Color
   531                              <1> ; ------------------------------------------------------------------------------
   532                              <1> gfx_print_string:
   533 00008C85 50                  <1>     push rax
   534 00008C86 53                  <1>     push rbx
   535 00008C87 51                  <1>     push rcx
   536 00008C88 52                  <1>     push rdx
   537 00008C89 56                  <1>     push rsi
   538 00008C8A 57                  <1>     push rdi
   539 00008C8B 4153                <1>     push r11
   540 00008C8D 4154                <1>     push r12
   541 00008C8F 4155                <1>     push r13
   542 00008C91 4156                <1>     push r14
   543 00008C93 4157                <1>     push r15
   544                              <1> 
   545 00008C95 4989F3              <1>     mov r11, rsi                ; R11 = String Pointer
   546 00008C98 4189CC              <1>     mov r12d, ecx               ; Initial X
   547 00008C9B 4189CD              <1>     mov r13d, ecx               ; Margin X
   548 00008C9E 4189D6              <1>     mov r14d, edx               ; Y
   549 00008CA1 4189C7              <1>     mov r15d, eax               ; FG Color
   550 00008CA4 89DF                <1>     mov edi, ebx                ; BG Color
   551                              <1> 
   552                              <1> .loop:
   553 00008CA6 418A03              <1>     mov al, [r11]
   554 00008CA9 49FFC3              <1>     inc r11
   555 00008CAC 84C0                <1>     test al, al
   556 00008CAE 7428                <1>     jz .done
   557                              <1> 
   558 00008CB0 3C0A                <1>     cmp al, 0x0A                ; Line feed '\n'
   559 00008CB2 741B                <1>     je .newline
   560 00008CB4 3C0D                <1>     cmp al, 0x0D                ; Carriage return '\r'
   561 00008CB6 74EE                <1>     je .loop
   562                              <1> 
   563                              <1>     ; Draw character
   564 00008CB8 4489E1              <1>     mov ecx, r12d
   565 00008CBB 4489F2              <1>     mov edx, r14d
   566 00008CBE 4489FE              <1>     mov esi, r15d
   567 00008CC1 4189F8              <1>     mov r8d, edi
   568 00008CC4 E80AFFFFFF          <1>     call gfx_draw_char
   569                              <1> 
   570 00008CC9 4183C408            <1>     add r12d, 8                 ; Advance 8 pixels
   571 00008CCD EBD7                <1>     jmp .loop
   572                              <1> 
   573                              <1> .newline:
   574 00008CCF 4589EC              <1>     mov r12d, r13d              ; Reset to left margin
   575 00008CD2 4183C60A            <1>     add r14d, 10                ; Advance line (8 px font + 2 px padding)
   576 00008CD6 EBCE                <1>     jmp .loop
   577                              <1> 
   578                              <1> .done:
   579 00008CD8 415F                <1>     pop r15
   580 00008CDA 415E                <1>     pop r14
   581 00008CDC 415D                <1>     pop r13
   582 00008CDE 415C                <1>     pop r12
   583 00008CE0 415B                <1>     pop r11
   584 00008CE2 5F                  <1>     pop rdi
   585 00008CE3 5E                  <1>     pop rsi
   586 00008CE4 5A                  <1>     pop rdx
   587 00008CE5 59                  <1>     pop rcx
   588 00008CE6 5B                  <1>     pop rbx
   589 00008CE7 58                  <1>     pop rax
   590 00008CE8 C3                  <1>     ret
   591                              <1> 
   592                              <1> ; ------------------------------------------------------------------------------
   593                              <1> ; gfx_draw_cursor: Draws the 16x18 arrow pointer at (X, Y) with background save
   594                              <1> ; Input: ECX = X, EDX = Y
   595                              <1> ; ------------------------------------------------------------------------------
   596                              <1> gfx_draw_cursor:
   597 00008CE9 50                  <1>     push rax
   598 00008CEA 53                  <1>     push rbx
   599 00008CEB 51                  <1>     push rcx
   600 00008CEC 52                  <1>     push rdx
   601 00008CED 56                  <1>     push rsi
   602 00008CEE 57                  <1>     push rdi
   603 00008CEF 4150                <1>     push r8
   604 00008CF1 4151                <1>     push r9
   605 00008CF3 4152                <1>     push r10
   606                              <1> 
   607 00008CF5 890DD5FBFFFF        <1>     mov [cursor_saved_x], ecx
   608 00008CFB 8915D3FBFFFF        <1>     mov [cursor_saved_y], edx
   609                              <1> 
   610                              <1>     ; 1. Save background pixels into cursor_saved buffer
   611 00008D01 488D3548F7FFFF      <1>     lea rsi, [cursor_saved]
   612 00008D08 4531C0              <1>     xor r8d, r8d                ; Row 0 .. 17
   613                              <1> .save_row:
   614 00008D0B 4531C9              <1>     xor r9d, r9d                ; Col 0 .. 15
   615                              <1> .save_col:
   616 00008D0E 8B0DBCFBFFFF        <1>     mov ecx, [cursor_saved_x]
   617 00008D14 4401C9              <1>     add ecx, r9d
   618 00008D17 8B15B7FBFFFF        <1>     mov edx, [cursor_saved_y]
   619 00008D1D 4401C2              <1>     add edx, r8d
   620 00008D20 E823FCFFFF          <1>     call gfx_getpixel
   621 00008D25 8906                <1>     mov [rsi], eax
   622 00008D27 4883C604            <1>     add rsi, 4
   623                              <1> 
   624 00008D2B 41FFC1              <1>     inc r9d
   625 00008D2E 4183F910            <1>     cmp r9d, CURSOR_W
   626 00008D32 7CDA                <1>     jl .save_col
   627                              <1> 
   628 00008D34 41FFC0              <1>     inc r8d
   629 00008D37 4183F812            <1>     cmp r8d, CURSOR_H
   630 00008D3B 7CCE                <1>     jl .save_row
   631                              <1> 
   632                              <1>     ; 2. Render Cursor Pixels
   633 00008D3D 4531C0              <1>     xor r8d, r8d                ; Row 0 .. 17
   634                              <1> .draw_row:
   635 00008D40 430FB79C00-         <1>     movzx ebx, word [cursor_mask + r8 * 2]
   635 00008D45 [D8880000]          <1>
   636 00008D49 470FB79400-         <1>     movzx r10d, word [cursor_fill + r8 * 2]
   636 00008D4E [FC880000]          <1>
   637 00008D52 4531C9              <1>     xor r9d, r9d                ; Col 0 .. 15
   638                              <1> 
   639                              <1> .draw_col:
   640 00008D55 B10F                <1>     mov cl, 15
   641 00008D57 4428C9              <1>     sub cl, r9b                 ; Bit index (15 - col)
   642                              <1> 
   643                              <1>     ; Test mask bit (Black outline)
   644 00008D5A 0FA3CB              <1>     bt ebx, ecx
   645 00008D5D 7340                <1>     jnc .next_cursor_px
   646                              <1> 
   647                              <1>     ; Test fill bit (Electric Cyan / White core)
   648 00008D5F 410FA3CA            <1>     bt r10d, ecx
   649 00008D63 721E                <1>     jc .draw_fill
   650                              <1> 
   651                              <1>     ; Draw Black Outline
   652 00008D65 8B0D65FBFFFF        <1>     mov ecx, [cursor_saved_x]
   653 00008D6B 4401C9              <1>     add ecx, r9d
   654 00008D6E 8B1560FBFFFF        <1>     mov edx, [cursor_saved_y]
   655 00008D74 4401C2              <1>     add edx, r8d
   656 00008D77 B800000000          <1>     mov eax, 0x00000000         ; Black
   657 00008D7C E89FFBFFFF          <1>     call gfx_putpixel
   658 00008D81 EB1C                <1>     jmp .next_cursor_px
   659                              <1> 
   660                              <1> .draw_fill:
   661 00008D83 8B0D47FBFFFF        <1>     mov ecx, [cursor_saved_x]
   662 00008D89 4401C9              <1>     add ecx, r9d
   663 00008D8C 8B1542FBFFFF        <1>     mov edx, [cursor_saved_y]
   664 00008D92 4401C2              <1>     add edx, r8d
   665 00008D95 B8FFF00000          <1>     mov eax, 0x0000F0FF         ; Electric Cyan Core
   666 00008D9A E881FBFFFF          <1>     call gfx_putpixel
   667                              <1> 
   668                              <1> .next_cursor_px:
   669 00008D9F 41FFC1              <1>     inc r9d
   670 00008DA2 4183F910            <1>     cmp r9d, CURSOR_W
   671 00008DA6 7CAD                <1>     jl .draw_col
   672                              <1> 
   673 00008DA8 41FFC0              <1>     inc r8d
   674 00008DAB 4183F812            <1>     cmp r8d, CURSOR_H
   675 00008DAF 7C8F                <1>     jl .draw_row
   676                              <1> 
   677 00008DB1 415A                <1>     pop r10
   678 00008DB3 4159                <1>     pop r9
   679 00008DB5 4158                <1>     pop r8
   680 00008DB7 5F                  <1>     pop rdi
   681 00008DB8 5E                  <1>     pop rsi
   682 00008DB9 5A                  <1>     pop rdx
   683 00008DBA 59                  <1>     pop rcx
   684 00008DBB 5B                  <1>     pop rbx
   685 00008DBC 58                  <1>     pop rax
   686 00008DBD C3                  <1>     ret
   687                              <1> 
   688                              <1> ; ------------------------------------------------------------------------------
   689                              <1> ; gfx_restore_cursor: Restores saved pixels under cursor to prevent ghosting
   690                              <1> ; ------------------------------------------------------------------------------
   691                              <1> gfx_restore_cursor:
   692 00008DBE 50                  <1>     push rax
   693 00008DBF 53                  <1>     push rbx
   694 00008DC0 51                  <1>     push rcx
   695 00008DC1 52                  <1>     push rdx
   696 00008DC2 56                  <1>     push rsi
   697 00008DC3 57                  <1>     push rdi
   698 00008DC4 4150                <1>     push r8
   699 00008DC6 4151                <1>     push r9
   700                              <1> 
   701 00008DC8 8B0502FBFFFF        <1>     mov eax, [cursor_saved_x]
   702 00008DCE 83F8FF              <1>     cmp eax, -1
   703 00008DD1 7450                <1>     je .done                    ; Never drawn
   704                              <1> 
   705 00008DD3 488D3576F6FFFF      <1>     lea rsi, [cursor_saved]
   706 00008DDA 4531C0              <1>     xor r8d, r8d                ; Row 0 .. 17
   707                              <1> .rest_row:
   708 00008DDD 4531C9              <1>     xor r9d, r9d                ; Col 0 .. 15
   709                              <1> .rest_col:
   710 00008DE0 8B0DEAFAFFFF        <1>     mov ecx, [cursor_saved_x]
   711 00008DE6 4401C9              <1>     add ecx, r9d
   712 00008DE9 8B15E5FAFFFF        <1>     mov edx, [cursor_saved_y]
   713 00008DEF 4401C2              <1>     add edx, r8d
   714 00008DF2 8B06                <1>     mov eax, [rsi]
   715 00008DF4 E827FBFFFF          <1>     call gfx_putpixel
   716 00008DF9 4883C604            <1>     add rsi, 4
   717                              <1> 
   718 00008DFD 41FFC1              <1>     inc r9d
   719 00008E00 4183F910            <1>     cmp r9d, CURSOR_W
   720 00008E04 7CDA                <1>     jl .rest_col
   721                              <1> 
   722 00008E06 41FFC0              <1>     inc r8d
   723 00008E09 4183F812            <1>     cmp r8d, CURSOR_H
   724 00008E0D 7CCE                <1>     jl .rest_row
   725                              <1> 
   726 00008E0F C705B7FAFFFFFFFFFF- <1>     mov dword [cursor_saved_x], -1
   726 00008E18 FF                  <1>
   727 00008E19 C705B1FAFFFFFFFFFF- <1>     mov dword [cursor_saved_y], -1
   727 00008E22 FF                  <1>
   728                              <1> 
   729                              <1> .done:
   730 00008E23 4159                <1>     pop r9
   731 00008E25 4158                <1>     pop r8
   732 00008E27 5F                  <1>     pop rdi
   733 00008E28 5E                  <1>     pop rsi
   734 00008E29 5A                  <1>     pop rdx
   735 00008E2A 59                  <1>     pop rcx
   736 00008E2B 5B                  <1>     pop rbx
   737 00008E2C 58                  <1>     pop rax
   738 00008E2D C3                  <1>     ret
   132                                  %include "gui.asm"
     1                              <1> ; ==============================================================================
     2                              <1> ; Antigravity OS - 64-bit Graphical User Interface & Desktop Environment
     3                              <1> ; High-Resolution 1024x768x32bpp TrueColor Window Manager & Cyber Canvas
     4                              <1> ; ==============================================================================
     5                              <1> 
     6                              <1> [bits 64]
     7                              <1> 
     8                              <1> ; GUI Palette & Theme Colors
     9                              <1> GUI_CLR_DESK_TOP        equ 0x000F172A   ; Deep Obsidian Slate
    10                              <1> GUI_CLR_DESK_BOT        equ 0x00020617   ; Midnight Abyss Black
    11                              <1> GUI_CLR_TASKBAR         equ 0x001E293B   ; Slate Taskbar
    12                              <1> GUI_CLR_TASKBAR_BORDER  equ 0x00334155   ; Border
    13                              <1> GUI_CLR_WIN_BORDER      equ 0x00334155   ; Window Outline Border
    14                              <1> GUI_CLR_WIN_TITLE       equ 0x001E293B   ; Titlebar Background
    15                              <1> GUI_CLR_WIN_SHADOW      equ 0x00050811   ; Window Drop Shadow
    16                              <1> GUI_CLR_WIN_BODY        equ 0x000F172A   ; Window Interior Slate
    17                              <1> GUI_CLR_TERM_BG         equ 0x000A0E17   ; Deep Terminal Background
    18                              <1> GUI_CLR_CANVAS_BG       equ 0x000D1117   ; Canvas Dark Background
    19                              <1> GUI_CLR_CYAN_ACCENT     equ 0x000284C7   ; Electric Blue / Cyan Accent
    20                              <1> GUI_CLR_CYAN_GLOW       equ 0x0000F0FF   ; Glowing Cyber Cyan
    21                              <1> 
    22                              <1> ; GUI State Variables
    23 00008E2E 00020000            <1> gui_cur_x:              dd 512
    24 00008E32 80010000            <1> gui_cur_y:              dd 384
    25 00008E36 FFF00000            <1> gui_active_color:       dd 0x0000F0FF    ; Default drawing color = Electric Cyan
    26                              <1> gui_canvas_x1           equ 56
    27                              <1> gui_canvas_y1           equ 460
    28                              <1> gui_canvas_x2           equ 968
    29                              <1> gui_canvas_y2           equ 715
    30                              <1> 
    31                              <1> ; Palette Colors (8 swatches)
    32                              <1> gui_swatches:
    33 00008E3A 00000000            <1>     dd 0x00000000   ; 0: Black
    34 00008E3E FFFFFF00            <1>     dd 0x00FFFFFF   ; 1: White
    35 00008E42 FFF00000            <1>     dd 0x0000F0FF   ; 2: Electric Cyan
    36 00008E46 4444EF00            <1>     dd 0x00EF4444   ; 3: Red
    37 00008E4A 81B91000            <1>     dd 0x0010B981   ; 4: Emerald Green
    38 00008E4E 0B9EF500            <1>     dd 0x00F59E0B   ; 5: Amber Yellow
    39 00008E52 9948EC00            <1>     dd 0x00EC4899   ; 6: Neon Magenta
    40 00008E56 F6823B00            <1>     dd 0x003B82F6   ; 7: Vivid Blue
    41                              <1> 
    42                              <1> ; ------------------------------------------------------------------------------
    43                              <1> ; gui_run: Launches 1024x768x32bpp GUI Desktop Environment
    44                              <1> ; Returns when user presses Esc, 'q', or clicks [Exit]
    45                              <1> ; ------------------------------------------------------------------------------
    46                              <1> gui_run:
    47 00008E5A 50                  <1>     push rax
    48 00008E5B 53                  <1>     push rbx
    49 00008E5C 51                  <1>     push rcx
    50 00008E5D 52                  <1>     push rdx
    51 00008E5E 56                  <1>     push rsi
    52 00008E5F 57                  <1>     push rdi
    53 00008E60 4150                <1>     push r8
    54 00008E62 4151                <1>     push r9
    55 00008E64 4152                <1>     push r10
    56 00008E66 4153                <1>     push r11
    57 00008E68 4154                <1>     push r12
    58 00008E6A 4155                <1>     push r13
    59 00008E6C 4156                <1>     push r14
    60 00008E6E 4157                <1>     push r15
    61                              <1> 
    62                              <1>     ; 1. Ensure BGA hardware driver is initialized
    63 00008E70 803DFDEFFFFF01      <1>     cmp byte [bga_available], 1
    64 00008E77 7405                <1>     je .bga_ready
    65 00008E79 E832F0FFFF          <1>     call bga_init
    66                              <1> 
    67                              <1> .bga_ready:
    68                              <1>     ; 2. Switch BGA to 1024x768x32bpp TrueColor Framebuffer Mode
    69 00008E7E E883F0FFFF          <1>     call bga_set_graphics_mode
    70                              <1> 
    71                              <1>     ; 3. Initialize PS/2 Mouse Controller
    72 00008E83 E844F1FFFF          <1>     call mouse_init
    73                              <1> 
    74                              <1>     ; 4. Center cursor
    75 00008E88 C705E4F0FFFF000200- <1>     mov dword [mouse_x], 512
    75 00008E91 00                  <1>
    76 00008E92 C705DEF0FFFF800100- <1>     mov dword [mouse_y], 384
    76 00008E9B 00                  <1>
    77 00008E9C C70588FFFFFF000200- <1>     mov dword [gui_cur_x], 512
    77 00008EA5 00                  <1>
    78 00008EA6 C70582FFFFFF800100- <1>     mov dword [gui_cur_y], 384
    78 00008EAF 00                  <1>
    79 00008EB0 C7057CFFFFFFFFF000- <1>     mov dword [gui_active_color], 0x0000F0FF
    79 00008EB9 00                  <1>
    80                              <1> 
    81                              <1>     ; 5. Render entire desktop UI layout
    82 00008EBA E8E4030000          <1>     call gui_draw_desktop
    83                              <1> 
    84                              <1>     ; 6. Initial cursor render
    85 00008EBF 8B0D69FFFFFF        <1>     mov ecx, [gui_cur_x]
    86 00008EC5 8B1567FFFFFF        <1>     mov edx, [gui_cur_y]
    87 00008ECB E819FEFFFF          <1>     call gfx_draw_cursor
    88                              <1> 
    89                              <1> ; ------------------------------------------------------------------------------
    90                              <1> ; GUI Main Event Loop
    91                              <1> ; ------------------------------------------------------------------------------
    92                              <1> gui_main_loop:
    93                              <1>     ; 1. Poll RTL8139 Network Card for background packets (Pings, ARP, TCP)
    94 00008ED0 E86DA5FFFF          <1>     call net_poll
    95                              <1> 
    96                              <1>     ; 2. Poll PS/2 Mouse Controller
    97 00008ED5 E873F1FFFF          <1>     call mouse_poll
    98                              <1> 
    99                              <1>     ; Direct keyboard port poll for instantaneous key capture
   100 00008EDA E464                <1>     in al, 0x64
   101 00008EDC A801                <1>     test al, 0x01
   102 00008EDE 740B                <1>     jz .no_direct_key
   103 00008EE0 A820                <1>     test al, 0x20               ; Bit 5 set = mouse data
   104 00008EE2 7507                <1>     jnz .no_direct_key
   105 00008EE4 E460                <1>     in al, 0x60
   106 00008EE6 E8A488FFFF          <1>     call keyboard_process_scancode
   107                              <1> .no_direct_key:
   108                              <1> 
   109                              <1>     ; 3. Check for Keyboard Events
   110 00008EEB 8A05A187FFFF        <1>     mov al, [gui_last_key]
   111 00008EF1 8A1D9A87FFFF        <1>     mov bl, [gui_last_scancode]
   112 00008EF7 C6059487FFFF00      <1>     mov byte [gui_last_key], 0
   113 00008EFE C6058C87FFFF00      <1>     mov byte [gui_last_scancode], 0
   114                              <1> 
   115                              <1>     ; Check for Exit (Esc = ASCII 27 or scancode 0x01, or 'q' / 'Q')
   116 00008F05 3C1B                <1>     cmp al, 27
   117 00008F07 0F84DC010000        <1>     je .exit_gui
   118 00008F0D 80FB01              <1>     cmp bl, 0x01
   119 00008F10 0F84D3010000        <1>     je .exit_gui
   120 00008F16 3C71                <1>     cmp al, 'q'
   121 00008F18 0F84CB010000        <1>     je .exit_gui
   122 00008F1E 3C51                <1>     cmp al, 'Q'
   123 00008F20 0F84C3010000        <1>     je .exit_gui
   124                              <1> 
   125                              <1>     ; Check for Canvas actions
   126 00008F26 3C63                <1>     cmp al, 'c'
   127 00008F28 0F8402010000        <1>     je .do_clear_canvas
   128 00008F2E 3C43                <1>     cmp al, 'C'
   129 00008F30 0F84FA000000        <1>     je .do_clear_canvas
   130 00008F36 3C64                <1>     cmp al, 'd'
   131 00008F38 0F8412010000        <1>     je .do_demo_art
   132 00008F3E 3C44                <1>     cmp al, 'D'
   133 00008F40 0F840A010000        <1>     je .do_demo_art
   134                              <1> 
   135                              <1>     ; Check Palette number keys '1' .. '8'
   136 00008F46 3C31                <1>     cmp al, '1'
   137 00008F48 7220                <1>     jb .chk_arrows
   138 00008F4A 3C38                <1>     cmp al, '8'
   139 00008F4C 771C                <1>     ja .chk_arrows
   140 00008F4E 2C31                <1>     sub al, '1'
   141 00008F50 0FB6C0              <1>     movzx eax, al
   142 00008F53 8B1485[3A8E0000]    <1>     mov edx, [gui_swatches + rax * 4]
   143 00008F5A 8915D6FEFFFF        <1>     mov [gui_active_color], edx
   144 00008F60 E8170B0000          <1>     call gui_draw_palette_indicators
   145 00008F65 E903010000          <1>     jmp .chk_mouse
   146                              <1> 
   147                              <1> .chk_arrows:
   148                              <1>     ; Arrow Keys / WASD support for cursor movement
   149 00008F6A 80FB48              <1>     cmp bl, 0x48                ; Up Arrow
   150 00008F6D 7434                <1>     je .nudge_up
   151 00008F6F 3C77                <1>     cmp al, 'w'
   152 00008F71 7430                <1>     je .nudge_up
   153 00008F73 80FB50              <1>     cmp bl, 0x50                ; Down Arrow
   154 00008F76 744E                <1>     je .nudge_down
   155 00008F78 3C73                <1>     cmp al, 's'
   156 00008F7A 744A                <1>     je .nudge_down
   157 00008F7C 80FB4B              <1>     cmp bl, 0x4B                ; Left Arrow
   158 00008F7F 746B                <1>     je .nudge_left
   159 00008F81 3C61                <1>     cmp al, 'a'
   160 00008F83 7467                <1>     je .nudge_left
   161 00008F85 80FB4D              <1>     cmp bl, 0x4D                ; Right Arrow
   162 00008F88 747E                <1>     je .nudge_right
   163 00008F8A 3C65                <1>     cmp al, 'e'                 ; 'e' for nudge right
   164 00008F8C 747A                <1>     je .nudge_right
   165 00008F8E 3C20                <1>     cmp al, ' '                 ; Space = Click / Draw
   166 00008F90 0F8491000000        <1>     je .do_space_click
   167 00008F96 3C0D                <1>     cmp al, 0x0D                ; Enter = Click / Draw
   168 00008F98 0F8489000000        <1>     je .do_space_click
   169 00008F9E E9CA000000          <1>     jmp .chk_mouse
   170                              <1> 
   171                              <1> .nudge_up:
   172 00008FA3 832DD0EFFFFF0C      <1>     sub dword [mouse_y], 12
   173 00008FAA 833DC9EFFFFF00      <1>     cmp dword [mouse_y], 0
   174 00008FB1 0F8DB6000000        <1>     jge .chk_mouse
   175 00008FB7 C705B9EFFFFF000000- <1>     mov dword [mouse_y], 0
   175 00008FC0 00                  <1>
   176 00008FC1 E9A7000000          <1>     jmp .chk_mouse
   177                              <1> 
   178                              <1> .nudge_down:
   179 00008FC6 8305ADEFFFFF0C      <1>     add dword [mouse_y], 12
   180 00008FCD 813DA3EFFFFFFF0200- <1>     cmp dword [mouse_y], 767
   180 00008FD6 00                  <1>
   181 00008FD7 0F8E90000000        <1>     jle .chk_mouse
   182 00008FDD C70593EFFFFFFF0200- <1>     mov dword [mouse_y], 767
   182 00008FE6 00                  <1>
   183 00008FE7 E981000000          <1>     jmp .chk_mouse
   184                              <1> 
   185                              <1> .nudge_left:
   186 00008FEC 832D83EFFFFF0C      <1>     sub dword [mouse_x], 12
   187 00008FF3 833D7CEFFFFF00      <1>     cmp dword [mouse_x], 0
   188 00008FFA 7D71                <1>     jge .chk_mouse
   189 00008FFC C70570EFFFFF000000- <1>     mov dword [mouse_x], 0
   189 00009005 00                  <1>
   190 00009006 EB65                <1>     jmp .chk_mouse
   191                              <1> 
   192                              <1> .nudge_right:
   193 00009008 830567EFFFFF0C      <1>     add dword [mouse_x], 12
   194 0000900F 813D5DEFFFFFFF0300- <1>     cmp dword [mouse_x], 1023
   194 00009018 00                  <1>
   195 00009019 7E52                <1>     jle .chk_mouse
   196 0000901B C70551EFFFFFFF0300- <1>     mov dword [mouse_x], 1023
   196 00009024 00                  <1>
   197 00009025 EB46                <1>     jmp .chk_mouse
   198                              <1> 
   199                              <1> .do_space_click:
   200                              <1>     ; Simulate left mouse click
   201 00009027 800D50EFFFFF01      <1>     or byte [mouse_buttons], 0x01
   202 0000902E EB3D                <1>     jmp .chk_mouse
   203                              <1> 
   204                              <1> .do_clear_canvas:
   205 00009030 E889FDFFFF          <1>     call gfx_restore_cursor
   206 00009035 E8E10A0000          <1>     call gui_clear_canvas
   207 0000903A 8B0D36EFFFFF        <1>     mov ecx, [mouse_x]
   208 00009040 8B1534EFFFFF        <1>     mov edx, [mouse_y]
   209 00009046 E89EFCFFFF          <1>     call gfx_draw_cursor
   210 0000904B E989000000          <1>     jmp .loop_delay
   211                              <1> 
   212                              <1> .do_demo_art:
   213 00009050 E869FDFFFF          <1>     call gfx_restore_cursor
   214 00009055 E80C0B0000          <1>     call gui_draw_demo_art
   215 0000905A 8B0D16EFFFFF        <1>     mov ecx, [mouse_x]
   216 00009060 8B1514EFFFFF        <1>     mov edx, [mouse_y]
   217 00009066 E87EFCFFFF          <1>     call gfx_draw_cursor
   218 0000906B EB6C                <1>     jmp .loop_delay
   219                              <1> 
   220                              <1> .chk_mouse:
   221                              <1>     ; 4. Check if cursor position changed
   222 0000906D 8B0503EFFFFF        <1>     mov eax, [mouse_x]
   223 00009073 8B1501EFFFFF        <1>     mov edx, [mouse_y]
   224 00009079 3B05AFFDFFFF        <1>     cmp eax, [gui_cur_x]
   225 0000907F 750A                <1>     jne .move_cursor
   226 00009081 3B15ABFDFFFF        <1>     cmp edx, [gui_cur_y]
   227 00009087 7502                <1>     jne .move_cursor
   228 00009089 EB3C                <1>     jmp .check_clicks
   229                              <1> 
   230                              <1> .move_cursor:
   231                              <1>     ; Restore background under old cursor
   232 0000908B E82EFDFFFF          <1>     call gfx_restore_cursor
   233 00009090 8B05E0EEFFFF        <1>     mov eax, [mouse_x]
   234 00009096 8B15DEEEFFFF        <1>     mov edx, [mouse_y]
   235 0000909C 89058CFDFFFF        <1>     mov [gui_cur_x], eax
   236 000090A2 89158AFDFFFF        <1>     mov [gui_cur_y], edx
   237                              <1> 
   238                              <1>     ; Check if mouse button is held while moving inside canvas (Brush Dragging)
   239 000090A8 F605CFEEFFFF01      <1>     test byte [mouse_buttons], 0x01
   240 000090AF 7405                <1>     jz .draw_new_cursor
   241 000090B1 E89D010000          <1>     call gui_handle_canvas_drag
   242                              <1> 
   243                              <1> .draw_new_cursor:
   244 000090B6 8B0D72FDFFFF        <1>     mov ecx, [gui_cur_x]
   245 000090BC 8B1570FDFFFF        <1>     mov edx, [gui_cur_y]
   246 000090C2 E822FCFFFF          <1>     call gfx_draw_cursor
   247                              <1> 
   248                              <1> .check_clicks:
   249                              <1>     ; 5. Check Left Click Events
   250 000090C7 F605B0EEFFFF01      <1>     test byte [mouse_buttons], 0x01
   251 000090CE 7409                <1>     jz .loop_delay
   252                              <1> 
   253                              <1>     ; Left button is down -> handle click target
   254 000090D0 E830000000          <1>     call gui_handle_click
   255 000090D5 85C0                <1>     test eax, eax               ; If returns 1, exit requested
   256 000090D7 7510                <1>     jnz .exit_gui
   257                              <1> 
   258                              <1> .loop_delay:
   259                              <1>     ; Small pause to yield host CPU
   260 000090D9 F390                <1>     pause
   261 000090DB B9D0070000          <1>     mov ecx, 2000
   262                              <1> .wait_sub:
   263 000090E0 FFC9                <1>     dec ecx
   264 000090E2 75FC                <1>     jnz .wait_sub
   265 000090E4 E9E7FDFFFF          <1>     jmp gui_main_loop
   266                              <1> 
   267                              <1> .exit_gui:
   268                              <1>     ; Cleanly restore 80x25 text mode
   269 000090E9 E868EEFFFF          <1>     call bga_set_text_mode
   270                              <1> 
   271 000090EE 415F                <1>     pop r15
   272 000090F0 415E                <1>     pop r14
   273 000090F2 415D                <1>     pop r13
   274 000090F4 415C                <1>     pop r12
   275 000090F6 415B                <1>     pop r11
   276 000090F8 415A                <1>     pop r10
   277 000090FA 4159                <1>     pop r9
   278 000090FC 4158                <1>     pop r8
   279 000090FE 5F                  <1>     pop rdi
   280 000090FF 5E                  <1>     pop rsi
   281 00009100 5A                  <1>     pop rdx
   282 00009101 59                  <1>     pop rcx
   283 00009102 5B                  <1>     pop rbx
   284 00009103 58                  <1>     pop rax
   285 00009104 C3                  <1>     ret
   286                              <1> 
   287                              <1> ; ------------------------------------------------------------------------------
   288                              <1> ; gui_handle_click: Dispatches click based on (mouse_x, mouse_y)
   289                              <1> ; Output: RAX = 1 if Exit GUI requested, 0 otherwise
   290                              <1> ; ------------------------------------------------------------------------------
   291                              <1> gui_handle_click:
   292 00009105 53                  <1>     push rbx
   293 00009106 51                  <1>     push rcx
   294 00009107 52                  <1>     push rdx
   295 00009108 56                  <1>     push rsi
   296 00009109 57                  <1>     push rdi
   297                              <1> 
   298 0000910A 8B0D66EEFFFF        <1>     mov ecx, [mouse_x]
   299 00009110 8B1564EEFFFF        <1>     mov edx, [mouse_y]
   300                              <1> 
   301                              <1>     ; 1. Check Exit Button on Taskbar (x: 915 .. 1015, y: 6 .. 30)
   302 00009116 83FA06              <1>     cmp edx, 6
   303 00009119 0F8209010000        <1>     jb .chk_canvas
   304 0000911F 83FA1E              <1>     cmp edx, 30
   305 00009122 7722                <1>     ja .chk_win_buttons
   306 00009124 81F993030000        <1>     cmp ecx, 915
   307 0000912A 0F82F8000000        <1>     jb .chk_canvas
   308 00009130 81F9F7030000        <1>     cmp ecx, 1015
   309 00009136 0F87EC000000        <1>     ja .chk_canvas
   310                              <1>     ; Exit clicked!
   311 0000913C B801000000          <1>     mov rax, 1
   312 00009141 E907010000          <1>     jmp .done
   313                              <1> 
   314                              <1> .chk_win_buttons:
   315                              <1>     ; Window 1 Close button (x: 50 .. 64, y: 63 .. 77)
   316 00009146 83FA3F              <1>     cmp edx, 63
   317 00009149 7219                <1>     jb .chk_toolbar
   318 0000914B 83FA4D              <1>     cmp edx, 77
   319 0000914E 7714                <1>     ja .chk_toolbar
   320 00009150 83F932              <1>     cmp ecx, 50
   321 00009153 720F                <1>     jb .chk_toolbar
   322 00009155 83F940              <1>     cmp ecx, 64
   323 00009158 770A                <1>     ja .chk_toolbar
   324                              <1>     ; Close button clicked -> exit GUI
   325 0000915A B801000000          <1>     mov rax, 1
   326 0000915F E9E9000000          <1>     jmp .done
   327                              <1> 
   328                              <1> .chk_toolbar:
   329                              <1>     ; 2. Palette Swatches (y: 426 .. 448)
   330 00009164 81FAAA010000        <1>     cmp edx, 426
   331 0000916A 0F82B8000000        <1>     jb .chk_canvas
   332 00009170 81FAC0010000        <1>     cmp edx, 448
   333 00009176 0F87AC000000        <1>     ja .chk_canvas
   334                              <1> 
   335                              <1>     ; Check Swatches 0 .. 7 (x: 55 + i*30 .. 55 + i*30 + 24)
   336 0000917C 31DB                <1>     xor ebx, ebx                ; i = 0 .. 7
   337                              <1> .swatch_loop:
   338 0000917E 89D8                <1>     mov eax, ebx
   339 00009180 6BC01E              <1>     imul eax, 30
   340 00009183 83C037              <1>     add eax, 55                 ; X start of swatch
   341 00009186 39C1                <1>     cmp ecx, eax
   342 00009188 7237                <1>     jb .next_swatch
   343 0000918A 83C018              <1>     add eax, 24                 ; X end of swatch
   344 0000918D 39C1                <1>     cmp ecx, eax
   345 0000918F 7730                <1>     ja .next_swatch
   346                              <1> 
   347                              <1>     ; Swatch matched!
   348 00009191 8B049D[3A8E0000]    <1>     mov eax, [gui_swatches + rbx * 4]
   349 00009198 890598FCFFFF        <1>     mov [gui_active_color], eax
   350 0000919E E81BFCFFFF          <1>     call gfx_restore_cursor
   351 000091A3 E8D4080000          <1>     call gui_draw_palette_indicators
   352 000091A8 8B0DC8EDFFFF        <1>     mov ecx, [mouse_x]
   353 000091AE 8B15C6EDFFFF        <1>     mov edx, [mouse_y]
   354 000091B4 E830FBFFFF          <1>     call gfx_draw_cursor
   355 000091B9 4831C0              <1>     xor rax, rax
   356 000091BC E98C000000          <1>     jmp .done
   357                              <1> 
   358                              <1> .next_swatch:
   359 000091C1 FFC3                <1>     inc ebx
   360 000091C3 83FB08              <1>     cmp ebx, 8
   361 000091C6 7CB6                <1>     jl .swatch_loop
   362                              <1> 
   363                              <1>     ; Check [ Clear Canvas ] button (x: 310 .. 420, y: 426 .. 448)
   364 000091C8 81F936010000        <1>     cmp ecx, 310
   365 000091CE 7228                <1>     jb .chk_demo_btn
   366 000091D0 81F9A4010000        <1>     cmp ecx, 420
   367 000091D6 7720                <1>     ja .chk_demo_btn
   368 000091D8 E8E1FBFFFF          <1>     call gfx_restore_cursor
   369 000091DD E839090000          <1>     call gui_clear_canvas
   370 000091E2 8B0D8EEDFFFF        <1>     mov ecx, [mouse_x]
   371 000091E8 8B158CEDFFFF        <1>     mov edx, [mouse_y]
   372 000091EE E8F6FAFFFF          <1>     call gfx_draw_cursor
   373 000091F3 4831C0              <1>     xor rax, rax
   374 000091F6 EB55                <1>     jmp .done
   375                              <1> 
   376                              <1> .chk_demo_btn:
   377                              <1>     ; Check [ Draw Cyber Art ] button (x: 430 .. 565, y: 426 .. 448)
   378 000091F8 81F9AE010000        <1>     cmp ecx, 430
   379 000091FE 7228                <1>     jb .chk_canvas
   380 00009200 81F935020000        <1>     cmp ecx, 565
   381 00009206 7720                <1>     ja .chk_canvas
   382 00009208 E8B1FBFFFF          <1>     call gfx_restore_cursor
   383 0000920D E854090000          <1>     call gui_draw_demo_art
   384 00009212 8B0D5EEDFFFF        <1>     mov ecx, [mouse_x]
   385 00009218 8B155CEDFFFF        <1>     mov edx, [mouse_y]
   386 0000921E E8C6FAFFFF          <1>     call gfx_draw_cursor
   387 00009223 4831C0              <1>     xor rax, rax
   388 00009226 EB25                <1>     jmp .done
   389                              <1> 
   390                              <1> .chk_canvas:
   391                              <1>     ; 3. Canvas Area (x: 56 .. 968, y: 460 .. 715)
   392 00009228 83F938              <1>     cmp ecx, gui_canvas_x1
   393 0000922B 721D                <1>     jb .no_action
   394 0000922D 81F9C8030000        <1>     cmp ecx, gui_canvas_x2
   395 00009233 7715                <1>     ja .no_action
   396 00009235 81FACC010000        <1>     cmp edx, gui_canvas_y1
   397 0000923B 720D                <1>     jb .no_action
   398 0000923D 81FACB020000        <1>     cmp edx, gui_canvas_y2
   399 00009243 7705                <1>     ja .no_action
   400                              <1> 
   401                              <1>     ; Draw brush dot
   402 00009245 E809000000          <1>     call gui_handle_canvas_drag
   403                              <1> 
   404                              <1> .no_action:
   405 0000924A 4831C0              <1>     xor rax, rax
   406                              <1> .done:
   407 0000924D 5F                  <1>     pop rdi
   408 0000924E 5E                  <1>     pop rsi
   409 0000924F 5A                  <1>     pop rdx
   410 00009250 59                  <1>     pop rcx
   411 00009251 5B                  <1>     pop rbx
   412 00009252 C3                  <1>     ret
   413                              <1> 
   414                              <1> ; ------------------------------------------------------------------------------
   415                              <1> ; gui_handle_canvas_drag: Draws brush mark on canvas at current mouse location
   416                              <1> ; ------------------------------------------------------------------------------
   417                              <1> gui_handle_canvas_drag:
   418 00009253 50                  <1>     push rax
   419 00009254 51                  <1>     push rcx
   420 00009255 52                  <1>     push rdx
   421 00009256 56                  <1>     push rsi
   422 00009257 4150                <1>     push r8
   423                              <1> 
   424 00009259 8B0D17EDFFFF        <1>     mov ecx, [mouse_x]
   425 0000925F 8B1515EDFFFF        <1>     mov edx, [mouse_y]
   426                              <1> 
   427                              <1>     ; Check canvas boundary
   428 00009265 83F93A              <1>     cmp ecx, gui_canvas_x1 + 2
   429 00009268 7232                <1>     jb .drag_done
   430 0000926A 81F9C4030000        <1>     cmp ecx, gui_canvas_x2 - 4
   431 00009270 772A                <1>     ja .drag_done
   432 00009272 81FACE010000        <1>     cmp edx, gui_canvas_y1 + 2
   433 00009278 7222                <1>     jb .drag_done
   434 0000927A 81FAC7020000        <1>     cmp edx, gui_canvas_y2 - 4
   435 00009280 771A                <1>     ja .drag_done
   436                              <1> 
   437                              <1>     ; Draw 4x4 brush dot
   438 00009282 FFC9                <1>     dec ecx
   439 00009284 FFCA                <1>     dec edx
   440 00009286 BE04000000          <1>     mov esi, 4
   441 0000928B 41B804000000        <1>     mov r8d, 4
   442 00009291 8B059FFBFFFF        <1>     mov eax, [gui_active_color]
   443 00009297 E8EAF6FFFF          <1>     call gfx_fill_rect
   444                              <1> 
   445                              <1> .drag_done:
   446 0000929C 4158                <1>     pop r8
   447 0000929E 5E                  <1>     pop rsi
   448 0000929F 5A                  <1>     pop rdx
   449 000092A0 59                  <1>     pop rcx
   450 000092A1 58                  <1>     pop rax
   451 000092A2 C3                  <1>     ret
   452                              <1> 
   453                              <1> ; ------------------------------------------------------------------------------
   454                              <1> ; gui_draw_desktop: Renders the entire complete desktop layout
   455                              <1> ; ------------------------------------------------------------------------------
   456                              <1> gui_draw_desktop:
   457 000092A3 50                  <1>     push rax
   458 000092A4 53                  <1>     push rbx
   459 000092A5 51                  <1>     push rcx
   460 000092A6 52                  <1>     push rdx
   461 000092A7 56                  <1>     push rsi
   462 000092A8 57                  <1>     push rdi
   463 000092A9 4150                <1>     push r8
   464 000092AB 4151                <1>     push r9
   465 000092AD 4152                <1>     push r10
   466                              <1> 
   467                              <1>     ; 1. Desktop Background Gradient (1024x768)
   468 000092AF 31C9                <1>     xor ecx, ecx
   469 000092B1 31D2                <1>     xor edx, edx
   470 000092B3 BE00040000          <1>     mov esi, GUI_SCREEN_WIDTH
   471 000092B8 41B800030000        <1>     mov r8d, GUI_SCREEN_HEIGHT
   472 000092BE 41B92A170F00        <1>     mov r9d, GUI_CLR_DESK_TOP
   473 000092C4 41BA17060200        <1>     mov r10d, GUI_CLR_DESK_BOT
   474 000092CA E8DFF7FFFF          <1>     call gfx_draw_gradient_v
   475                              <1> 
   476                              <1>     ; 2. Render Top Taskbar (y: 0 .. 35)
   477 000092CF 31C9                <1>     xor ecx, ecx
   478 000092D1 31D2                <1>     xor edx, edx
   479 000092D3 BE00040000          <1>     mov esi, GUI_SCREEN_WIDTH
   480 000092D8 41B823000000        <1>     mov r8d, 35
   481 000092DE B83B291E00          <1>     mov eax, GUI_CLR_TASKBAR
   482 000092E3 E89EF6FFFF          <1>     call gfx_fill_rect
   483                              <1> 
   484                              <1>     ; Taskbar bottom separator line
   485 000092E8 31C9                <1>     xor ecx, ecx
   486 000092EA BA23000000          <1>     mov edx, 35
   487 000092EF BE00040000          <1>     mov esi, GUI_SCREEN_WIDTH
   488 000092F4 41B801000000        <1>     mov r8d, 1
   489 000092FA B855413300          <1>     mov eax, GUI_CLR_TASKBAR_BORDER
   490 000092FF E882F6FFFF          <1>     call gfx_fill_rect
   491                              <1> 
   492                              <1>     ; OS Start Pill: [ AGY OS 64 ]
   493 00009304 B90A000000          <1>     mov ecx, 10
   494 00009309 BA06000000          <1>     mov edx, 6
   495 0000930E BE73000000          <1>     mov esi, 115
   496 00009313 41B817000000        <1>     mov r8d, 23
   497 00009319 B8C7840200          <1>     mov eax, GUI_CLR_CYAN_ACCENT
   498 0000931E E863F6FFFF          <1>     call gfx_fill_rect
   499                              <1> 
   500 00009323 B912000000          <1>     mov ecx, 18
   501 00009328 BA0E000000          <1>     mov edx, 14
   502 0000932D 488D35DD090000      <1>     lea rsi, [str_start_btn]
   503 00009334 B8FFFFFF00          <1>     mov eax, COLOR_TEXT_WHITE
   504 00009339 BBFFFFFFFF          <1>     mov ebx, -1
   505 0000933E E842F9FFFF          <1>     call gfx_print_string
   506                              <1> 
   507                              <1>     ; Taskbar Menu Items
   508 00009343 B98C000000          <1>     mov ecx, 140
   509 00009348 BA0E000000          <1>     mov edx, 14
   510 0000934D 488D35C7090000      <1>     lea rsi, [str_menu_sys]
   511 00009354 B8FFF00000          <1>     mov eax, COLOR_TEXT_CYAN
   512 00009359 BBFFFFFFFF          <1>     mov ebx, -1
   513 0000935E E822F9FFFF          <1>     call gfx_print_string
   514                              <1> 
   515 00009363 B9DC000000          <1>     mov ecx, 220
   516 00009368 BA0E000000          <1>     mov edx, 14
   517 0000936D 488D35B0090000      <1>     lea rsi, [str_menu_term]
   518 00009374 B8FFFFFF00          <1>     mov eax, COLOR_TEXT_WHITE
   519 00009379 BBFFFFFFFF          <1>     mov ebx, -1
   520 0000937E E802F9FFFF          <1>     call gfx_print_string
   521                              <1> 
   522 00009383 B93B010000          <1>     mov ecx, 315
   523 00009388 BA0E000000          <1>     mov edx, 14
   524 0000938D 488D359B090000      <1>     lea rsi, [str_menu_paint]
   525 00009394 B8FFFFFF00          <1>     mov eax, COLOR_TEXT_WHITE
   526 00009399 BBFFFFFFFF          <1>     mov ebx, -1
   527 0000939E E8E2F8FFFF          <1>     call gfx_print_string
   528                              <1> 
   529                              <1>     ; Status Badges on right side
   530                              <1>     ; Badge 1: IP: 10.0.2.15
   531 000093A3 B9A8020000          <1>     mov ecx, 680
   532 000093A8 BA06000000          <1>     mov edx, 6
   533 000093AD BE78000000          <1>     mov esi, 120
   534 000093B2 41B817000000        <1>     mov r8d, 23
   535 000093B8 B83B4E0600          <1>     mov eax, 0x00064E3B          ; Deep Emerald
   536 000093BD E8C4F5FFFF          <1>     call gfx_fill_rect
   537 000093C2 B9B0020000          <1>     mov ecx, 688
   538 000093C7 BA0E000000          <1>     mov edx, 14
   539 000093CC 488D356B090000      <1>     lea rsi, [str_badge_ip]
   540 000093D3 B899D33400          <1>     mov eax, 0x0034D399          ; Light Emerald Green
   541 000093D8 BBFFFFFFFF          <1>     mov ebx, -1
   542 000093DD E8A3F8FFFF          <1>     call gfx_print_string
   543                              <1> 
   544                              <1>     ; Badge 2: RAM: 4GB
   545 000093E2 B92A030000          <1>     mov ecx, 810
   546 000093E7 BA06000000          <1>     mov edx, 6
   547 000093EC BE5F000000          <1>     mov esi, 95
   548 000093F1 41B817000000        <1>     mov r8d, 23
   549 000093F7 B88A3A1E00          <1>     mov eax, 0x001E3A8A          ; Deep Blue
   550 000093FC E885F5FFFF          <1>     call gfx_fill_rect
   551 00009401 B932030000          <1>     mov ecx, 818
   552 00009406 BA0E000000          <1>     mov edx, 14
   553 0000940B 488D353A090000      <1>     lea rsi, [str_badge_ram]
   554 00009412 B8FDC59300          <1>     mov eax, 0x0093C5FD          ; Light Blue
   555 00009417 BBFFFFFFFF          <1>     mov ebx, -1
   556 0000941C E864F8FFFF          <1>     call gfx_print_string
   557                              <1> 
   558                              <1>     ; Badge 3: [ Exit (Esc) ]
   559 00009421 B993030000          <1>     mov ecx, 915
   560 00009426 BA06000000          <1>     mov edx, 6
   561 0000942B BE64000000          <1>     mov esi, 100
   562 00009430 41B817000000        <1>     mov r8d, 23
   563 00009436 B81D1D7F00          <1>     mov eax, 0x007F1D1D          ; Crimson Red
   564 0000943B E846F5FFFF          <1>     call gfx_fill_rect
   565 00009440 B99A030000          <1>     mov ecx, 922
   566 00009445 BA0E000000          <1>     mov edx, 14
   567 0000944A 488D3505090000      <1>     lea rsi, [str_badge_exit]
   568 00009451 B8A5A5FC00          <1>     mov eax, 0x00FCA5A5          ; Light Red
   569 00009456 BBFFFFFFFF          <1>     mov ebx, -1
   570 0000945B E825F8FFFF          <1>     call gfx_print_string
   571                              <1> 
   572                              <1>     ; 3. Render Window 1: System Monitor (x: 40, y: 50, w: 440, h: 325)
   573 00009460 B928000000          <1>     mov ecx, 40
   574 00009465 BA32000000          <1>     mov edx, 50
   575 0000946A BEB8010000          <1>     mov esi, 440
   576 0000946F 41B845010000        <1>     mov r8d, 325
   577 00009475 488D3DE5080000      <1>     lea rdi, [str_win1_title]
   578 0000947C E8D2040000          <1>     call gui_draw_window_frame
   579                              <1> 
   580                              <1>     ; Window 1 Content (Interior starts at x: 42, y: 78)
   581 00009481 B934000000          <1>     mov ecx, 52
   582 00009486 BA54000000          <1>     mov edx, 84
   583 0000948B 488D35F1080000      <1>     lea rsi, [str_w1_sec1]
   584 00009492 B8FFF00000          <1>     mov eax, COLOR_TEXT_CYAN
   585 00009497 BBFFFFFFFF          <1>     mov ebx, -1
   586 0000949C E8E4F7FFFF          <1>     call gfx_print_string
   587                              <1> 
   588 000094A1 B934000000          <1>     mov ecx, 52
   589 000094A6 BA64000000          <1>     mov edx, 100
   590 000094AB 488D35EF080000      <1>     lea rsi, [str_w1_cpu]
   591 000094B2 B8FFFFFF00          <1>     mov eax, COLOR_TEXT_WHITE
   592 000094B7 BBFFFFFFFF          <1>     mov ebx, -1
   593 000094BC E8C4F7FFFF          <1>     call gfx_print_string
   594                              <1> 
   595 000094C1 B934000000          <1>     mov ecx, 52
   596 000094C6 BA74000000          <1>     mov edx, 116
   597 000094CB 488D35F7080000      <1>     lea rsi, [str_w1_mem]
   598 000094D2 B8FFFFFF00          <1>     mov eax, COLOR_TEXT_WHITE
   599 000094D7 BBFFFFFFFF          <1>     mov ebx, -1
   600 000094DC E8A4F7FFFF          <1>     call gfx_print_string
   601                              <1> 
   602 000094E1 B934000000          <1>     mov ecx, 52
   603 000094E6 BA84000000          <1>     mov edx, 132
   604 000094EB 488D3503090000      <1>     lea rsi, [str_w1_page]
   605 000094F2 B8FFFFFF00          <1>     mov eax, COLOR_TEXT_WHITE
   606 000094F7 BBFFFFFFFF          <1>     mov ebx, -1
   607 000094FC E884F7FFFF          <1>     call gfx_print_string
   608                              <1> 
   609 00009501 B934000000          <1>     mov ecx, 52
   610 00009506 BA94000000          <1>     mov edx, 148
   611 0000950B 488D350F090000      <1>     lea rsi, [str_w1_disp]
   612 00009512 B8FFFFFF00          <1>     mov eax, COLOR_TEXT_WHITE
   613 00009517 BBFFFFFFFF          <1>     mov ebx, -1
   614 0000951C E864F7FFFF          <1>     call gfx_print_string
   615                              <1> 
   616 00009521 B934000000          <1>     mov ecx, 52
   617 00009526 BAAC000000          <1>     mov edx, 172
   618 0000952B 488D351A090000      <1>     lea rsi, [str_w1_sec2]
   619 00009532 B8FFF00000          <1>     mov eax, COLOR_TEXT_CYAN
   620 00009537 BBFFFFFFFF          <1>     mov ebx, -1
   621 0000953C E844F7FFFF          <1>     call gfx_print_string
   622                              <1> 
   623 00009541 B934000000          <1>     mov ecx, 52
   624 00009546 BABC000000          <1>     mov edx, 188
   625 0000954B 488D3516090000      <1>     lea rsi, [str_w1_fs]
   626 00009552 B8FFFFFF00          <1>     mov eax, COLOR_TEXT_WHITE
   627 00009557 BBFFFFFFFF          <1>     mov ebx, -1
   628 0000955C E824F7FFFF          <1>     call gfx_print_string
   629                              <1> 
   630 00009561 B934000000          <1>     mov ecx, 52
   631 00009566 BACC000000          <1>     mov edx, 204
   632 0000956B 488D3525090000      <1>     lea rsi, [str_w1_nic]
   633 00009572 B8FFFFFF00          <1>     mov eax, COLOR_TEXT_WHITE
   634 00009577 BBFFFFFFFF          <1>     mov ebx, -1
   635 0000957C E804F7FFFF          <1>     call gfx_print_string
   636                              <1> 
   637 00009581 B934000000          <1>     mov ecx, 52
   638 00009586 BADC000000          <1>     mov edx, 220
   639 0000958B 488D3531090000      <1>     lea rsi, [str_w1_ip]
   640 00009592 B8FFFFFF00          <1>     mov eax, COLOR_TEXT_WHITE
   641 00009597 BBFFFFFFFF          <1>     mov ebx, -1
   642 0000959C E8E4F6FFFF          <1>     call gfx_print_string
   643                              <1> 
   644 000095A1 B934000000          <1>     mov ecx, 52
   645 000095A6 BAEC000000          <1>     mov edx, 236
   646 000095AB 488D3539090000      <1>     lea rsi, [str_w1_gw]
   647 000095B2 B8FFFFFF00          <1>     mov eax, COLOR_TEXT_WHITE
   648 000095B7 BBFFFFFFFF          <1>     mov ebx, -1
   649 000095BC E8C4F6FFFF          <1>     call gfx_print_string
   650                              <1> 
   651 000095C1 B934000000          <1>     mov ecx, 52
   652 000095C6 BAFC000000          <1>     mov edx, 252
   653 000095CB 488D353B090000      <1>     lea rsi, [str_w1_tcp]
   654 000095D2 B881B91000          <1>     mov eax, COLOR_TEXT_GREEN
   655 000095D7 BBFFFFFFFF          <1>     mov ebx, -1
   656 000095DC E8A4F6FFFF          <1>     call gfx_print_string
   657                              <1> 
   658 000095E1 B934000000          <1>     mov ecx, 52
   659 000095E6 BA0C010000          <1>     mov edx, 268
   660 000095EB 488D3543090000      <1>     lea rsi, [str_w1_mouse]
   661 000095F2 B80B9EF500          <1>     mov eax, COLOR_TEXT_YELLOW
   662 000095F7 BBFFFFFFFF          <1>     mov ebx, -1
   663 000095FC E884F6FFFF          <1>     call gfx_print_string
   664                              <1> 
   665                              <1>     ; 4. Render Window 2: Antigravity Terminal (x: 505, y: 50, w: 475, h: 325)
   666 00009601 B9F9010000          <1>     mov ecx, 505
   667 00009606 BA32000000          <1>     mov edx, 50
   668 0000960B BEDB010000          <1>     mov esi, 475
   669 00009610 41B845010000        <1>     mov r8d, 325
   670 00009616 488D3D43090000      <1>     lea rdi, [str_win2_title]
   671 0000961D E831030000          <1>     call gui_draw_window_frame
   672                              <1> 
   673                              <1>     ; Terminal interior black fill
   674 00009622 B9FB010000          <1>     mov ecx, 507
   675 00009627 BA4E000000          <1>     mov edx, 78
   676 0000962C BED7010000          <1>     mov esi, 471
   677 00009631 41B827010000        <1>     mov r8d, 295
   678 00009637 B8170E0A00          <1>     mov eax, GUI_CLR_TERM_BG
   679 0000963C E845F3FFFF          <1>     call gfx_fill_rect
   680                              <1> 
   681                              <1>     ; Terminal Log Lines
   682 00009641 B905020000          <1>     mov ecx, 517
   683 00009646 BA56000000          <1>     mov edx, 86
   684 0000964B 488D3534090000      <1>     lea rsi, [str_t_l1]
   685 00009652 B881B91000          <1>     mov eax, COLOR_TEXT_GREEN
   686 00009657 BBFFFFFFFF          <1>     mov ebx, -1
   687 0000965C E824F6FFFF          <1>     call gfx_print_string
   688                              <1> 
   689 00009661 B905020000          <1>     mov ecx, 517
   690 00009666 BA66000000          <1>     mov edx, 102
   691 0000966B 488D3529090000      <1>     lea rsi, [str_t_l2]
   692 00009672 B8FFFFFF00          <1>     mov eax, COLOR_TEXT_WHITE
   693 00009677 BBFFFFFFFF          <1>     mov ebx, -1
   694 0000967C E804F6FFFF          <1>     call gfx_print_string
   695                              <1> 
   696 00009681 B905020000          <1>     mov ecx, 517
   697 00009686 BA76000000          <1>     mov edx, 118
   698 0000968B 488D352B090000      <1>     lea rsi, [str_t_l3]
   699 00009692 B881B91000          <1>     mov eax, COLOR_TEXT_GREEN
   700 00009697 BBFFFFFFFF          <1>     mov ebx, -1
   701 0000969C E8E4F5FFFF          <1>     call gfx_print_string
   702                              <1> 
   703 000096A1 B905020000          <1>     mov ecx, 517
   704 000096A6 BA86000000          <1>     mov edx, 134
   705 000096AB 488D351B090000      <1>     lea rsi, [str_t_l4]
   706 000096B2 B80B9EF500          <1>     mov eax, COLOR_TEXT_YELLOW
   707 000096B7 BBFFFFFFFF          <1>     mov ebx, -1
   708 000096BC E8C4F5FFFF          <1>     call gfx_print_string
   709                              <1> 
   710 000096C1 B905020000          <1>     mov ecx, 517
   711 000096C6 BA96000000          <1>     mov edx, 150
   712 000096CB 488D3522090000      <1>     lea rsi, [str_t_l5]
   713 000096D2 B881B91000          <1>     mov eax, COLOR_TEXT_GREEN
   714 000096D7 BBFFFFFFFF          <1>     mov ebx, -1
   715 000096DC E8A4F5FFFF          <1>     call gfx_print_string
   716                              <1> 
   717 000096E1 B905020000          <1>     mov ecx, 517
   718 000096E6 BAA6000000          <1>     mov edx, 166
   719 000096EB 488D351D090000      <1>     lea rsi, [str_t_l6]
   720 000096F2 B8FFFFFF00          <1>     mov eax, COLOR_TEXT_WHITE
   721 000096F7 BBFFFFFFFF          <1>     mov ebx, -1
   722 000096FC E884F5FFFF          <1>     call gfx_print_string
   723                              <1> 
   724 00009701 B905020000          <1>     mov ecx, 517
   725 00009706 BAB6000000          <1>     mov edx, 182
   726 0000970B 488D3524090000      <1>     lea rsi, [str_t_l7]
   727 00009712 B881B91000          <1>     mov eax, COLOR_TEXT_GREEN
   728 00009717 BBFFFFFFFF          <1>     mov ebx, -1
   729 0000971C E864F5FFFF          <1>     call gfx_print_string
   730                              <1> 
   731 00009721 B905020000          <1>     mov ecx, 517
   732 00009726 BAC6000000          <1>     mov edx, 198
   733 0000972B 488D3520090000      <1>     lea rsi, [str_t_l8]
   734 00009732 B8FFF00000          <1>     mov eax, COLOR_TEXT_CYAN
   735 00009737 BBFFFFFFFF          <1>     mov ebx, -1
   736 0000973C E844F5FFFF          <1>     call gfx_print_string
   737                              <1> 
   738 00009741 B905020000          <1>     mov ecx, 517
   739 00009746 BAD6000000          <1>     mov edx, 214
   740 0000974B 488D3526090000      <1>     lea rsi, [str_t_l9]
   741 00009752 B881B91000          <1>     mov eax, COLOR_TEXT_GREEN
   742 00009757 BBFFFFFFFF          <1>     mov ebx, -1
   743 0000975C E824F5FFFF          <1>     call gfx_print_string
   744                              <1> 
   745 00009761 B905020000          <1>     mov ecx, 517
   746 00009766 BAE6000000          <1>     mov edx, 230
   747 0000976B 488D3526090000      <1>     lea rsi, [str_t_l10]
   748 00009772 B8FFFFFF00          <1>     mov eax, COLOR_TEXT_WHITE
   749 00009777 BBFFFFFFFF          <1>     mov ebx, -1
   750 0000977C E804F5FFFF          <1>     call gfx_print_string
   751                              <1> 
   752 00009781 B905020000          <1>     mov ecx, 517
   753 00009786 BAF6000000          <1>     mov edx, 246
   754 0000978B 488D3525090000      <1>     lea rsi, [str_t_l11]
   755 00009792 B881B91000          <1>     mov eax, COLOR_TEXT_GREEN
   756 00009797 BBFFFFFFFF          <1>     mov ebx, -1
   757 0000979C E8E4F4FFFF          <1>     call gfx_print_string
   758                              <1> 
   759 000097A1 B905020000          <1>     mov ecx, 517
   760 000097A6 BA06010000          <1>     mov edx, 262
   761 000097AB 488D3516090000      <1>     lea rsi, [str_t_l12]
   762 000097B2 B8FFF00000          <1>     mov eax, COLOR_TEXT_CYAN
   763 000097B7 BBFFFFFFFF          <1>     mov ebx, -1
   764 000097BC E8C4F4FFFF          <1>     call gfx_print_string
   765                              <1> 
   766 000097C1 B905020000          <1>     mov ecx, 517
   767 000097C6 BA16010000          <1>     mov edx, 278
   768 000097CB 488D3526090000      <1>     lea rsi, [str_t_l13]
   769 000097D2 B881B91000          <1>     mov eax, COLOR_TEXT_GREEN
   770 000097D7 BBFFFFFFFF          <1>     mov ebx, -1
   771 000097DC E8A4F4FFFF          <1>     call gfx_print_string
   772                              <1> 
   773                              <1>     ; Blinking terminal prompt cursor block
   774 000097E1 B976020000          <1>     mov ecx, 630
   775 000097E6 BA16010000          <1>     mov edx, 278
   776 000097EB BE08000000          <1>     mov esi, 8
   777 000097F0 41B80A000000        <1>     mov r8d, 10
   778 000097F6 B8FFF00000          <1>     mov eax, COLOR_TEXT_CYAN
   779 000097FB E886F1FFFF          <1>     call gfx_fill_rect
   780                              <1> 
   781                              <1>     ; 5. Render Window 3: Interactive Cyber Canvas (x: 40, y: 395, w: 940, h: 335)
   782 00009800 B928000000          <1>     mov ecx, 40
   783 00009805 BA8B010000          <1>     mov edx, 395
   784 0000980A BEAC030000          <1>     mov esi, 940
   785 0000980F 41B84F010000        <1>     mov r8d, 335
   786 00009815 488D3DEA080000      <1>     lea rdi, [str_win3_title]
   787 0000981C E832010000          <1>     call gui_draw_window_frame
   788                              <1> 
   789                              <1>     ; Draw Canvas Toolbar (Swatches, Buttons, Help text)
   790 00009821 E856020000          <1>     call gui_draw_palette_indicators
   791                              <1> 
   792                              <1>     ; [ Clear Canvas ] button (x: 310 .. 420, y: 426 .. 448)
   793 00009826 B936010000          <1>     mov ecx, 310
   794 0000982B BAAA010000          <1>     mov edx, 426
   795 00009830 BE6E000000          <1>     mov esi, 110
   796 00009835 41B816000000        <1>     mov r8d, 22
   797 0000983B B855413300          <1>     mov eax, 0x00334155
   798 00009840 E841F1FFFF          <1>     call gfx_fill_rect
   799 00009845 B940010000          <1>     mov ecx, 320
   800 0000984A BAB1010000          <1>     mov edx, 433
   801 0000984F 488D35DD080000      <1>     lea rsi, [str_btn_clear]
   802 00009856 B8FFFFFF00          <1>     mov eax, COLOR_TEXT_WHITE
   803 0000985B BBFFFFFFFF          <1>     mov ebx, -1
   804 00009860 E820F4FFFF          <1>     call gfx_print_string
   805                              <1> 
   806                              <1>     ; [ Draw Cyber Art ] button (x: 430 .. 565, y: 426 .. 448)
   807 00009865 B9AE010000          <1>     mov ecx, 430
   808 0000986A BAAA010000          <1>     mov edx, 426
   809 0000986F BE87000000          <1>     mov esi, 135
   810 00009874 41B816000000        <1>     mov r8d, 22
   811 0000987A B8C7840200          <1>     mov eax, GUI_CLR_CYAN_ACCENT
   812 0000987F E802F1FFFF          <1>     call gfx_fill_rect
   813 00009884 B9B6010000          <1>     mov ecx, 438
   814 00009889 BAB1010000          <1>     mov edx, 433
   815 0000988E 488D35AB080000      <1>     lea rsi, [str_btn_art]
   816 00009895 B8FFFFFF00          <1>     mov eax, COLOR_TEXT_WHITE
   817 0000989A BBFFFFFFFF          <1>     mov ebx, -1
   818 0000989F E8E1F3FFFF          <1>     call gfx_print_string
   819                              <1> 
   820                              <1>     ; Canvas Toolbar hint text
   821 000098A4 B944020000          <1>     mov ecx, 580
   822 000098A9 BAB1010000          <1>     mov edx, 433
   823 000098AE 488D359A080000      <1>     lea rsi, [str_canvas_hint]
   824 000098B5 B8B8A39400          <1>     mov eax, COLOR_TEXT_MUTED
   825 000098BA BBFFFFFFFF          <1>     mov ebx, -1
   826 000098BF E8C1F3FFFF          <1>     call gfx_print_string
   827                              <1> 
   828                              <1>     ; Clear and draw initial demo artwork on canvas
   829 000098C4 E852020000          <1>     call gui_clear_canvas
   830 000098C9 E898020000          <1>     call gui_draw_demo_art
   831                              <1> 
   832                              <1>     ; 6. Render Bottom System Panel (y: 742 .. 767)
   833 000098CE 31C9                <1>     xor ecx, ecx
   834 000098D0 BAE6020000          <1>     mov edx, 742
   835 000098D5 BE00040000          <1>     mov esi, GUI_SCREEN_WIDTH
   836 000098DA 41B81A000000        <1>     mov r8d, 26
   837 000098E0 B820110B00          <1>     mov eax, 0x000B1120          ; Midnight Slate
   838 000098E5 E89CF0FFFF          <1>     call gfx_fill_rect
   839                              <1> 
   840 000098EA 31C9                <1>     xor ecx, ecx
   841 000098EC BAE6020000          <1>     mov edx, 742
   842 000098F1 BE00040000          <1>     mov esi, GUI_SCREEN_WIDTH
   843 000098F6 41B801000000        <1>     mov r8d, 1
   844 000098FC B83B291E00          <1>     mov eax, 0x001E293B
   845 00009901 E880F0FFFF          <1>     call gfx_fill_rect
   846                              <1> 
   847 00009906 B90E000000          <1>     mov ecx, 14
   848 0000990B BAEE020000          <1>     mov edx, 750
   849 00009910 488D359F080000      <1>     lea rsi, [str_footer_left]
   850 00009917 B8B8A39400          <1>     mov eax, COLOR_TEXT_MUTED
   851 0000991C BBFFFFFFFF          <1>     mov ebx, -1
   852 00009921 E85FF3FFFF          <1>     call gfx_print_string
   853                              <1> 
   854 00009926 B916030000          <1>     mov ecx, 790
   855 0000992B BAEE020000          <1>     mov edx, 750
   856 00009930 488D35D8080000      <1>     lea rsi, [str_footer_right]
   857 00009937 B8FFF00000          <1>     mov eax, COLOR_TEXT_CYAN
   858 0000993C BBFFFFFFFF          <1>     mov ebx, -1
   859 00009941 E83FF3FFFF          <1>     call gfx_print_string
   860                              <1> 
   861 00009946 415A                <1>     pop r10
   862 00009948 4159                <1>     pop r9
   863 0000994A 4158                <1>     pop r8
   864 0000994C 5F                  <1>     pop rdi
   865 0000994D 5E                  <1>     pop rsi
   866 0000994E 5A                  <1>     pop rdx
   867 0000994F 59                  <1>     pop rcx
   868 00009950 5B                  <1>     pop rbx
   869 00009951 58                  <1>     pop rax
   870 00009952 C3                  <1>     ret
   871                              <1> 
   872                              <1> ; ------------------------------------------------------------------------------
   873                              <1> ; gui_draw_window_frame: Renders shadow, border, titlebar, and control dots
   874                              <1> ; Input:
   875                              <1> ;   ECX = X, EDX = Y, ESI = Width, R8D = Height, RDI = Title String Pointer
   876                              <1> ; ------------------------------------------------------------------------------
   877                              <1> gui_draw_window_frame:
   878 00009953 50                  <1>     push rax
   879 00009954 53                  <1>     push rbx
   880 00009955 51                  <1>     push rcx
   881 00009956 52                  <1>     push rdx
   882 00009957 56                  <1>     push rsi
   883 00009958 4150                <1>     push r8
   884 0000995A 4151                <1>     push r9
   885 0000995C 4152                <1>     push r10
   886 0000995E 4153                <1>     push r11
   887 00009960 4154                <1>     push r12
   888                              <1> 
   889 00009962 4189C9              <1>     mov r9d, ecx                ; X
   890 00009965 4189D2              <1>     mov r10d, edx               ; Y
   891 00009968 4189F3              <1>     mov r11d, esi               ; W
   892 0000996B 4589C4              <1>     mov r12d, r8d               ; H
   893                              <1> 
   894                              <1>     ; 1. Window Drop Shadow (+6, +6)
   895 0000996E 4489C9              <1>     mov ecx, r9d
   896 00009971 83C106              <1>     add ecx, 6
   897 00009974 4489D2              <1>     mov edx, r10d
   898 00009977 83C206              <1>     add edx, 6
   899 0000997A 4489DE              <1>     mov esi, r11d
   900 0000997D 4589E0              <1>     mov r8d, r12d
   901 00009980 B811080500          <1>     mov eax, GUI_CLR_WIN_SHADOW
   902 00009985 E8FCEFFFFF          <1>     call gfx_fill_rect
   903                              <1> 
   904                              <1>     ; 2. Window Body Fill
   905 0000998A 4489C9              <1>     mov ecx, r9d
   906 0000998D 4489D2              <1>     mov edx, r10d
   907 00009990 4489DE              <1>     mov esi, r11d
   908 00009993 4589E0              <1>     mov r8d, r12d
   909 00009996 B82A170F00          <1>     mov eax, GUI_CLR_WIN_BODY
   910 0000999B E8E6EFFFFF          <1>     call gfx_fill_rect
   911                              <1> 
   912                              <1>     ; 3. Titlebar Fill (28px height)
   913 000099A0 4489C9              <1>     mov ecx, r9d
   914 000099A3 4489D2              <1>     mov edx, r10d
   915 000099A6 4489DE              <1>     mov esi, r11d
   916 000099A9 41B81C000000        <1>     mov r8d, 28
   917 000099AF B83B291E00          <1>     mov eax, GUI_CLR_WIN_TITLE
   918 000099B4 E8CDEFFFFF          <1>     call gfx_fill_rect
   919                              <1> 
   920                              <1>     ; Titlebar bottom accent line
   921 000099B9 4489C9              <1>     mov ecx, r9d
   922 000099BC 4489D2              <1>     mov edx, r10d
   923 000099BF 83C21B              <1>     add edx, 27
   924 000099C2 4489DE              <1>     mov esi, r11d
   925 000099C5 41B801000000        <1>     mov r8d, 1
   926 000099CB B855413300          <1>     mov eax, GUI_CLR_WIN_BORDER
   927 000099D0 E8B1EFFFFF          <1>     call gfx_fill_rect
   928                              <1> 
   929                              <1>     ; 4. Window Outer Border (1px)
   930 000099D5 4489C9              <1>     mov ecx, r9d
   931 000099D8 4489D2              <1>     mov edx, r10d
   932 000099DB 4489DE              <1>     mov esi, r11d
   933 000099DE 4589E0              <1>     mov r8d, r12d
   934 000099E1 B855413300          <1>     mov eax, GUI_CLR_WIN_BORDER
   935 000099E6 E839F0FFFF          <1>     call gfx_draw_rect
   936                              <1> 
   937                              <1>     ; 5. Control Buttons (Red, Yellow, Green dots)
   938                              <1>     ; Red Dot (Close)
   939 000099EB 4489C9              <1>     mov ecx, r9d
   940 000099EE 83C10C              <1>     add ecx, 12
   941 000099F1 4489D2              <1>     mov edx, r10d
   942 000099F4 83C209              <1>     add edx, 9
   943 000099F7 BE0A000000          <1>     mov esi, 10
   944 000099FC 41B80A000000        <1>     mov r8d, 10
   945 00009A02 B84444EF00          <1>     mov eax, COLOR_BTN_CLOSE
   946 00009A07 E87AEFFFFF          <1>     call gfx_fill_rect
   947                              <1> 
   948                              <1>     ; Yellow Dot (Minimize)
   949 00009A0C 4489C9              <1>     mov ecx, r9d
   950 00009A0F 83C11B              <1>     add ecx, 27
   951 00009A12 4489D2              <1>     mov edx, r10d
   952 00009A15 83C209              <1>     add edx, 9
   953 00009A18 BE0A000000          <1>     mov esi, 10
   954 00009A1D 41B80A000000        <1>     mov r8d, 10
   955 00009A23 B80B9EF500          <1>     mov eax, COLOR_TEXT_YELLOW
   956 00009A28 E859EFFFFF          <1>     call gfx_fill_rect
   957                              <1> 
   958                              <1>     ; Green Dot (Maximize)
   959 00009A2D 4489C9              <1>     mov ecx, r9d
   960 00009A30 83C12A              <1>     add ecx, 42
   961 00009A33 4489D2              <1>     mov edx, r10d
   962 00009A36 83C209              <1>     add edx, 9
   963 00009A39 BE0A000000          <1>     mov esi, 10
   964 00009A3E 41B80A000000        <1>     mov r8d, 10
   965 00009A44 B881B91000          <1>     mov eax, COLOR_TEXT_GREEN
   966 00009A49 E838EFFFFF          <1>     call gfx_fill_rect
   967                              <1> 
   968                              <1>     ; 6. Window Title String
   969 00009A4E 4489C9              <1>     mov ecx, r9d
   970 00009A51 83C13E              <1>     add ecx, 62
   971 00009A54 4489D2              <1>     mov edx, r10d
   972 00009A57 83C20A              <1>     add edx, 10
   973 00009A5A 4889FE              <1>     mov rsi, rdi
   974 00009A5D B8FFFFFF00          <1>     mov eax, COLOR_TEXT_WHITE
   975 00009A62 BBFFFFFFFF          <1>     mov ebx, -1
   976 00009A67 E819F2FFFF          <1>     call gfx_print_string
   977                              <1> 
   978 00009A6C 415C                <1>     pop r12
   979 00009A6E 415B                <1>     pop r11
   980 00009A70 415A                <1>     pop r10
   981 00009A72 4159                <1>     pop r9
   982 00009A74 4158                <1>     pop r8
   983 00009A76 5E                  <1>     pop rsi
   984 00009A77 5A                  <1>     pop rdx
   985 00009A78 59                  <1>     pop rcx
   986 00009A79 5B                  <1>     pop rbx
   987 00009A7A 58                  <1>     pop rax
   988 00009A7B C3                  <1>     ret
   989                              <1> 
   990                              <1> ; ------------------------------------------------------------------------------
   991                              <1> ; gui_draw_palette_indicators: Renders the 8 swatches and active indicator
   992                              <1> ; ------------------------------------------------------------------------------
   993                              <1> gui_draw_palette_indicators:
   994 00009A7C 50                  <1>     push rax
   995 00009A7D 53                  <1>     push rbx
   996 00009A7E 51                  <1>     push rcx
   997 00009A7F 52                  <1>     push rdx
   998 00009A80 56                  <1>     push rsi
   999 00009A81 4150                <1>     push r8
  1000                              <1> 
  1001 00009A83 31DB                <1>     xor ebx, ebx                ; i = 0 .. 7
  1002                              <1> .loop:
  1003 00009A85 89D9                <1>     mov ecx, ebx
  1004 00009A87 6BC91E              <1>     imul ecx, 30
  1005 00009A8A 83C137              <1>     add ecx, 55                 ; X
  1006 00009A8D BAAA010000          <1>     mov edx, 426                ; Y
  1007 00009A92 BE18000000          <1>     mov esi, 24                 ; W
  1008 00009A97 41B816000000        <1>     mov r8d, 22                 ; H
  1009 00009A9D 8B049D[3A8E0000]    <1>     mov eax, [gui_swatches + rbx * 4]
  1010 00009AA4 E8DDEEFFFF          <1>     call gfx_fill_rect
  1011                              <1> 
  1012                              <1>     ; Border around swatch
  1013 00009AA9 89D9                <1>     mov ecx, ebx
  1014 00009AAB 6BC91E              <1>     imul ecx, 30
  1015 00009AAE 83C137              <1>     add ecx, 55
  1016 00009AB1 BAAA010000          <1>     mov edx, 426
  1017 00009AB6 BE18000000          <1>     mov esi, 24
  1018 00009ABB 41B816000000        <1>     mov r8d, 22
  1019 00009AC1 8B049D[3A8E0000]    <1>     mov eax, [gui_swatches + rbx * 4]
  1020 00009AC8 3B0568F3FFFF        <1>     cmp eax, [gui_active_color]
  1021 00009ACE 752E                <1>     jne .dim_border
  1022 00009AD0 B8FFFFFF00          <1>     mov eax, COLOR_TEXT_WHITE   ; Selected swatch gets bright white border
  1023 00009AD5 E84AEFFFFF          <1>     call gfx_draw_rect
  1024                              <1>     ; Inner white highlight
  1025 00009ADA 89D9                <1>     mov ecx, ebx
  1026 00009ADC 6BC91E              <1>     imul ecx, 30
  1027 00009ADF 83C138              <1>     add ecx, 56
  1028 00009AE2 BAAB010000          <1>     mov edx, 427
  1029 00009AE7 BE16000000          <1>     mov esi, 22
  1030 00009AEC 41B814000000        <1>     mov r8d, 20
  1031 00009AF2 B8FFFFFF00          <1>     mov eax, COLOR_TEXT_WHITE
  1032 00009AF7 E828EFFFFF          <1>     call gfx_draw_rect
  1033 00009AFC EB0A                <1>     jmp .next
  1034                              <1> 
  1035                              <1> .dim_border:
  1036 00009AFE B869554700          <1>     mov eax, 0x00475569         ; Muted border
  1037 00009B03 E81CEFFFFF          <1>     call gfx_draw_rect
  1038                              <1> 
  1039                              <1> .next:
  1040 00009B08 FFC3                <1>     inc ebx
  1041 00009B0A 83FB08              <1>     cmp ebx, 8
  1042 00009B0D 0F8C72FFFFFF        <1>     jl .loop
  1043                              <1> 
  1044 00009B13 4158                <1>     pop r8
  1045 00009B15 5E                  <1>     pop rsi
  1046 00009B16 5A                  <1>     pop rdx
  1047 00009B17 59                  <1>     pop rcx
  1048 00009B18 5B                  <1>     pop rbx
  1049 00009B19 58                  <1>     pop rax
  1050 00009B1A C3                  <1>     ret
  1051                              <1> 
  1052                              <1> ; ------------------------------------------------------------------------------
  1053                              <1> ; gui_clear_canvas: Fills the drawing canvas with dark background
  1054                              <1> ; ------------------------------------------------------------------------------
  1055                              <1> gui_clear_canvas:
  1056 00009B1B 50                  <1>     push rax
  1057 00009B1C 51                  <1>     push rcx
  1058 00009B1D 52                  <1>     push rdx
  1059 00009B1E 56                  <1>     push rsi
  1060 00009B1F 4150                <1>     push r8
  1061                              <1> 
  1062                              <1>     ; Canvas fill
  1063 00009B21 B938000000          <1>     mov ecx, gui_canvas_x1
  1064 00009B26 BACC010000          <1>     mov edx, gui_canvas_y1
  1065 00009B2B BE90030000          <1>     mov esi, (gui_canvas_x2 - gui_canvas_x1)
  1066 00009B30 41B8FF000000        <1>     mov r8d, (gui_canvas_y2 - gui_canvas_y1)
  1067 00009B36 B817110D00          <1>     mov eax, GUI_CLR_CANVAS_BG
  1068 00009B3B E846EEFFFF          <1>     call gfx_fill_rect
  1069                              <1> 
  1070                              <1>     ; Canvas inner border
  1071 00009B40 B938000000          <1>     mov ecx, gui_canvas_x1
  1072 00009B45 BACC010000          <1>     mov edx, gui_canvas_y1
  1073 00009B4A BE90030000          <1>     mov esi, (gui_canvas_x2 - gui_canvas_x1)
  1074 00009B4F 41B8FF000000        <1>     mov r8d, (gui_canvas_y2 - gui_canvas_y1)
  1075 00009B55 B837291F00          <1>     mov eax, 0x001F2937
  1076 00009B5A E8C5EEFFFF          <1>     call gfx_draw_rect
  1077                              <1> 
  1078 00009B5F 4158                <1>     pop r8
  1079 00009B61 5E                  <1>     pop rsi
  1080 00009B62 5A                  <1>     pop rdx
  1081 00009B63 59                  <1>     pop rcx
  1082 00009B64 58                  <1>     pop rax
  1083 00009B65 C3                  <1>     ret
  1084                              <1> 
  1085                              <1> ; ------------------------------------------------------------------------------
  1086                              <1> ; gui_draw_demo_art: Renders futuristic cybernetic geometric vector art
  1087                              <1> ; ------------------------------------------------------------------------------
  1088                              <1> gui_draw_demo_art:
  1089 00009B66 50                  <1>     push rax
  1090 00009B67 53                  <1>     push rbx
  1091 00009B68 51                  <1>     push rcx
  1092 00009B69 52                  <1>     push rdx
  1093 00009B6A 56                  <1>     push rsi
  1094 00009B6B 4150                <1>     push r8
  1095 00009B6D 4151                <1>     push r9
  1096 00009B6F 4152                <1>     push r10
  1097                              <1> 
  1098                              <1>     ; Center of canvas = (512, 587)
  1099                              <1>     ; 1. Draw Concentric Geometric Cyber Diamonds & Rings
  1100 00009B71 BB0A000000          <1>     mov ebx, 10
  1101                              <1> .ring_loop:
  1102 00009B76 B900020000          <1>     mov ecx, 512
  1103 00009B7B 29D9                <1>     sub ecx, ebx
  1104 00009B7D BA4B020000          <1>     mov edx, 587
  1105 00009B82 29DA                <1>     sub edx, ebx
  1106 00009B84 89DE                <1>     mov esi, ebx
  1107 00009B86 D1E6                <1>     shl esi, 1                  ; Width = 2 * r
  1108 00009B88 4189D8              <1>     mov r8d, ebx
  1109 00009B8B 41D1E0              <1>     shl r8d, 1                  ; Height = 2 * r
  1110                              <1> 
  1111                              <1>     ; Alternate between Cyan, Magenta, and Emerald
  1112 00009B8E F7C320000000        <1>     test ebx, 0x20
  1113 00009B94 7407                <1>     jz .cyan_ring
  1114 00009B96 B89948EC00          <1>     mov eax, 0x00EC4899          ; Magenta
  1115 00009B9B EB05                <1>     jmp .draw_box
  1116                              <1> .cyan_ring:
  1117 00009B9D B8FFF00000          <1>     mov eax, 0x0000F0FF          ; Cyan
  1118                              <1> .draw_box:
  1119 00009BA2 E87DEEFFFF          <1>     call gfx_draw_rect
  1120                              <1> 
  1121 00009BA7 83C30E              <1>     add ebx, 14
  1122 00009BAA 83FB6E              <1>     cmp ebx, 110
  1123 00009BAD 7CC7                <1>     jl .ring_loop
  1124                              <1> 
  1125                              <1>     ; 2. Draw Crosshairs & Cyber Grid Lines
  1126 00009BAF B904010000          <1>     mov ecx, 260
  1127 00009BB4 BA4B020000          <1>     mov edx, 587
  1128 00009BB9 BEF8010000          <1>     mov esi, 504
  1129 00009BBE 41B801000000        <1>     mov r8d, 1
  1130 00009BC4 B8C7840200          <1>     mov eax, 0x000284C7          ; Blue-Cyan Horizontal Axis
  1131 00009BC9 E8B8EDFFFF          <1>     call gfx_fill_rect
  1132                              <1> 
  1133 00009BCE B900020000          <1>     mov ecx, 512
  1134 00009BD3 BADB010000          <1>     mov edx, 475
  1135 00009BD8 BE01000000          <1>     mov esi, 1
  1136 00009BDD 41B8E0000000        <1>     mov r8d, 224
  1137 00009BE3 B8C7840200          <1>     mov eax, 0x000284C7          ; Blue-Cyan Vertical Axis
  1138 00009BE8 E899EDFFFF          <1>     call gfx_fill_rect
  1139                              <1> 
  1140                              <1>     ; 3. Draw Cyber Branding Text inside Canvas
  1141 00009BED B9A0010000          <1>     mov ecx, 416
  1142 00009BF2 BA47020000          <1>     mov edx, 583
  1143 00009BF7 488D3598050000      <1>     lea rsi, [str_canvas_banner]
  1144 00009BFE B8FFFFFF00          <1>     mov eax, COLOR_TEXT_WHITE
  1145 00009C03 BB2A170F00          <1>     mov ebx, 0x000F172A
  1146 00009C08 E878F0FFFF          <1>     call gfx_print_string
  1147                              <1> 
  1148                              <1>     ; 4. Draw Corner Cyber Marks
  1149                              <1>     ; Top-Left bracket
  1150 00009C0D B946000000          <1>     mov ecx, 70
  1151 00009C12 BADB010000          <1>     mov edx, 475
  1152 00009C17 BE14000000          <1>     mov esi, 20
  1153 00009C1C 41B802000000        <1>     mov r8d, 2
  1154 00009C22 B8FFF00000          <1>     mov eax, COLOR_TEXT_CYAN
  1155 00009C27 E85AEDFFFF          <1>     call gfx_fill_rect
  1156 00009C2C B946000000          <1>     mov ecx, 70
  1157 00009C31 BADB010000          <1>     mov edx, 475
  1158 00009C36 BE02000000          <1>     mov esi, 2
  1159 00009C3B 41B814000000        <1>     mov r8d, 20
  1160 00009C41 B8FFF00000          <1>     mov eax, COLOR_TEXT_CYAN
  1161 00009C46 E83BEDFFFF          <1>     call gfx_fill_rect
  1162                              <1> 
  1163                              <1>     ; Top-Right bracket
  1164 00009C4B B9A6030000          <1>     mov ecx, 934
  1165 00009C50 BADB010000          <1>     mov edx, 475
  1166 00009C55 BE14000000          <1>     mov esi, 20
  1167 00009C5A 41B802000000        <1>     mov r8d, 2
  1168 00009C60 B8FFF00000          <1>     mov eax, COLOR_TEXT_CYAN
  1169 00009C65 E81CEDFFFF          <1>     call gfx_fill_rect
  1170 00009C6A B9B8030000          <1>     mov ecx, 952
  1171 00009C6F BADB010000          <1>     mov edx, 475
  1172 00009C74 BE02000000          <1>     mov esi, 2
  1173 00009C79 41B814000000        <1>     mov r8d, 20
  1174 00009C7F B8FFF00000          <1>     mov eax, COLOR_TEXT_CYAN
  1175 00009C84 E8FDECFFFF          <1>     call gfx_fill_rect
  1176                              <1> 
  1177                              <1>     ; Bottom-Left bracket
  1178 00009C89 B946000000          <1>     mov ecx, 70
  1179 00009C8E BABC020000          <1>     mov edx, 700
  1180 00009C93 BE14000000          <1>     mov esi, 20
  1181 00009C98 41B802000000        <1>     mov r8d, 2
  1182 00009C9E B8FFF00000          <1>     mov eax, COLOR_TEXT_CYAN
  1183 00009CA3 E8DEECFFFF          <1>     call gfx_fill_rect
  1184 00009CA8 B946000000          <1>     mov ecx, 70
  1185 00009CAD BAAA020000          <1>     mov edx, 682
  1186 00009CB2 BE02000000          <1>     mov esi, 2
  1187 00009CB7 41B814000000        <1>     mov r8d, 20
  1188 00009CBD B8FFF00000          <1>     mov eax, COLOR_TEXT_CYAN
  1189 00009CC2 E8BFECFFFF          <1>     call gfx_fill_rect
  1190                              <1> 
  1191                              <1>     ; Bottom-Right bracket
  1192 00009CC7 B9A6030000          <1>     mov ecx, 934
  1193 00009CCC BABC020000          <1>     mov edx, 700
  1194 00009CD1 BE14000000          <1>     mov esi, 20
  1195 00009CD6 41B802000000        <1>     mov r8d, 2
  1196 00009CDC B8FFF00000          <1>     mov eax, COLOR_TEXT_CYAN
  1197 00009CE1 E8A0ECFFFF          <1>     call gfx_fill_rect
  1198 00009CE6 B9B8030000          <1>     mov ecx, 952
  1199 00009CEB BAAA020000          <1>     mov edx, 682
  1200 00009CF0 BE02000000          <1>     mov esi, 2
  1201 00009CF5 41B814000000        <1>     mov r8d, 20
  1202 00009CFB B8FFF00000          <1>     mov eax, COLOR_TEXT_CYAN
  1203 00009D00 E881ECFFFF          <1>     call gfx_fill_rect
  1204                              <1> 
  1205 00009D05 415A                <1>     pop r10
  1206 00009D07 4159                <1>     pop r9
  1207 00009D09 4158                <1>     pop r8
  1208 00009D0B 5E                  <1>     pop rsi
  1209 00009D0C 5A                  <1>     pop rdx
  1210 00009D0D 59                  <1>     pop rcx
  1211 00009D0E 5B                  <1>     pop rbx
  1212 00009D0F 58                  <1>     pop rax
  1213 00009D10 C3                  <1>     ret
  1214                              <1> 
  1215                              <1> ; ------------------------------------------------------------------------------
  1216                              <1> ; GUI Text Strings
  1217                              <1> ; ------------------------------------------------------------------------------
  1218 00009D11 414759204F53203634- <1> str_start_btn:      db "AGY OS 64", 0
  1218 00009D1A 00                  <1>
  1219 00009D1B 5B53797374656D5D00  <1> str_menu_sys:       db "[System]", 0
  1220 00009D24 5B5465726D696E616C- <1> str_menu_term:      db "[Terminal]", 0
  1220 00009D2D 5D00                <1>
  1221 00009D2F 5B4379626572204361- <1> str_menu_paint:     db "[Cyber Canvas]", 0
  1221 00009D38 6E7661735D00        <1>
  1222 00009D3E 49503A2031302E302E- <1> str_badge_ip:       db "IP: 10.0.2.15", 0
  1222 00009D47 322E313500          <1>
  1223 00009D4C 52414D3A2034204742- <1> str_badge_ram:      db "RAM: 4 GB", 0
  1223 00009D55 00                  <1>
  1224 00009D56 457869742028457363- <1> str_badge_exit:     db "Exit (Esc)", 0
  1224 00009D5F 2900                <1>
  1225                              <1> 
  1226 00009D61 53797374656D204D6F- <1> str_win1_title:     db "System Monitor - x86_64 Long Mode", 0
  1226 00009D6A 6E69746F72202D2078- <1>
  1226 00009D73 38365F3634204C6F6E- <1>
  1226 00009D7C 67204D6F646500      <1>
  1227 00009D83 2D2D2D204841524457- <1> str_w1_sec1:        db "--- HARDWARE ARCHITECTURE ---", 0
  1227 00009D8C 415245204152434849- <1>
  1227 00009D95 54454354555245202D- <1>
  1227 00009D9E 2D2D00              <1>
  1228 00009DA1 43505520417263683A- <1> str_w1_cpu:         db "CPU Arch:     x86_64 Long Mode (64-Bit)", 0
  1228 00009DAA 20202020207838365F- <1>
  1228 00009DB3 3634204C6F6E67204D- <1>
  1228 00009DBC 6F6465202836342D42- <1>
  1228 00009DC5 69742900            <1>
  1229 00009DC9 4D656D6F72793A2020- <1> str_w1_mem:         db "Memory:       4096 MB Physical Identity Map", 0
  1229 00009DD2 202020202034303936- <1>
  1229 00009DDB 204D42205068797369- <1>
  1229 00009DE4 63616C204964656E74- <1>
  1229 00009DED 697479204D617000    <1>
  1230 00009DF5 506167696E673A2020- <1> str_w1_page:        db "Paging:       4-Level PML4 (2MB Huge Pages)", 0
  1230 00009DFE 2020202020342D4C65- <1>
  1230 00009E07 76656C20504D4C3420- <1>
  1230 00009E10 28324D422048756765- <1>
  1230 00009E19 2050616765732900    <1>
  1231 00009E21 446973706C61793A20- <1> str_w1_disp:        db "Display:      BGA 1024x768 32bpp TrueColor", 0
  1231 00009E2A 202020202042474120- <1>
  1231 00009E33 313032347837363820- <1>
  1231 00009E3C 333262707020547275- <1>
  1231 00009E45 65436F6C6F7200      <1>
  1232 00009E4C 2D2D2D205355425359- <1> str_w1_sec2:        db "--- SUBSYSTEM & NETWORK ---", 0
  1232 00009E55 5354454D2026204E45- <1>
  1232 00009E5E 54574F524B202D2D2D- <1>
  1232 00009E67 00                  <1>
  1233 00009E68 53746F726167653A20- <1> str_w1_fs:          db "Storage:      AntigravityFS (AFS1) Primary ATA", 0
  1233 00009E71 2020202020416E7469- <1>
  1233 00009E7A 677261766974794653- <1>
  1233 00009E83 202841465331292050- <1>
  1233 00009E8C 72696D617279204154- <1>
  1233 00009E95 4100                <1>
  1234 00009E97 4E4943204164617074- <1> str_w1_nic:         db "NIC Adapter:  Realtek RTL8139 PCI BusMaster", 0
  1234 00009EA0 65723A20205265616C- <1>
  1234 00009EA9 74656B2052544C3831- <1>
  1234 00009EB2 333920504349204275- <1>
  1234 00009EBB 734D617374657200    <1>
  1235 00009EC3 495076342041646472- <1> str_w1_ip:          db "IPv4 Address: 10.0.2.15 / 255.255.255.0", 0
  1235 00009ECC 6573733A2031302E30- <1>
  1235 00009ED5 2E322E3135202F2032- <1>
  1235 00009EDE 35352E3235352E3235- <1>
  1235 00009EE7 352E3000            <1>
  1236 00009EEB 476174657761792F44- <1> str_w1_gw:          db "Gateway/DNS:  10.0.2.2 / 10.0.2.3", 0
  1236 00009EF4 4E533A202031302E30- <1>
  1236 00009EFD 2E322E32202F203130- <1>
  1236 00009F06 2E302E322E3300      <1>
  1237 00009F0D 5443502F4950205374- <1> str_w1_tcp:         db "TCP/IP Stack: Active (ARP/ICMP/UDP/TCP)", 0
  1237 00009F16 61636B3A2041637469- <1>
  1237 00009F1F 766520284152502F49- <1>
  1237 00009F28 434D502F5544502F54- <1>
  1237 00009F31 43502900            <1>
  1238 00009F35 4D6F75736520447269- <1> str_w1_mouse:       db "Mouse Driver: PS/2 8042 Auxiliary (Active)", 0
  1238 00009F3E 7665723A2050532F32- <1>
  1238 00009F47 203830343220417578- <1>
  1238 00009F50 696C69617279202841- <1>
  1238 00009F59 63746976652900      <1>
  1239                              <1> 
  1240 00009F60 416E74696772617669- <1> str_win2_title:     db "Antigravity Terminal - x86_64 Console", 0
  1240 00009F69 7479205465726D696E- <1>
  1240 00009F72 616C202D207838365F- <1>
  1240 00009F7B 363420436F6E736F6C- <1>
  1240 00009F84 6500                <1>
  1241 00009F86 616E74696772617669- <1> str_t_l1:           db "antigravity> sysinfo", 0
  1241 00009F8F 74793E20737973696E- <1>
  1241 00009F98 666F00              <1>
  1242 00009F9B 5B4F4B5D2036342D62- <1> str_t_l2:           db "[OK] 64-bit Long Mode initialized", 0
  1242 00009FA4 6974204C6F6E67204D- <1>
  1242 00009FAD 6F646520696E697469- <1>
  1242 00009FB6 616C697A656400      <1>
  1243 00009FBD 616E74696772617669- <1> str_t_l3:           db "antigravity> ls", 0
  1243 00009FC6 74793E206C7300      <1>
  1244 00009FCD 726561646D652E7478- <1> str_t_l4:           db "readme.txt (142 B)  kernel.bin (65 KB)", 0
  1244 00009FD6 742028313432204229- <1>
  1244 00009FDF 20206B65726E656C2E- <1>
  1244 00009FE8 62696E20283635204B- <1>
  1244 00009FF1 422900              <1>
  1245 00009FF4 616E74696772617669- <1> str_t_l5:           db "antigravity> ping 10.0.2.2", 0
  1245 00009FFD 74793E2070696E6720- <1>
  1245 0000A006 31302E302E322E3200  <1>
  1246 0000A00F 363420627974657320- <1> str_t_l6:           db "64 bytes from 10.0.2.2: seq=1 time=1ms", 0
  1246 0000A018 66726F6D2031302E30- <1>
  1246 0000A021 2E322E323A20736571- <1>
  1246 0000A02A 3D312074696D653D31- <1>
  1246 0000A033 6D7300              <1>
  1247 0000A036 616E74696772617669- <1> str_t_l7:           db "antigravity> dns google.com", 0
  1247 0000A03F 74793E20646E732067- <1>
  1247 0000A048 6F6F676C652E636F6D- <1>
  1247 0000A051 00                  <1>
  1248 0000A052 5265736F6C76656420- <1> str_t_l8:           db "Resolved google.com -> 142.251.214.78", 0
  1248 0000A05B 676F6F676C652E636F- <1>
  1248 0000A064 6D202D3E203134322E- <1>
  1248 0000A06D 3235312E3231342E37- <1>
  1248 0000A076 3800                <1>
  1249 0000A078 616E74696772617669- <1> str_t_l9:           db "antigravity> curl google.com 80", 0
  1249 0000A081 74793E206375726C20- <1>
  1249 0000A08A 676F6F676C652E636F- <1>
  1249 0000A093 6D20383000          <1>
  1250 0000A098 485454502F312E3020- <1> str_t_l10:          db "HTTP/1.0 301 Moved Permanently", 0
  1250 0000A0A1 333031204D6F766564- <1>
  1250 0000A0AA 205065726D616E656E- <1>
  1250 0000A0B3 746C7900            <1>
  1251 0000A0B7 616E74696772617669- <1> str_t_l11:          db "antigravity> gui", 0
  1251 0000A0C0 74793E2067756900    <1>
  1252 0000A0C8 5B4445534B544F505D- <1> str_t_l12:          db "[DESKTOP] 1024x768 TrueColor Framebuffer Active", 0
  1252 0000A0D1 203130323478373638- <1>
  1252 0000A0DA 2054727565436F6C6F- <1>
  1252 0000A0E3 72204672616D656275- <1>
  1252 0000A0EC 666665722041637469- <1>
  1252 0000A0F5 766500              <1>
  1253 0000A0F8 616E74696772617669- <1> str_t_l13:          db "antigravity> ", 0
  1253 0000A101 74793E2000          <1>
  1254                              <1> 
  1255 0000A106 43796265722043616E- <1> str_win3_title:     db "Cyber Canvas & Interactive Vector Visualizer", 0
  1255 0000A10F 766173202620496E74- <1>
  1255 0000A118 657261637469766520- <1>
  1255 0000A121 566563746F72205669- <1>
  1255 0000A12A 7375616C697A657200  <1>
  1256 0000A133 436C6561722043616E- <1> str_btn_clear:      db "Clear Canvas", 0
  1256 0000A13C 76617300            <1>
  1257 0000A140 447261772043796265- <1> str_btn_art:        db "Draw Cyber Art", 0
  1257 0000A149 722041727400        <1>
  1258 0000A14F 4D6F757365202F2053- <1> str_canvas_hint:    db "Mouse / Space: Draw | Keys 1-8: Colors | C: Clear | D: Art | Esc: Exit", 0
  1258 0000A158 706163653A20447261- <1>
  1258 0000A161 77207C204B65797320- <1>
  1258 0000A16A 312D383A20436F6C6F- <1>
  1258 0000A173 7273207C20433A2043- <1>
  1258 0000A17C 6C656172207C20443A- <1>
  1258 0000A185 20417274207C204573- <1>
  1258 0000A18E 633A204578697400    <1>
  1259 0000A196 205B20414E54494752- <1> str_canvas_banner:  db " [ ANTIGRAVITY OS 64-BIT GUI ] ", 0
  1259 0000A19F 4156495459204F5320- <1>
  1259 0000A1A8 36342D424954204755- <1>
  1259 0000A1B1 49205D2000          <1>
  1260                              <1> 
  1261 0000A1B6 20416E746967726176- <1> str_footer_left:    db " Antigravity OS v1.0 | Press [ESC] or [Q] to return to CLI | Mouse: Active | Net: Online", 0
  1261 0000A1BF 697479204F53207631- <1>
  1261 0000A1C8 2E30207C2050726573- <1>
  1261 0000A1D1 73205B4553435D206F- <1>
  1261 0000A1DA 72205B515D20746F20- <1>
  1261 0000A1E3 72657475726E20746F- <1>
  1261 0000A1EC 20434C49207C204D6F- <1>
  1261 0000A1F5 7573653A2041637469- <1>
  1261 0000A1FE 7665207C204E65743A- <1>
  1261 0000A207 204F6E6C696E6500    <1>
  1262 0000A20F 7838365F3634204C6F- <1> str_footer_right:   db "x86_64 Long Mode (4GB RAM)", 0
  1262 0000A218 6E67204D6F64652028- <1>
  1262 0000A221 3447422052414D2900  <1>
   133                                  %include "shell.asm"
     1                              <1> ; ==============================================================================
     2                              <1> ; Antigravity OS - 64-bit Interactive Shell & Command Interpreter
     3                              <1> ; Integrated with AntigravityFS (AFS) Persistent Storage Subsystem
     4                              <1> ; ==============================================================================
     5                              <1> 
     6                              <1> [bits 64]
     7                              <1> 
     8 0000A22A 616E74696772617669- <1> PROMPT_STR:         db "antigravity64> ", 0
     8 0000A233 747936343E2000      <1>
     9                              <1> 
    10                              <1> ; Command Identifiers
    11 0000A23A 68656C7000          <1> CMD_HELP:           db "help", 0
    12 0000A23F 636C65617200        <1> CMD_CLEAR:          db "clear", 0
    13 0000A245 63707500            <1> CMD_CPU:            db "cpu", 0
    14 0000A249 6D656D00            <1> CMD_MEM:            db "mem", 0
    15 0000A24D 7265677300          <1> CMD_REGS:           db "regs", 0
    16 0000A252 7469636B7300        <1> CMD_TICKS:          db "ticks", 0
    17 0000A258 6563686F00          <1> CMD_ECHO:           db "echo", 0
    18 0000A25D 6C7300              <1> CMD_LS:             db "ls", 0
    19 0000A260 64697200            <1> CMD_DIR:            db "dir", 0
    20 0000A264 63617400            <1> CMD_CAT:            db "cat", 0
    21 0000A268 746F75636800        <1> CMD_TOUCH:          db "touch", 0
    22 0000A26E 777269746500        <1> CMD_WRITE:          db "write", 0
    23 0000A274 726D00              <1> CMD_RM:             db "rm", 0
    24 0000A277 646600              <1> CMD_DF:             db "df", 0
    25 0000A27A 7265626F6F7400      <1> CMD_REBOOT:         db "reboot", 0
    26 0000A281 68616C7400          <1> CMD_HALT:           db "halt", 0
    27 0000A286 61626F757400        <1> CMD_ABOUT:          db "about", 0
    28 0000A28C 6966636F6E66696700  <1> CMD_IFCONFIG:       db "ifconfig", 0
    29 0000A295 6E657400            <1> CMD_NET:            db "net", 0
    30 0000A299 70696E6700          <1> CMD_PING:           db "ping", 0
    31 0000A29E 61727000            <1> CMD_ARP:            db "arp", 0
    32 0000A2A2 646E7300            <1> CMD_DNS:            db "dns", 0
    33 0000A2A6 6E736C6F6F6B757000  <1> CMD_NSLOOKUP:       db "nslookup", 0
    34 0000A2AF 6375726C00          <1> CMD_CURL:           db "curl", 0
    35 0000A2B4 6874747000          <1> CMD_HTTP:           db "http", 0
    36 0000A2B9 7463706C697374656E- <1> CMD_TCPLISTEN:      db "tcplisten", 0
    36 0000A2C2 00                  <1>
    37 0000A2C3 67756900            <1> CMD_GUI:            db "gui", 0
    38 0000A2C7 6465736B746F7000    <1> CMD_DESKTOP:        db "desktop", 0
    39                              <1> 
    40 0000A2CF 202000              <1> STR_TWO_SPACES:     db "  ", 0
    41                              <1> 
    42                              <1> ; Tab completion command pointers (sorted alphabetically)
    43                              <1> tab_cmd_ptrs:
    44 0000A2D2 [86A2000000000000]  <1>     dq CMD_ABOUT
    45 0000A2DA [9EA2000000000000]  <1>     dq CMD_ARP
    46 0000A2E2 [64A2000000000000]  <1>     dq CMD_CAT
    47 0000A2EA [3FA2000000000000]  <1>     dq CMD_CLEAR
    48 0000A2F2 [45A2000000000000]  <1>     dq CMD_CPU
    49 0000A2FA [AFA2000000000000]  <1>     dq CMD_CURL
    50 0000A302 [C7A2000000000000]  <1>     dq CMD_DESKTOP
    51 0000A30A [77A2000000000000]  <1>     dq CMD_DF
    52 0000A312 [60A2000000000000]  <1>     dq CMD_DIR
    53 0000A31A [A2A2000000000000]  <1>     dq CMD_DNS
    54 0000A322 [58A2000000000000]  <1>     dq CMD_ECHO
    55 0000A32A [C3A2000000000000]  <1>     dq CMD_GUI
    56 0000A332 [81A2000000000000]  <1>     dq CMD_HALT
    57 0000A33A [3AA2000000000000]  <1>     dq CMD_HELP
    58 0000A342 [B4A2000000000000]  <1>     dq CMD_HTTP
    59 0000A34A [8CA2000000000000]  <1>     dq CMD_IFCONFIG
    60 0000A352 [5DA2000000000000]  <1>     dq CMD_LS
    61 0000A35A [49A2000000000000]  <1>     dq CMD_MEM
    62 0000A362 [95A2000000000000]  <1>     dq CMD_NET
    63 0000A36A [A6A2000000000000]  <1>     dq CMD_NSLOOKUP
    64 0000A372 [99A2000000000000]  <1>     dq CMD_PING
    65 0000A37A [7AA2000000000000]  <1>     dq CMD_REBOOT
    66 0000A382 [4DA2000000000000]  <1>     dq CMD_REGS
    67 0000A38A [74A2000000000000]  <1>     dq CMD_RM
    68 0000A392 [B9A2000000000000]  <1>     dq CMD_TCPLISTEN
    69 0000A39A [52A2000000000000]  <1>     dq CMD_TICKS
    70 0000A3A2 [68A2000000000000]  <1>     dq CMD_TOUCH
    71 0000A3AA [6EA2000000000000]  <1>     dq CMD_WRITE
    72 0000A3B2 0000000000000000    <1>     dq 0                        ; End of table marker
    73                              <1> 
    74                              <1> ; Help messages
    75 0000A3BA 3D3D3D20416E746967- <1> MSG_HELP_BANNER:    db "=== Antigravity OS [64-bit] Available Commands ===", 0x0A, 0
    75 0000A3C3 726176697479204F53- <1>
    75 0000A3CC 205B36342D6269745D- <1>
    75 0000A3D5 20417661696C61626C- <1>
    75 0000A3DE 6520436F6D6D616E64- <1>
    75 0000A3E7 73203D3D3D0A00      <1>
    76 0000A3EE 202068656C70202020- <1> MSG_H_HELP:         db "  help               - Display this reference manual", 0x0A, 0
    76 0000A3F7 202020202020202020- <1>
    76 0000A400 2020202D2044697370- <1>
    76 0000A409 6C6179207468697320- <1>
    76 0000A412 7265666572656E6365- <1>
    76 0000A41B 206D616E75616C0A00  <1>
    77 0000A424 20206C73202F206469- <1> MSG_H_LS:           db "  ls / dir           - List files on the AntigravityFS volume", 0x0A, 0
    77 0000A42D 722020202020202020- <1>
    77 0000A436 2020202D204C697374- <1>
    77 0000A43F 2066696C6573206F6E- <1>
    77 0000A448 2074686520416E7469- <1>
    77 0000A451 677261766974794653- <1>
    77 0000A45A 20766F6C756D650A00  <1>
    78 0000A463 2020636174203C6669- <1> MSG_H_CAT:          db "  cat <file>         - Display file contents from disk", 0x0A, 0
    78 0000A46C 6C653E202020202020- <1>
    78 0000A475 2020202D2044697370- <1>
    78 0000A47E 6C61792066696C6520- <1>
    78 0000A487 636F6E74656E747320- <1>
    78 0000A490 66726F6D206469736B- <1>
    78 0000A499 0A00                <1>
    79 0000A49B 2020746F756368203C- <1> MSG_H_TOUCH:        db "  touch <file>       - Create a new empty file", 0x0A, 0
    79 0000A4A4 66696C653E20202020- <1>
    79 0000A4AD 2020202D2043726561- <1>
    79 0000A4B6 74652061206E657720- <1>
    79 0000A4BF 656D7074792066696C- <1>
    79 0000A4C8 650A00              <1>
    80 0000A4CB 20207772697465203C- <1> MSG_H_WRITE:        db "  write <file> <txt> - Write persistent text into file", 0x0A, 0
    80 0000A4D4 66696C653E203C7478- <1>
    80 0000A4DD 743E202D2057726974- <1>
    80 0000A4E6 652070657273697374- <1>
    80 0000A4EF 656E74207465787420- <1>
    80 0000A4F8 696E746F2066696C65- <1>
    80 0000A501 0A00                <1>
    81 0000A503 2020726D203C66696C- <1> MSG_H_RM:           db "  rm <file>          - Delete a file from disk", 0x0A, 0
    81 0000A50C 653E20202020202020- <1>
    81 0000A515 2020202D2044656C65- <1>
    81 0000A51E 746520612066696C65- <1>
    81 0000A527 2066726F6D20646973- <1>
    81 0000A530 6B0A00              <1>
    82 0000A533 202064662020202020- <1> MSG_H_DF:           db "  df                 - Display filesystem storage statistics", 0x0A, 0
    82 0000A53C 202020202020202020- <1>
    82 0000A545 2020202D2044697370- <1>
    82 0000A54E 6C61792066696C6573- <1>
    82 0000A557 797374656D2073746F- <1>
    82 0000A560 726167652073746174- <1>
    82 0000A569 6973746963730A00    <1>
    83 0000A571 20206966636F6E6669- <1> MSG_H_IFCONFIG:     db "  ifconfig / net     - Display RTL8139 NIC, IP & packet stats", 0x0A, 0
    83 0000A57A 67202F206E65742020- <1>
    83 0000A583 2020202D2044697370- <1>
    83 0000A58C 6C61792052544C3831- <1>
    83 0000A595 3339204E49432C2049- <1>
    83 0000A59E 502026207061636B65- <1>
    83 0000A5A7 742073746174730A00  <1>
    84 0000A5B0 202070696E67203C69- <1> MSG_H_PING:         db "  ping <ip/domain>   - Send ICMP Echo Requests with latency timing", 0x0A, 0
    84 0000A5B9 702F646F6D61696E3E- <1>
    84 0000A5C2 2020202D2053656E64- <1>
    84 0000A5CB 2049434D5020456368- <1>
    84 0000A5D4 6F2052657175657374- <1>
    84 0000A5DD 732077697468206C61- <1>
    84 0000A5E6 74656E63792074696D- <1>
    84 0000A5EF 696E670A00          <1>
    85 0000A5F4 202061727020202020- <1> MSG_H_ARP:          db "  arp                - Display Address Resolution Protocol cache", 0x0A, 0
    85 0000A5FD 202020202020202020- <1>
    85 0000A606 2020202D2044697370- <1>
    85 0000A60F 6C6179204164647265- <1>
    85 0000A618 7373205265736F6C75- <1>
    85 0000A621 74696F6E2050726F74- <1>
    85 0000A62A 6F636F6C2063616368- <1>
    85 0000A633 650A00              <1>
    86 0000A636 2020646E73203C646F- <1> MSG_H_DNS:          db "  dns <domain>       - Query DNS server 10.0.2.3 over UDP port 53", 0x0A, 0
    86 0000A63F 6D61696E3E20202020- <1>
    86 0000A648 2020202D2051756572- <1>
    86 0000A651 7920444E5320736572- <1>
    86 0000A65A 7665722031302E302E- <1>
    86 0000A663 322E33206F76657220- <1>
    86 0000A66C 55445020706F727420- <1>
    86 0000A675 35330A00            <1>
    87 0000A679 20206375726C203C74- <1> MSG_H_CURL:         db "  curl <target> [p]  - HTTP client: fetch web page via TCP port 80", 0x0A, 0
    87 0000A682 61726765743E205B70- <1>
    87 0000A68B 5D20202D2048545450- <1>
    87 0000A694 20636C69656E743A20- <1>
    87 0000A69D 666574636820776562- <1>
    87 0000A6A6 207061676520766961- <1>
    87 0000A6AF 2054435020706F7274- <1>
    87 0000A6B8 2038300A00          <1>
    88 0000A6BD 20207463706C697374- <1> MSG_H_TCPLISTEN:    db "  tcplisten [port]   - Run bare-metal HTTP web server on port 80", 0x0A, 0
    88 0000A6C6 656E205B706F72745D- <1>
    88 0000A6CF 2020202D2052756E20- <1>
    88 0000A6D8 626172652D6D657461- <1>
    88 0000A6E1 6C2048545450207765- <1>
    88 0000A6EA 622073657276657220- <1>
    88 0000A6F3 6F6E20706F72742038- <1>
    88 0000A6FC 300A00              <1>
    89 0000A6FF 2020677569202F2064- <1> MSG_H_GUI:          db "  gui / desktop      - Launch 1024x768 32bpp TrueColor graphical desktop", 0x0A, 0
    89 0000A708 65736B746F70202020- <1>
    89 0000A711 2020202D204C61756E- <1>
    89 0000A71A 636820313032347837- <1>
    89 0000A723 363820333262707020- <1>
    89 0000A72C 54727565436F6C6F72- <1>
    89 0000A735 206772617068696361- <1>
    89 0000A73E 6C206465736B746F70- <1>
    89 0000A747 0A00                <1>
    90 0000A749 202072656773202020- <1> MSG_H_REGS:         db "  regs               - Dump 64-bit CPU Registers (RAX-R15)", 0x0A, 0
    90 0000A752 202020202020202020- <1>
    90 0000A75B 2020202D2044756D70- <1>
    90 0000A764 2036342D6269742043- <1>
    90 0000A76D 505520526567697374- <1>
    90 0000A776 65727320285241582D- <1>
    90 0000A77F 523135290A00        <1>
    91 0000A785 20206D656D20202020- <1> MSG_H_MEM:          db "  mem                - Inspect 64-bit paging root (CR3) and stack", 0x0A, 0
    91 0000A78E 202020202020202020- <1>
    91 0000A797 2020202D20496E7370- <1>
    91 0000A7A0 6563742036342D6269- <1>
    91 0000A7A9 7420706167696E6720- <1>
    91 0000A7B2 726F6F742028435233- <1>
    91 0000A7BB 2920616E6420737461- <1>
    91 0000A7C4 636B0A00            <1>
    92 0000A7C8 202063707520202020- <1> MSG_H_CPU:          db "  cpu                - Query CPUID vendor string and family", 0x0A, 0
    92 0000A7D1 202020202020202020- <1>
    92 0000A7DA 2020202D2051756572- <1>
    92 0000A7E3 792043505549442076- <1>
    92 0000A7EC 656E646F7220737472- <1>
    92 0000A7F5 696E6720616E642066- <1>
    92 0000A7FE 616D696C790A00      <1>
    93 0000A805 20207469636B732020- <1> MSG_H_TICKS:        db "  ticks              - Show 64-bit PIT timer interrupt counter", 0x0A, 0
    93 0000A80E 202020202020202020- <1>
    93 0000A817 2020202D2053686F77- <1>
    93 0000A820 2036342D6269742050- <1>
    93 0000A829 49542074696D657220- <1>
    93 0000A832 696E74657272757074- <1>
    93 0000A83B 20636F756E7465720A- <1>
    93 0000A844 00                  <1>
    94 0000A845 20206563686F203C74- <1> MSG_H_ECHO:         db "  echo <text>        - Print given text to screen", 0x0A, 0
    94 0000A84E 6578743E2020202020- <1>
    94 0000A857 2020202D205072696E- <1>
    94 0000A860 7420676976656E2074- <1>
    94 0000A869 65787420746F207363- <1>
    94 0000A872 7265656E0A00        <1>
    95 0000A878 2020636C6561722020- <1> MSG_H_CLEAR:        db "  clear              - Clear console screen and redraw banner", 0x0A, 0
    95 0000A881 202020202020202020- <1>
    95 0000A88A 2020202D20436C6561- <1>
    95 0000A893 7220636F6E736F6C65- <1>
    95 0000A89C 2073637265656E2061- <1>
    95 0000A8A5 6E6420726564726177- <1>
    95 0000A8AE 2062616E6E65720A00  <1>
    96 0000A8B7 202061626F75742020- <1> MSG_H_ABOUT:        db "  about              - 64-bit Long Mode specifications", 0x0A, 0
    96 0000A8C0 202020202020202020- <1>
    96 0000A8C9 2020202D2036342D62- <1>
    96 0000A8D2 6974204C6F6E67204D- <1>
    96 0000A8DB 6F6465207370656369- <1>
    96 0000A8E4 6669636174696F6E73- <1>
    96 0000A8ED 0A00                <1>
    97 0000A8EF 20207265626F6F7420- <1> MSG_H_REBOOT:       db "  reboot             - Reset system via 8042 keyboard controller", 0x0A, 0
    97 0000A8F8 202020202020202020- <1>
    97 0000A901 2020202D2052657365- <1>
    97 0000A90A 742073797374656D20- <1>
    97 0000A913 766961203830343220- <1>
    97 0000A91C 6B6579626F61726420- <1>
    97 0000A925 636F6E74726F6C6C65- <1>
    97 0000A92E 720A00              <1>
    98 0000A931 202068616C74202020- <1> MSG_H_HALT:         db "  halt               - Safely park CPU instruction execution", 0x0A, 0
    98 0000A93A 202020202020202020- <1>
    98 0000A943 2020202D2053616665- <1>
    98 0000A94C 6C79207061726B2043- <1>
    98 0000A955 505520696E73747275- <1>
    98 0000A95E 6374696F6E20657865- <1>
    98 0000A967 637574696F6E0A00    <1>
    99                              <1> 
   100 0000A96F 5B4552524F525D2055- <1> MSG_UNKNOWN_CMD:    db "[ERROR] Unknown command. Type 'help' for commands.", 0x0A, 0
   100 0000A978 6E6B6E6F776E20636F- <1>
   100 0000A981 6D6D616E642E205479- <1>
   100 0000A98A 7065202768656C7027- <1>
   100 0000A993 20666F7220636F6D6D- <1>
   100 0000A99C 616E64732E0A00      <1>
   101 0000A9A3 36342D626974204350- <1> MSG_HALT_WARN:      db "64-bit CPU halted. Safe to power off or close emulator.", 0x0A, 0
   101 0000A9AC 552068616C7465642E- <1>
   101 0000A9B5 205361666520746F20- <1>
   101 0000A9BE 706F776572206F6666- <1>
   101 0000A9C7 206F7220636C6F7365- <1>
   101 0000A9D0 20656D756C61746F72- <1>
   101 0000A9D9 2E0A00              <1>
   102                              <1> 
   103 0000A9DC 416E74696772617669- <1> MSG_ABOUT_TEXT:     db "Antigravity OS v2.0 [x86_64 Long Mode]", 0x0A
   103 0000A9E5 7479204F532076322E- <1>
   103 0000A9EE 30205B7838365F3634- <1>
   103 0000A9F7 204C6F6E67204D6F64- <1>
   103 0000AA00 655D0A              <1>
   104 0000AA03 417263686974656374- <1>                     db "Architecture: AMD64 / Intel 64 Long Mode (64-bit Flat)", 0x0A
   104 0000AA0C 7572653A20414D4436- <1>
   104 0000AA15 34202F20496E74656C- <1>
   104 0000AA1E 203634204C6F6E6720- <1>
   104 0000AA27 4D6F6465202836342D- <1>
   104 0000AA30 62697420466C617429- <1>
   104 0000AA39 0A                  <1>
   105 0000AA3A 53746F726167652053- <1>                     db "Storage Subsystem: Primary ATA Bus PIO Driver (Ports 0x1F0-0x1F7)", 0x0A
   105 0000AA43 756273797374656D3A- <1>
   105 0000AA4C 205072696D61727920- <1>
   105 0000AA55 415441204275732050- <1>
   105 0000AA5E 494F20447269766572- <1>
   105 0000AA67 2028506F7274732030- <1>
   105 0000AA70 783146302D30783146- <1>
   105 0000AA79 37290A              <1>
   106 0000AA7C 46696C657379737465- <1>                     db "Filesystem: AntigravityFS (AFS) with 32-entry Inode Table", 0x0A
   106 0000AA85 6D3A20416E74696772- <1>
   106 0000AA8E 617669747946532028- <1>
   106 0000AA97 414653292077697468- <1>
   106 0000AAA0 2033322D656E747279- <1>
   106 0000AAA9 20496E6F6465205461- <1>
   106 0000AAB2 626C650A            <1>
   107 0000AAB6 506167696E673A2034- <1>                     db "Paging: 4-Level Paging Active (PML4 -> PDPT -> PDT)", 0x0A
   107 0000AABF 2D4C6576656C205061- <1>
   107 0000AAC8 67696E672041637469- <1>
   107 0000AAD1 76652028504D4C3420- <1>
   107 0000AADA 2D3E2050445054202D- <1>
   107 0000AAE3 3E20504454290A      <1>
   108 0000AAEA 496E74657272757074- <1>                     db "Interrupts: Dual 8259 PIC Remapped + 16-Byte IDT Gates", 0x0A, 0
   108 0000AAF3 733A204475616C2038- <1>
   108 0000AAFC 323539205049432052- <1>
   108 0000AB05 656D6170706564202B- <1>
   108 0000AB0E 2031362D4279746520- <1>
   108 0000AB17 494454204761746573- <1>
   108 0000AB20 0A00                <1>
   109                              <1> 
   110                              <1> ; Filesystem Messages & Headers
   111 0000AB22 46494C454E414D4520- <1> MSG_LS_HEADER:      db "FILENAME          SIZE (BYTES)    LBA SECTOR", 0x0A
   111 0000AB2B 202020202020202020- <1>
   111 0000AB34 53495A452028425954- <1>
   111 0000AB3D 455329202020204C42- <1>
   111 0000AB46 4120534543544F520A  <1>
   112 0000AB4F 2D2D2D2D2D2D2D2D2D- <1>                     db "----------------  --------------  ----------", 0x0A, 0
   112 0000AB58 2D2D2D2D2D2D2D2020- <1>
   112 0000AB61 2D2D2D2D2D2D2D2D2D- <1>
   112 0000AB6A 2D2D2D2D2D20202D2D- <1>
   112 0000AB73 2D2D2D2D2D2D2D2D0A- <1>
   112 0000AB7C 00                  <1>
   113 0000AB7D 286E6F2066696C6573- <1> MSG_NO_FILES:       db "(no files found on filesystem)", 0x0A, 0
   113 0000AB86 20666F756E64206F6E- <1>
   113 0000AB8F 2066696C6573797374- <1>
   113 0000AB98 656D290A00          <1>
   114 0000AB9D 202020202020202020- <1> STR_SPACES:         db "            ", 0
   114 0000ABA6 20202000            <1>
   115 0000ABAA 5B46535D204572726F- <1> MSG_FILE_NOT_FOUND: db "[FS] Error: File not found!", 0x0A, 0
   115 0000ABB3 723A2046696C65206E- <1>
   115 0000ABBC 6F7420666F756E6421- <1>
   115 0000ABC5 0A00                <1>
   116 0000ABC7 28656D707479206669- <1> MSG_EMPTY_FILE:     db "(empty file)", 0x0A, 0
   116 0000ABD0 6C65290A00          <1>
   117 0000ABD5 55736167653A206361- <1> MSG_CAT_USAGE:      db "Usage: cat <filename>", 0x0A, 0
   117 0000ABDE 74203C66696C656E61- <1>
   117 0000ABE7 6D653E0A00          <1>
   118 0000ABEC 55736167653A20746F- <1> MSG_TOUCH_USAGE:    db "Usage: touch <filename>", 0x0A, 0
   118 0000ABF5 756368203C66696C65- <1>
   118 0000ABFE 6E616D653E0A00      <1>
   119 0000AC05 5B46535D2046696C65- <1> MSG_TOUCH_OK:       db "[FS] File created successfully.", 0x0A, 0
   119 0000AC0E 206372656174656420- <1>
   119 0000AC17 737563636573736675- <1>
   119 0000AC20 6C6C792E0A00        <1>
   120 0000AC26 5B46535D204661696C- <1> MSG_TOUCH_ERR:      db "[FS] Failed to create file (table or disk full).", 0x0A, 0
   120 0000AC2F 656420746F20637265- <1>
   120 0000AC38 6174652066696C6520- <1>
   120 0000AC41 287461626C65206F72- <1>
   120 0000AC4A 206469736B2066756C- <1>
   120 0000AC53 6C292E0A00          <1>
   121 0000AC58 55736167653A207772- <1> MSG_WRITE_USAGE:    db "Usage: write <filename> <text...>", 0x0A, 0
   121 0000AC61 697465203C66696C65- <1>
   121 0000AC6A 6E616D653E203C7465- <1>
   121 0000AC73 78742E2E2E3E0A00    <1>
   122 0000AC7B 5B46535D2046696C65- <1> MSG_WRITE_OK:       db "[FS] File written and committed to disk.", 0x0A, 0
   122 0000AC84 207772697474656E20- <1>
   122 0000AC8D 616E6420636F6D6D69- <1>
   122 0000AC96 7474656420746F2064- <1>
   122 0000AC9F 69736B2E0A00        <1>
   123 0000ACA5 5B46535D204661696C- <1> MSG_WRITE_ERR:      db "[FS] Failed to write file data.", 0x0A, 0
   123 0000ACAE 656420746F20777269- <1>
   123 0000ACB7 74652066696C652064- <1>
   123 0000ACC0 6174612E0A00        <1>
   124 0000ACC6 55736167653A20726D- <1> MSG_RM_USAGE:       db "Usage: rm <filename>", 0x0A, 0
   124 0000ACCF 203C66696C656E616D- <1>
   124 0000ACD8 653E0A00            <1>
   125 0000ACDC 5B46535D2046696C65- <1> MSG_RM_OK:          db "[FS] File removed from disk.", 0x0A, 0
   125 0000ACE5 2072656D6F76656420- <1>
   125 0000ACEE 66726F6D206469736B- <1>
   125 0000ACF7 2E0A00              <1>
   126                              <1> 
   127 0000ACFA 2D2D2D20416E746967- <1> MSG_DF_TITLE:       db "--- AntigravityFS Volume Statistics ---", 0x0A, 0
   127 0000AD03 726176697479465320- <1>
   127 0000AD0C 566F6C756D65205374- <1>
   127 0000AD15 617469737469637320- <1>
   127 0000AD1E 2D2D2D0A00          <1>
   128 0000AD23 416C6C6F6361746564- <1> MSG_DF_INODES:      db "Allocated Inodes:   ", 0
   128 0000AD2C 20496E6F6465733A20- <1>
   128 0000AD35 202000              <1>
   129 0000AD38 202F2033322066696C- <1> MSG_DF_MAX_INODES:  db " / 32 files", 0x0A, 0
   129 0000AD41 65730A00            <1>
   130 0000AD45 566F6C756D65204361- <1> MSG_DF_SECTORS:     db "Volume Capacity:    ", 0
   130 0000AD4E 7061636974793A2020- <1>
   130 0000AD57 202000              <1>
   131 0000AD5A 20736563746F727320- <1> MSG_DF_KB:          db " sectors (64 KB)", 0x0A, 0
   131 0000AD63 283634204B42290A00  <1>
   132                              <1> 
   133 0000AD6C 2D2D2D2036342D4269- <1> MSG_MEM_HEADER:     db "--- 64-Bit Memory Architecture ---", 0x0A, 0
   133 0000AD75 74204D656D6F727920- <1>
   133 0000AD7E 417263686974656374- <1>
   133 0000AD87 757265202D2D2D0A00  <1>
   134 0000AD90 4352332028504D4C34- <1> MSG_MEM_CR3:        db "CR3 (PML4 Page Table Root):  ", 0
   134 0000AD99 205061676520546162- <1>
   134 0000ADA2 6C6520526F6F74293A- <1>
   134 0000ADAB 202000              <1>
   135 0000ADAE 4B65726E656C20456E- <1> MSG_MEM_KERNEL:     db "Kernel Entry Point:          0x0000000000008000", 0x0A, 0
   135 0000ADB7 74727920506F696E74- <1>
   135 0000ADC0 3A2020202020202020- <1>
   135 0000ADC9 202030783030303030- <1>
   135 0000ADD2 303030303030303830- <1>
   135 0000ADDB 30300A00            <1>
   136 0000ADDF 564741204672616D65- <1> MSG_MEM_VGA:        db "VGA Framebuffer Address:     0x00000000000B8000", 0x0A, 0
   136 0000ADE8 627566666572204164- <1>
   136 0000ADF1 64726573733A202020- <1>
   136 0000ADFA 202030783030303030- <1>
   136 0000AE03 303030303030423830- <1>
   136 0000AE0C 30300A00            <1>
   137 0000AE10 43757272656E742053- <1> MSG_MEM_STACK:      db "Current Stack Pointer (RSP): ", 0
   137 0000AE19 7461636B20506F696E- <1>
   137 0000AE22 746572202852535029- <1>
   137 0000AE2B 3A2000              <1>
   138 0000AE2E 504954204952513020- <1> MSG_TICKS_TEXT:     db "PIT IRQ0 Timer Ticks (64-bit): ", 0
   138 0000AE37 54696D657220546963- <1>
   138 0000AE40 6B73202836342D6269- <1>
   138 0000AE49 74293A2000          <1>
   139                              <1> 
   140 0000AE4E 00<rep 10h>         <1> cpu_vendor:         times 16 db 0
   141 0000AE5E 4350552056656E646F- <1> MSG_CPU_VENDOR:     db "CPU Vendor ID:              ", 0
   141 0000AE67 722049443A20202020- <1>
   141 0000AE70 202020202020202020- <1>
   141 0000AE79 2000                <1>
   142 0000AE7B 435055205369676E61- <1> MSG_CPU_SIGNATURE:  db "CPU Signature (Hex):        ", 0
   142 0000AE84 747572652028486578- <1>
   142 0000AE8D 293A20202020202020- <1>
   142 0000AE96 2000                <1>
   143 0000AE98 7838365F3634204C6F- <1> MSG_CPU_LM:         db "x86_64 Long Mode Feature:   SUPPORTED & ACTIVE", 0x0A, 0
   143 0000AEA1 6E67204D6F64652046- <1>
   143 0000AEAA 6561747572653A2020- <1>
   143 0000AEB3 20535550504F525445- <1>
   143 0000AEBC 442026204143544956- <1>
   143 0000AEC5 450A00              <1>
   144                              <1> 
   145 0000AEC8 2D2D2D2036342D6269- <1> MSG_REGS_HEADER:    db "--- 64-bit General Purpose Registers ---", 0x0A, 0
   145 0000AED1 742047656E6572616C- <1>
   145 0000AEDA 20507572706F736520- <1>
   145 0000AEE3 526567697374657273- <1>
   145 0000AEEC 202D2D2D0A00        <1>
   146 0000AEF2 5241583A2000        <1> STR_RAX:            db "RAX: ", 0
   147 0000AEF8 20205242583A2000    <1> STR_RBX:            db "  RBX: ", 0
   148 0000AF00 5243583A2000        <1> STR_RCX:            db "RCX: ", 0
   149 0000AF06 20205244583A2000    <1> STR_RDX:            db "  RDX: ", 0
   150 0000AF0E 5253493A2000        <1> STR_RSI:            db "RSI: ", 0
   151 0000AF14 20205244493A2000    <1> STR_RDI:            db "  RDI: ", 0
   152 0000AF1C 5253503A2000        <1> STR_RSP:            db "RSP: ", 0
   153 0000AF22 20205242503A2000    <1> STR_RBP:            db "  RBP: ", 0
   154 0000AF2A 52383A202000        <1> STR_R8:             db "R8:  ", 0
   155 0000AF30 202052393A202000    <1> STR_R9:             db "  R9:  ", 0
   156 0000AF38 5231303A2000        <1> STR_R10:            db "R10: ", 0
   157 0000AF3E 20205231313A2000    <1> STR_R11:            db "  R11: ", 0
   158 0000AF46 5231323A2000        <1> STR_R12:            db "R12: ", 0
   159 0000AF4C 20205231333A2000    <1> STR_R13:            db "  R13: ", 0
   160 0000AF54 5231343A2000        <1> STR_R14:            db "R14: ", 0
   161 0000AF5A 20205231353A2000    <1> STR_R15:            db "  R15: ", 0
   162                              <1> 
   163 0000AF62 00<rep 14h>         <1> fs_temp_name:       times 20 db 0
   164 0000AF76 00<rep 40h>         <1> net_cmd_target:     times 64 db 0
   165 0000AFB6 00<rep 4h>          <1> net_target_ip:      times 4 db 0
   166                              <1> 
   167                              <1> ; ------------------------------------------------------------------------------
   168                              <1> ; shell_print_prompt: Renders the 64-bit command line prompt
   169                              <1> ; ------------------------------------------------------------------------------
   170                              <1> shell_print_prompt:
   171 0000AFBA 50                  <1>     push rax
   172 0000AFBB 53                  <1>     push rbx
   173 0000AFBC 56                  <1>     push rsi
   174 0000AFBD B30B                <1>     mov bl, COLOR_LIGHT_CYAN
   175 0000AFBF 488D3564F2FFFF      <1>     lea rsi, [PROMPT_STR]
   176 0000AFC6 E8F252FFFF          <1>     call vga_print_string_color
   177 0000AFCB 5E                  <1>     pop rsi
   178 0000AFCC 5B                  <1>     pop rbx
   179 0000AFCD 58                  <1>     pop rax
   180 0000AFCE C3                  <1>     ret
   181                              <1> 
   182                              <1> ; ------------------------------------------------------------------------------
   183                              <1> ; shell_execute_command: Evaluates user input and executes matched utility
   184                              <1> ; ------------------------------------------------------------------------------
   185                              <1> shell_execute_command:
   186 0000AFCF 50                  <1>     push rax
   187 0000AFD0 53                  <1>     push rbx
   188 0000AFD1 51                  <1>     push rcx
   189 0000AFD2 52                  <1>     push rdx
   190 0000AFD3 56                  <1>     push rsi
   191 0000AFD4 57                  <1>     push rdi
   192 0000AFD5 4150                <1>     push r8
   193 0000AFD7 4151                <1>     push r9
   194 0000AFD9 4154                <1>     push r12
   195 0000AFDB 4155                <1>     push r13
   196 0000AFDD 4156                <1>     push r14
   197                              <1> 
   198 0000AFDF 488D35B566FFFF      <1>     lea rsi, [input_buffer]
   199 0000AFE6 E874130000          <1>     call skip_spaces
   200                              <1> 
   201 0000AFEB 803E00              <1>     cmp byte [rsi], 0
   202 0000AFEE 0F8439130000        <1>     je .done
   203                              <1> 
   204                              <1>     ; Match "help"
   205 0000AFF4 488D3D3FF2FFFF      <1>     lea rdi, [CMD_HELP]
   206 0000AFFB E8C4130000          <1>     call match_command
   207 0000B000 0F842B030000        <1>     jz .do_help
   208                              <1> 
   209                              <1>     ; Match "clear"
   210 0000B006 488D3D32F2FFFF      <1>     lea rdi, [CMD_CLEAR]
   211 0000B00D E8B2130000          <1>     call match_command
   212 0000B012 0F8456040000        <1>     jz .do_clear
   213                              <1> 
   214                              <1>     ; Match "ls" or "dir"
   215 0000B018 488D3D3EF2FFFF      <1>     lea rdi, [CMD_LS]
   216 0000B01F E8A0130000          <1>     call match_command
   217 0000B024 0F8453040000        <1>     jz .do_ls
   218 0000B02A 488D3D2FF2FFFF      <1>     lea rdi, [CMD_DIR]
   219 0000B031 E88E130000          <1>     call match_command
   220 0000B036 0F8441040000        <1>     jz .do_ls
   221                              <1> 
   222                              <1>     ; Match "df"
   223 0000B03C 488D3D34F2FFFF      <1>     lea rdi, [CMD_DF]
   224 0000B043 E87C130000          <1>     call match_command
   225 0000B048 0F84E7060000        <1>     jz .do_df
   226                              <1> 
   227                              <1>     ; Match "cpu"
   228 0000B04E 488D3DF0F1FFFF      <1>     lea rdi, [CMD_CPU]
   229 0000B055 E86A130000          <1>     call match_command
   230 0000B05A 0F844A070000        <1>     jz .do_cpu
   231                              <1> 
   232                              <1>     ; Match "regs"
   233 0000B060 488D3DE6F1FFFF      <1>     lea rdi, [CMD_REGS]
   234 0000B067 E858130000          <1>     call match_command
   235 0000B06C 0F84A6070000        <1>     jz .do_regs
   236                              <1> 
   237                              <1>     ; Match "mem"
   238 0000B072 488D3DD0F1FFFF      <1>     lea rdi, [CMD_MEM]
   239 0000B079 E846130000          <1>     call match_command
   240 0000B07E 0F8426090000        <1>     jz .do_mem
   241                              <1> 
   242                              <1>     ; Match "ticks"
   243 0000B084 488D3DC7F1FFFF      <1>     lea rdi, [CMD_TICKS]
   244 0000B08B E834130000          <1>     call match_command
   245 0000B090 0F8475090000        <1>     jz .do_ticks
   246                              <1> 
   247                              <1>     ; Match "about"
   248 0000B096 488D3DE9F1FFFF      <1>     lea rdi, [CMD_ABOUT]
   249 0000B09D E822130000          <1>     call match_command
   250 0000B0A2 0F8489090000        <1>     jz .do_about
   251                              <1> 
   252                              <1>     ; Match "reboot"
   253 0000B0A8 488D3DCBF1FFFF      <1>     lea rdi, [CMD_REBOOT]
   254 0000B0AF E810130000          <1>     call match_command
   255 0000B0B4 0F84A4090000        <1>     jz .do_reboot
   256                              <1> 
   257                              <1>     ; Match "halt"
   258 0000B0BA 488D3DC0F1FFFF      <1>     lea rdi, [CMD_HALT]
   259 0000B0C1 E8FE120000          <1>     call match_command
   260 0000B0C6 0F84C8090000        <1>     jz .do_halt
   261                              <1> 
   262                              <1>     ; Match "ifconfig" or "net"
   263 0000B0CC 488D3DB9F1FFFF      <1>     lea rdi, [CMD_IFCONFIG]
   264 0000B0D3 E8EC120000          <1>     call match_command
   265 0000B0D8 0F84C8090000        <1>     jz .do_ifconfig
   266 0000B0DE 488D3DB0F1FFFF      <1>     lea rdi, [CMD_NET]
   267 0000B0E5 E8DA120000          <1>     call match_command
   268 0000B0EA 0F84B6090000        <1>     jz .do_ifconfig
   269                              <1> 
   270                              <1>     ; Match "arp"
   271 0000B0F0 488D3DA7F1FFFF      <1>     lea rdi, [CMD_ARP]
   272 0000B0F7 E8C8120000          <1>     call match_command
   273 0000B0FC 0F84860C0000        <1>     jz .do_arp
   274                              <1> 
   275                              <1>     ; Match "gui" or "desktop"
   276 0000B102 488D3DBAF1FFFF      <1>     lea rdi, [CMD_GUI]
   277 0000B109 E8B6120000          <1>     call match_command
   278 0000B10E 0F8446030000        <1>     jz .do_gui
   279 0000B114 488D3DACF1FFFF      <1>     lea rdi, [CMD_DESKTOP]
   280 0000B11B E8A4120000          <1>     call match_command
   281 0000B120 0F8434030000        <1>     jz .do_gui
   282                              <1> 
   283                              <1>     ; Match "tcplisten"
   284 0000B126 488D3D8CF1FFFF      <1>     lea rdi, [CMD_TCPLISTEN]
   285 0000B12D B909000000          <1>     mov rcx, 9
   286 0000B132 E863120000          <1>     call strncmp
   287 0000B137 0F8473010000        <1>     jz .check_tcplisten_space
   288                              <1> 
   289                              <1>     ; Prefix: "ping "
   290 0000B13D 488D3D55F1FFFF      <1>     lea rdi, [CMD_PING]
   291 0000B144 B904000000          <1>     mov rcx, 4
   292 0000B149 E84C120000          <1>     call strncmp
   293 0000B14E 0F84E2000000        <1>     jz .check_ping_space
   294                              <1> 
   295                              <1>     ; Prefix: "dns "
   296 0000B154 488D3D47F1FFFF      <1>     lea rdi, [CMD_DNS]
   297 0000B15B B903000000          <1>     mov rcx, 3
   298 0000B160 E835120000          <1>     call strncmp
   299 0000B165 0F84E4000000        <1>     jz .check_dns_space
   300                              <1> 
   301                              <1>     ; Prefix: "nslookup "
   302 0000B16B 488D3D34F1FFFF      <1>     lea rdi, [CMD_NSLOOKUP]
   303 0000B172 B908000000          <1>     mov rcx, 8
   304 0000B177 E81E120000          <1>     call strncmp
   305 0000B17C 0F84E6000000        <1>     jz .check_nslookup_space
   306                              <1> 
   307                              <1>     ; Prefix: "curl "
   308 0000B182 488D3D26F1FFFF      <1>     lea rdi, [CMD_CURL]
   309 0000B189 B904000000          <1>     mov rcx, 4
   310 0000B18E E807120000          <1>     call strncmp
   311 0000B193 0F84E8000000        <1>     jz .check_curl_space
   312                              <1> 
   313                              <1>     ; Prefix: "http "
   314 0000B199 488D3D14F1FFFF      <1>     lea rdi, [CMD_HTTP]
   315 0000B1A0 B904000000          <1>     mov rcx, 4
   316 0000B1A5 E8F0110000          <1>     call strncmp
   317 0000B1AA 0F84EA000000        <1>     jz .check_http_space
   318                              <1> 
   319                              <1>     ; Prefix: "cat "
   320 0000B1B0 488D3DADF0FFFF      <1>     lea rdi, [CMD_CAT]
   321 0000B1B7 B903000000          <1>     mov rcx, 3
   322 0000B1BC E8D9110000          <1>     call strncmp
   323 0000B1C1 0F84FF000000        <1>     jz .check_cat_space
   324                              <1> 
   325                              <1>     ; Prefix: "touch "
   326 0000B1C7 488D3D9AF0FFFF      <1>     lea rdi, [CMD_TOUCH]
   327 0000B1CE B905000000          <1>     mov rcx, 5
   328 0000B1D3 E8C2110000          <1>     call strncmp
   329 0000B1D8 0F84FE000000        <1>     jz .check_touch_space
   330                              <1> 
   331                              <1>     ; Prefix: "write "
   332 0000B1DE 488D3D89F0FFFF      <1>     lea rdi, [CMD_WRITE]
   333 0000B1E5 B905000000          <1>     mov rcx, 5
   334 0000B1EA E8AB110000          <1>     call strncmp
   335 0000B1EF 0F84FD000000        <1>     jz .check_write_space
   336                              <1> 
   337                              <1>     ; Prefix: "rm "
   338 0000B1F5 488D3D78F0FFFF      <1>     lea rdi, [CMD_RM]
   339 0000B1FC B902000000          <1>     mov rcx, 2
   340 0000B201 E894110000          <1>     call strncmp
   341 0000B206 0F84FC000000        <1>     jz .check_rm_space
   342                              <1> 
   343                              <1>     ; Prefix: "echo "
   344 0000B20C 488D3D45F0FFFF      <1>     lea rdi, [CMD_ECHO]
   345 0000B213 B904000000          <1>     mov rcx, 4
   346 0000B218 E87D110000          <1>     call strncmp
   347 0000B21D 0F8421080000        <1>     jz .do_echo
   348                              <1> 
   349                              <1>     ; Unknown command
   350 0000B223 B30C                <1>     mov bl, COLOR_LIGHT_RED
   351 0000B225 488D3543F7FFFF      <1>     lea rsi, [MSG_UNKNOWN_CMD]
   352 0000B22C E88C50FFFF          <1>     call vga_print_string_color
   353 0000B231 E9F7100000          <1>     jmp .done
   354                              <1> 
   355                              <1> .check_ping_space:
   356 0000B236 807E0420            <1>     cmp byte [rsi + 4], ' '
   357 0000B23A 0F848A0C0000        <1>     je .do_ping
   358 0000B240 807E0400            <1>     cmp byte [rsi + 4], 0
   359 0000B244 0F84270D0000        <1>     je .ping_usage
   360 0000B24A E9CF000000          <1>     jmp .unknown_cmd
   361                              <1> 
   362                              <1> .check_dns_space:
   363 0000B24F 807E0320            <1>     cmp byte [rsi + 3], ' '
   364 0000B253 0F84B80D0000        <1>     je .do_dns
   365 0000B259 807E0300            <1>     cmp byte [rsi + 3], 0
   366 0000B25D 0F847A0E0000        <1>     je .dns_usage
   367 0000B263 E9B6000000          <1>     jmp .unknown_cmd
   368                              <1> 
   369                              <1> .check_nslookup_space:
   370 0000B268 807E0820            <1>     cmp byte [rsi + 8], ' '
   371 0000B26C 0F84990D0000        <1>     je .do_nslookup
   372 0000B272 807E0800            <1>     cmp byte [rsi + 8], 0
   373 0000B276 0F84610E0000        <1>     je .dns_usage
   374 0000B27C E99D000000          <1>     jmp .unknown_cmd
   375                              <1> 
   376                              <1> .check_curl_space:
   377 0000B281 807E0420            <1>     cmp byte [rsi + 4], ' '
   378 0000B285 0F841F0F0000        <1>     je .do_curl
   379 0000B28B 807E0400            <1>     cmp byte [rsi + 4], 0
   380 0000B28F 0F84FF0F0000        <1>     je .curl_usage
   381 0000B295 E984000000          <1>     jmp .unknown_cmd
   382                              <1> 
   383                              <1> .check_http_space:
   384 0000B29A 807E0420            <1>     cmp byte [rsi + 4], ' '
   385 0000B29E 0F84060F0000        <1>     je .do_http
   386 0000B2A4 807E0400            <1>     cmp byte [rsi + 4], 0
   387 0000B2A8 0F84E60F0000        <1>     je .curl_usage
   388 0000B2AE EB6E                <1>     jmp .unknown_cmd
   389                              <1> 
   390                              <1> .check_tcplisten_space:
   391 0000B2B0 807E0920            <1>     cmp byte [rsi + 9], ' '
   392 0000B2B4 0F844B100000        <1>     je .do_tcplisten_arg
   393 0000B2BA 807E0900            <1>     cmp byte [rsi + 9], 0
   394 0000B2BE 0F845E100000        <1>     je .do_tcplisten_default
   395 0000B2C4 EB58                <1>     jmp .unknown_cmd
   396                              <1> 
   397                              <1> .check_cat_space:
   398 0000B2C6 807E0320            <1>     cmp byte [rsi + 3], ' '
   399 0000B2CA 0F844D020000        <1>     je .do_cat
   400 0000B2D0 807E0300            <1>     cmp byte [rsi + 3], 0
   401 0000B2D4 0F84DF020000        <1>     je .cat_usage
   402 0000B2DA EB42                <1>     jmp .unknown_cmd
   403                              <1> 
   404                              <1> .check_touch_space:
   405 0000B2DC 807E0520            <1>     cmp byte [rsi + 5], ' '
   406 0000B2E0 0F84E6020000        <1>     je .do_touch
   407 0000B2E6 807E0500            <1>     cmp byte [rsi + 5], 0
   408 0000B2EA 0F843C030000        <1>     je .touch_usage
   409 0000B2F0 EB2C                <1>     jmp .unknown_cmd
   410                              <1> 
   411                              <1> .check_write_space:
   412 0000B2F2 807E0520            <1>     cmp byte [rsi + 5], ' '
   413 0000B2F6 0F8443030000        <1>     je .do_write
   414 0000B2FC 807E0500            <1>     cmp byte [rsi + 5], 0
   415 0000B300 0F84A9030000        <1>     je .write_usage
   416 0000B306 EB16                <1>     jmp .unknown_cmd
   417                              <1> 
   418                              <1> .check_rm_space:
   419 0000B308 807E0220            <1>     cmp byte [rsi + 2], ' '
   420 0000B30C 0F84B0030000        <1>     je .do_rm
   421 0000B312 807E0200            <1>     cmp byte [rsi + 2], 0
   422 0000B316 0F8406040000        <1>     je .rm_usage
   423 0000B31C EB00                <1>     jmp .unknown_cmd
   424                              <1> 
   425                              <1> .unknown_cmd:
   426 0000B31E B30C                <1>     mov bl, COLOR_LIGHT_RED
   427 0000B320 488D3548F6FFFF      <1>     lea rsi, [MSG_UNKNOWN_CMD]
   428 0000B327 E8914FFFFF          <1>     call vga_print_string_color
   429 0000B32C E9FC0F0000          <1>     jmp .done
   430                              <1> 
   431                              <1> .do_help:
   432 0000B331 B30E                <1>     mov bl, COLOR_YELLOW
   433 0000B333 488D3580F0FFFF      <1>     lea rsi, [MSG_HELP_BANNER]
   434 0000B33A E87E4FFFFF          <1>     call vga_print_string_color
   435                              <1> 
   436 0000B33F B307                <1>     mov bl, COLOR_LIGHT_GRAY
   437 0000B341 488D35A6F0FFFF      <1>     lea rsi, [MSG_H_HELP]
   438 0000B348 E8704FFFFF          <1>     call vga_print_string_color
   439 0000B34D 488D35D0F0FFFF      <1>     lea rsi, [MSG_H_LS]
   440 0000B354 E8644FFFFF          <1>     call vga_print_string_color
   441 0000B359 488D3503F1FFFF      <1>     lea rsi, [MSG_H_CAT]
   442 0000B360 E8584FFFFF          <1>     call vga_print_string_color
   443 0000B365 488D352FF1FFFF      <1>     lea rsi, [MSG_H_TOUCH]
   444 0000B36C E84C4FFFFF          <1>     call vga_print_string_color
   445 0000B371 488D3553F1FFFF      <1>     lea rsi, [MSG_H_WRITE]
   446 0000B378 E8404FFFFF          <1>     call vga_print_string_color
   447 0000B37D 488D357FF1FFFF      <1>     lea rsi, [MSG_H_RM]
   448 0000B384 E8344FFFFF          <1>     call vga_print_string_color
   449 0000B389 488D35A3F1FFFF      <1>     lea rsi, [MSG_H_DF]
   450 0000B390 E8284FFFFF          <1>     call vga_print_string_color
   451 0000B395 488D35D5F1FFFF      <1>     lea rsi, [MSG_H_IFCONFIG]
   452 0000B39C E81C4FFFFF          <1>     call vga_print_string_color
   453 0000B3A1 488D3508F2FFFF      <1>     lea rsi, [MSG_H_PING]
   454 0000B3A8 E8104FFFFF          <1>     call vga_print_string_color
   455 0000B3AD 488D3540F2FFFF      <1>     lea rsi, [MSG_H_ARP]
   456 0000B3B4 E8044FFFFF          <1>     call vga_print_string_color
   457 0000B3B9 488D3576F2FFFF      <1>     lea rsi, [MSG_H_DNS]
   458 0000B3C0 E8F84EFFFF          <1>     call vga_print_string_color
   459 0000B3C5 488D35ADF2FFFF      <1>     lea rsi, [MSG_H_CURL]
   460 0000B3CC E8EC4EFFFF          <1>     call vga_print_string_color
   461 0000B3D1 488D35E5F2FFFF      <1>     lea rsi, [MSG_H_TCPLISTEN]
   462 0000B3D8 E8E04EFFFF          <1>     call vga_print_string_color
   463 0000B3DD 488D351BF3FFFF      <1>     lea rsi, [MSG_H_GUI]
   464 0000B3E4 E8D44EFFFF          <1>     call vga_print_string_color
   465 0000B3E9 488D3559F3FFFF      <1>     lea rsi, [MSG_H_REGS]
   466 0000B3F0 E8C84EFFFF          <1>     call vga_print_string_color
   467 0000B3F5 488D3589F3FFFF      <1>     lea rsi, [MSG_H_MEM]
   468 0000B3FC E8BC4EFFFF          <1>     call vga_print_string_color
   469 0000B401 488D35C0F3FFFF      <1>     lea rsi, [MSG_H_CPU]
   470 0000B408 E8B04EFFFF          <1>     call vga_print_string_color
   471 0000B40D 488D35F1F3FFFF      <1>     lea rsi, [MSG_H_TICKS]
   472 0000B414 E8A44EFFFF          <1>     call vga_print_string_color
   473 0000B419 488D3525F4FFFF      <1>     lea rsi, [MSG_H_ECHO]
   474 0000B420 E8984EFFFF          <1>     call vga_print_string_color
   475 0000B425 488D354CF4FFFF      <1>     lea rsi, [MSG_H_CLEAR]
   476 0000B42C E88C4EFFFF          <1>     call vga_print_string_color
   477 0000B431 488D357FF4FFFF      <1>     lea rsi, [MSG_H_ABOUT]
   478 0000B438 E8804EFFFF          <1>     call vga_print_string_color
   479 0000B43D 488D35ABF4FFFF      <1>     lea rsi, [MSG_H_REBOOT]
   480 0000B444 E8744EFFFF          <1>     call vga_print_string_color
   481 0000B449 488D35E1F4FFFF      <1>     lea rsi, [MSG_H_HALT]
   482 0000B450 E8684EFFFF          <1>     call vga_print_string_color
   483 0000B455 E9D30E0000          <1>     jmp .done
   484                              <1> 
   485                              <1> .do_gui:
   486 0000B45A E8FBD9FFFF          <1>     call gui_run
   487 0000B45F E8E04CFFFF          <1>     call vga_clear_screen
   488 0000B464 E82E4CFFFF          <1>     call kernel_print_banner
   489 0000B469 E9BF0E0000          <1>     jmp .done
   490                              <1> 
   491                              <1> .do_clear:
   492 0000B46E E8D14CFFFF          <1>     call vga_clear_screen
   493 0000B473 E81F4CFFFF          <1>     call kernel_print_banner
   494 0000B478 E9B00E0000          <1>     jmp .done
   495                              <1> 
   496                              <1> .do_ls:
   497 0000B47D B30B                <1>     mov bl, COLOR_LIGHT_CYAN
   498 0000B47F 488D359CF6FFFF      <1>     lea rsi, [MSG_LS_HEADER]
   499 0000B486 E8324EFFFF          <1>     call vga_print_string_color
   500                              <1> 
   501 0000B48B 4D31F6              <1>     xor r14, r14                ; R14 = inode index (0 .. 31)
   502 0000B48E 4D31E4              <1>     xor r12, r12                ; R12 = file counter
   503                              <1> 
   504                              <1> .ls_loop:
   505 0000B491 4C89F0              <1>     mov rax, r14
   506 0000B494 48C1E005            <1>     shl rax, 5
   507 0000B498 4C8DA8[001A0000]    <1>     lea r13, [fs_inode_table + rax]
   508 0000B49F 41F6451801          <1>     test byte [r13 + 24], FS_FLAG_ALLOC
   509 0000B4A4 7452                <1>     jz .ls_next
   510                              <1> 
   511 0000B4A6 49FFC4              <1>     inc r12
   512                              <1> 
   513                              <1>     ; Print filename in White
   514 0000B4A9 B30F                <1>     mov bl, COLOR_WHITE
   515 0000B4AB 4C89EE              <1>     mov rsi, r13
   516 0000B4AE E80A4EFFFF          <1>     call vga_print_string_color
   517                              <1> 
   518                              <1>     ; Pad to column 18
   519 0000B4B3 4C89EE              <1>     mov rsi, r13
   520 0000B4B6 E8AF0E0000          <1>     call strlen
   521 0000B4BB B912000000          <1>     mov rcx, 18
   522 0000B4C0 4829C1              <1>     sub rcx, rax
   523 0000B4C3 4883F901            <1>     cmp rcx, 1
   524 0000B4C7 7C09                <1>     jl .ls_print_size
   525                              <1> .ls_pad:
   526 0000B4C9 B020                <1>     mov al, ' '
   527 0000B4CB E8A34CFFFF          <1>     call vga_print_char
   528 0000B4D0 E2F7                <1>     loop .ls_pad
   529                              <1> 
   530                              <1> .ls_print_size:
   531                              <1>     ; Print size in bytes
   532 0000B4D2 418B4510            <1>     mov eax, [r13 + 16]
   533 0000B4D6 E8954EFFFF          <1>     call vga_print_dec
   534                              <1> 
   535                              <1>     ; Space padding
   536 0000B4DB 488D35BBF6FFFF      <1>     lea rsi, [STR_SPACES]
   537 0000B4E2 E8C54DFFFF          <1>     call vga_print_string
   538                              <1> 
   539                              <1>     ; Print start LBA sector
   540 0000B4E7 490FB74514          <1>     movzx rax, word [r13 + 20]
   541 0000B4EC E87F4EFFFF          <1>     call vga_print_dec
   542                              <1> 
   543 0000B4F1 B00A                <1>     mov al, 0x0A
   544 0000B4F3 E87B4CFFFF          <1>     call vga_print_char
   545                              <1> 
   546                              <1> .ls_next:
   547 0000B4F8 49FFC6              <1>     inc r14
   548 0000B4FB 4983FE20            <1>     cmp r14, FS_MAX_INODES
   549 0000B4FF 7C90                <1>     jl .ls_loop
   550                              <1> 
   551 0000B501 4D85E4              <1>     test r12, r12
   552 0000B504 0F85230E0000        <1>     jnz .done
   553                              <1> 
   554 0000B50A B308                <1>     mov bl, COLOR_DARK_GRAY
   555 0000B50C 488D356AF6FFFF      <1>     lea rsi, [MSG_NO_FILES]
   556 0000B513 E8A54DFFFF          <1>     call vga_print_string_color
   557 0000B518 E9100E0000          <1>     jmp .done
   558                              <1> 
   559                              <1> .do_cat:
   560 0000B51D 4883C604            <1>     add rsi, 4                  ; Skip "cat "
   561 0000B521 E8390E0000          <1>     call skip_spaces
   562 0000B526 803E00              <1>     cmp byte [rsi], 0
   563 0000B529 0F848A000000        <1>     je .cat_usage
   564                              <1> 
   565                              <1>     ; Copy filename argument to fs_temp_name
   566 0000B52F 488D3D2CFAFFFF      <1>     lea rdi, [fs_temp_name]
   567 0000B536 B90F000000          <1>     mov rcx, 15
   568                              <1> .copy_cat_name:
   569 0000B53B AC                  <1>     lodsb
   570 0000B53C 3C20                <1>     cmp al, ' '
   571 0000B53E 7407                <1>     je .cat_name_end
   572 0000B540 3C00                <1>     cmp al, 0
   573 0000B542 7403                <1>     je .cat_name_nul
   574 0000B544 AA                  <1>     stosb
   575 0000B545 E2F4                <1>     loop .copy_cat_name
   576                              <1> .cat_name_end:
   577                              <1> .cat_name_nul:
   578 0000B547 30C0                <1>     xor al, al
   579 0000B549 AA                  <1>     stosb
   580                              <1> 
   581 0000B54A 488D3511FAFFFF      <1>     lea rsi, [fs_temp_name]
   582 0000B551 E8A96CFFFF          <1>     call fs_find_file
   583 0000B556 4885C0              <1>     test rax, rax
   584 0000B559 744B                <1>     jz .cat_not_found
   585                              <1> 
   586                              <1>     ; Read file content from start LBA
   587 0000B55B 4889C3              <1>     mov rbx, rax
   588 0000B55E 480FB74314          <1>     movzx rax, word [rbx + 20]  ; start LBA
   589 0000B563 488D3D9668FFFF      <1>     lea rdi, [fs_sector_buf]
   590 0000B56A E89963FFFF          <1>     call ata_read_sector
   591                              <1> 
   592 0000B56F 8B4B10              <1>     mov ecx, [rbx + 16]         ; size
   593 0000B572 85C9                <1>     test ecx, ecx
   594 0000B574 741D                <1>     jz .cat_empty
   595                              <1> 
   596                              <1>     ; Print characters up to size bytes
   597 0000B576 488D358368FFFF      <1>     lea rsi, [fs_sector_buf]
   598                              <1> .cat_loop:
   599 0000B57D AC                  <1>     lodsb
   600 0000B57E E8F04BFFFF          <1>     call vga_print_char
   601 0000B583 FFC9                <1>     dec ecx
   602 0000B585 75F6                <1>     jnz .cat_loop
   603                              <1> 
   604 0000B587 B00A                <1>     mov al, 0x0A
   605 0000B589 E8E54BFFFF          <1>     call vga_print_char
   606 0000B58E E99A0D0000          <1>     jmp .done
   607                              <1> 
   608                              <1> .cat_empty:
   609 0000B593 B308                <1>     mov bl, COLOR_DARK_GRAY
   610 0000B595 488D352BF6FFFF      <1>     lea rsi, [MSG_EMPTY_FILE]
   611 0000B59C E81C4DFFFF          <1>     call vga_print_string_color
   612 0000B5A1 E9870D0000          <1>     jmp .done
   613                              <1> 
   614                              <1> .cat_not_found:
   615 0000B5A6 B30C                <1>     mov bl, COLOR_LIGHT_RED
   616 0000B5A8 488D35FBF5FFFF      <1>     lea rsi, [MSG_FILE_NOT_FOUND]
   617 0000B5AF E8094DFFFF          <1>     call vga_print_string_color
   618 0000B5B4 E9740D0000          <1>     jmp .done
   619                              <1> 
   620                              <1> .cat_usage:
   621 0000B5B9 B30E                <1>     mov bl, COLOR_YELLOW
   622 0000B5BB 488D3513F6FFFF      <1>     lea rsi, [MSG_CAT_USAGE]
   623 0000B5C2 E8F64CFFFF          <1>     call vga_print_string_color
   624 0000B5C7 E9610D0000          <1>     jmp .done
   625                              <1> 
   626                              <1> .do_touch:
   627 0000B5CC 4883C606            <1>     add rsi, 6                  ; Skip "touch "
   628 0000B5D0 E88A0D0000          <1>     call skip_spaces
   629 0000B5D5 803E00              <1>     cmp byte [rsi], 0
   630 0000B5D8 7452                <1>     je .touch_usage
   631                              <1> 
   632                              <1>     ; Copy filename argument to fs_temp_name
   633 0000B5DA 488D3D81F9FFFF      <1>     lea rdi, [fs_temp_name]
   634 0000B5E1 B90F000000          <1>     mov rcx, 15
   635                              <1> .copy_t_name:
   636 0000B5E6 AC                  <1>     lodsb
   637 0000B5E7 3C20                <1>     cmp al, ' '
   638 0000B5E9 7407                <1>     je .t_name_end
   639 0000B5EB 3C00                <1>     cmp al, 0
   640 0000B5ED 7403                <1>     je .t_name_nul
   641 0000B5EF AA                  <1>     stosb
   642 0000B5F0 E2F4                <1>     loop .copy_t_name
   643                              <1> .t_name_end:
   644                              <1> .t_name_nul:
   645 0000B5F2 30C0                <1>     xor al, al
   646 0000B5F4 AA                  <1>     stosb
   647                              <1> 
   648 0000B5F5 488D3566F9FFFF      <1>     lea rsi, [fs_temp_name]
   649 0000B5FC E8A56CFFFF          <1>     call fs_create_file
   650 0000B601 4885C0              <1>     test rax, rax
   651 0000B604 7413                <1>     jz .touch_err
   652                              <1> 
   653 0000B606 B30A                <1>     mov bl, COLOR_LIGHT_GREEN
   654 0000B608 488D35F6F5FFFF      <1>     lea rsi, [MSG_TOUCH_OK]
   655 0000B60F E8A94CFFFF          <1>     call vga_print_string_color
   656 0000B614 E9140D0000          <1>     jmp .done
   657                              <1> 
   658                              <1> .touch_err:
   659 0000B619 B30C                <1>     mov bl, COLOR_LIGHT_RED
   660 0000B61B 488D3504F6FFFF      <1>     lea rsi, [MSG_TOUCH_ERR]
   661 0000B622 E8964CFFFF          <1>     call vga_print_string_color
   662 0000B627 E9010D0000          <1>     jmp .done
   663                              <1> 
   664                              <1> .touch_usage:
   665 0000B62C B30E                <1>     mov bl, COLOR_YELLOW
   666 0000B62E 488D35B7F5FFFF      <1>     lea rsi, [MSG_TOUCH_USAGE]
   667 0000B635 E8834CFFFF          <1>     call vga_print_string_color
   668 0000B63A E9EE0C0000          <1>     jmp .done
   669                              <1> 
   670                              <1> .do_write:
   671 0000B63F 4883C606            <1>     add rsi, 6                  ; Skip "write "
   672 0000B643 E8170D0000          <1>     call skip_spaces
   673 0000B648 803E00              <1>     cmp byte [rsi], 0
   674 0000B64B 7462                <1>     je .write_usage
   675                              <1> 
   676                              <1>     ; Copy filename to fs_temp_name
   677 0000B64D 488D3D0EF9FFFF      <1>     lea rdi, [fs_temp_name]
   678 0000B654 B90F000000          <1>     mov rcx, 15
   679                              <1> .copy_w_name:
   680 0000B659 AC                  <1>     lodsb
   681 0000B65A 3C20                <1>     cmp al, ' '
   682 0000B65C 7407                <1>     je .w_name_end
   683 0000B65E 3C00                <1>     cmp al, 0
   684 0000B660 744D                <1>     je .write_usage
   685 0000B662 AA                  <1>     stosb
   686 0000B663 E2F4                <1>     loop .copy_w_name
   687                              <1> .w_name_end:
   688 0000B665 30C0                <1>     xor al, al
   689 0000B667 AA                  <1>     stosb
   690                              <1> 
   691 0000B668 E8F20C0000          <1>     call skip_spaces
   692 0000B66D 4889F2              <1>     mov rdx, rsi                ; RDX = text content
   693 0000B670 E8F50C0000          <1>     call strlen
   694 0000B675 4889C1              <1>     mov rcx, rax                ; RCX = text length
   695                              <1> 
   696 0000B678 488D35E3F8FFFF      <1>     lea rsi, [fs_temp_name]
   697 0000B67F E8D46CFFFF          <1>     call fs_write_content
   698 0000B684 4885C0              <1>     test rax, rax
   699 0000B687 7513                <1>     jnz .write_err
   700                              <1> 
   701 0000B689 B30A                <1>     mov bl, COLOR_LIGHT_GREEN
   702 0000B68B 488D35E9F5FFFF      <1>     lea rsi, [MSG_WRITE_OK]
   703 0000B692 E8264CFFFF          <1>     call vga_print_string_color
   704 0000B697 E9910C0000          <1>     jmp .done
   705                              <1> 
   706                              <1> .write_err:
   707 0000B69C B30C                <1>     mov bl, COLOR_LIGHT_RED
   708 0000B69E 488D3500F6FFFF      <1>     lea rsi, [MSG_WRITE_ERR]
   709 0000B6A5 E8134CFFFF          <1>     call vga_print_string_color
   710 0000B6AA E97E0C0000          <1>     jmp .done
   711                              <1> 
   712                              <1> .write_usage:
   713 0000B6AF B30E                <1>     mov bl, COLOR_YELLOW
   714 0000B6B1 488D35A0F5FFFF      <1>     lea rsi, [MSG_WRITE_USAGE]
   715 0000B6B8 E8004CFFFF          <1>     call vga_print_string_color
   716 0000B6BD E96B0C0000          <1>     jmp .done
   717                              <1> 
   718                              <1> .do_rm:
   719 0000B6C2 4883C603            <1>     add rsi, 3                  ; Skip "rm "
   720 0000B6C6 E8940C0000          <1>     call skip_spaces
   721 0000B6CB 803E00              <1>     cmp byte [rsi], 0
   722 0000B6CE 7452                <1>     je .rm_usage
   723                              <1> 
   724                              <1>     ; Copy filename argument to fs_temp_name
   725 0000B6D0 488D3D8BF8FFFF      <1>     lea rdi, [fs_temp_name]
   726 0000B6D7 B90F000000          <1>     mov rcx, 15
   727                              <1> .copy_rm_name:
   728 0000B6DC AC                  <1>     lodsb
   729 0000B6DD 3C20                <1>     cmp al, ' '
   730 0000B6DF 7407                <1>     je .rm_name_end
   731 0000B6E1 3C00                <1>     cmp al, 0
   732 0000B6E3 7403                <1>     je .rm_name_nul
   733 0000B6E5 AA                  <1>     stosb
   734 0000B6E6 E2F4                <1>     loop .copy_rm_name
   735                              <1> .rm_name_end:
   736                              <1> .rm_name_nul:
   737 0000B6E8 30C0                <1>     xor al, al
   738 0000B6EA AA                  <1>     stosb
   739                              <1> 
   740 0000B6EB 488D3570F8FFFF      <1>     lea rsi, [fs_temp_name]
   741 0000B6F2 E8DD6CFFFF          <1>     call fs_delete_file
   742 0000B6F7 4885C0              <1>     test rax, rax
   743 0000B6FA 7513                <1>     jnz .rm_err
   744                              <1> 
   745 0000B6FC B30A                <1>     mov bl, COLOR_LIGHT_GREEN
   746 0000B6FE 488D35D7F5FFFF      <1>     lea rsi, [MSG_RM_OK]
   747 0000B705 E8B34BFFFF          <1>     call vga_print_string_color
   748 0000B70A E91E0C0000          <1>     jmp .done
   749                              <1> 
   750                              <1> .rm_err:
   751 0000B70F B30C                <1>     mov bl, COLOR_LIGHT_RED
   752 0000B711 488D3592F4FFFF      <1>     lea rsi, [MSG_FILE_NOT_FOUND]
   753 0000B718 E8A04BFFFF          <1>     call vga_print_string_color
   754 0000B71D E90B0C0000          <1>     jmp .done
   755                              <1> 
   756                              <1> .rm_usage:
   757 0000B722 B30E                <1>     mov bl, COLOR_YELLOW
   758 0000B724 488D359BF5FFFF      <1>     lea rsi, [MSG_RM_USAGE]
   759 0000B72B E88D4BFFFF          <1>     call vga_print_string_color
   760 0000B730 E9F80B0000          <1>     jmp .done
   761                              <1> 
   762                              <1> .do_df:
   763 0000B735 B30B                <1>     mov bl, COLOR_LIGHT_CYAN
   764 0000B737 488D35BCF5FFFF      <1>     lea rsi, [MSG_DF_TITLE]
   765 0000B73E E87A4BFFFF          <1>     call vga_print_string_color
   766                              <1> 
   767                              <1>     ; Count active inodes
   768 0000B743 31DB                <1>     xor ebx, ebx
   769 0000B745 31C9                <1>     xor ecx, ecx
   770                              <1> .df_loop:
   771 0000B747 4889D8              <1>     mov rax, rbx
   772 0000B74A 48C1E005            <1>     shl rax, 5
   773 0000B74E 488D80[001A0000]    <1>     lea rax, [fs_inode_table + rax]
   774 0000B755 F6401801            <1>     test byte [rax + 24], FS_FLAG_ALLOC
   775 0000B759 7402                <1>     jz .df_next
   776 0000B75B FFC1                <1>     inc ecx
   777                              <1> .df_next:
   778 0000B75D FFC3                <1>     inc ebx
   779 0000B75F 83FB20              <1>     cmp ebx, FS_MAX_INODES
   780 0000B762 7CE3                <1>     jl .df_loop
   781                              <1> 
   782 0000B764 488D35B8F5FFFF      <1>     lea rsi, [MSG_DF_INODES]
   783 0000B76B E83C4BFFFF          <1>     call vga_print_string
   784 0000B770 89C8                <1>     mov eax, ecx
   785 0000B772 E8F94BFFFF          <1>     call vga_print_dec
   786 0000B777 488D35BAF5FFFF      <1>     lea rsi, [MSG_DF_MAX_INODES]
   787 0000B77E E8294BFFFF          <1>     call vga_print_string
   788                              <1> 
   789 0000B783 488D35BBF5FFFF      <1>     lea rsi, [MSG_DF_SECTORS]
   790 0000B78A E81D4BFFFF          <1>     call vga_print_string
   791 0000B78F B800020000          <1>     mov eax, FS_TOTAL_SECTORS
   792 0000B794 E8D74BFFFF          <1>     call vga_print_dec
   793 0000B799 488D35BAF5FFFF      <1>     lea rsi, [MSG_DF_KB]
   794 0000B7A0 E8074BFFFF          <1>     call vga_print_string
   795 0000B7A5 E9830B0000          <1>     jmp .done
   796                              <1> 
   797                              <1> .do_cpu:
   798 0000B7AA 31C0                <1>     xor eax, eax
   799 0000B7AC 0FA2                <1>     cpuid
   800 0000B7AE 891D9AF6FFFF        <1>     mov [cpu_vendor], ebx
   801 0000B7B4 891598F6FFFF        <1>     mov [cpu_vendor + 4], edx
   802 0000B7BA 890D96F6FFFF        <1>     mov [cpu_vendor + 8], ecx
   803 0000B7C0 C60593F6FFFF00      <1>     mov byte [cpu_vendor + 12], 0
   804                              <1> 
   805 0000B7C7 B30A                <1>     mov bl, COLOR_LIGHT_GREEN
   806 0000B7C9 488D358EF6FFFF      <1>     lea rsi, [MSG_CPU_VENDOR]
   807 0000B7D0 E8E84AFFFF          <1>     call vga_print_string_color
   808                              <1> 
   809 0000B7D5 488D3572F6FFFF      <1>     lea rsi, [cpu_vendor]
   810 0000B7DC E8CB4AFFFF          <1>     call vga_print_string
   811 0000B7E1 B00A                <1>     mov al, 0x0A
   812 0000B7E3 E88B49FFFF          <1>     call vga_print_char
   813                              <1> 
   814 0000B7E8 B801000000          <1>     mov eax, 1
   815 0000B7ED 0FA2                <1>     cpuid
   816 0000B7EF 488D3585F6FFFF      <1>     lea rsi, [MSG_CPU_SIGNATURE]
   817 0000B7F6 E8C24AFFFF          <1>     call vga_print_string_color
   818 0000B7FB E8264BFFFF          <1>     call vga_print_hex32
   819 0000B800 B00A                <1>     mov al, 0x0A
   820 0000B802 E86C49FFFF          <1>     call vga_print_char
   821                              <1> 
   822 0000B807 488D358AF6FFFF      <1>     lea rsi, [MSG_CPU_LM]
   823 0000B80E E8AA4AFFFF          <1>     call vga_print_string_color
   824 0000B813 E9150B0000          <1>     jmp .done
   825                              <1> 
   826                              <1> .do_regs:
   827 0000B818 B30B                <1>     mov bl, COLOR_LIGHT_CYAN
   828 0000B81A 488D35A7F6FFFF      <1>     lea rsi, [MSG_REGS_HEADER]
   829 0000B821 E8974AFFFF          <1>     call vga_print_string_color
   830                              <1> 
   831 0000B826 488D35C5F6FFFF      <1>     lea rsi, [STR_RAX]
   832 0000B82D E87A4AFFFF          <1>     call vga_print_string
   833 0000B832 48B844443333222211- <1>     mov rax, 0x1111222233334444
   833 0000B83B 11                  <1>
   834 0000B83C E8984AFFFF          <1>     call vga_print_hex64
   835 0000B841 488D35B0F6FFFF      <1>     lea rsi, [STR_RBX]
   836 0000B848 E85F4AFFFF          <1>     call vga_print_string
   837 0000B84D 4889D8              <1>     mov rax, rbx
   838 0000B850 E8844AFFFF          <1>     call vga_print_hex64
   839 0000B855 B00A                <1>     mov al, 0x0A
   840 0000B857 E81749FFFF          <1>     call vga_print_char
   841                              <1> 
   842 0000B85C 488D359DF6FFFF      <1>     lea rsi, [STR_RCX]
   843 0000B863 E8444AFFFF          <1>     call vga_print_string
   844 0000B868 4889C8              <1>     mov rax, rcx
   845 0000B86B E8694AFFFF          <1>     call vga_print_hex64
   846 0000B870 488D358FF6FFFF      <1>     lea rsi, [STR_RDX]
   847 0000B877 E8304AFFFF          <1>     call vga_print_string
   848 0000B87C 4889D0              <1>     mov rax, rdx
   849 0000B87F E8554AFFFF          <1>     call vga_print_hex64
   850 0000B884 B00A                <1>     mov al, 0x0A
   851 0000B886 E8E848FFFF          <1>     call vga_print_char
   852                              <1> 
   853 0000B88B 488D357CF6FFFF      <1>     lea rsi, [STR_RSI]
   854 0000B892 E8154AFFFF          <1>     call vga_print_string
   855 0000B897 4889F0              <1>     mov rax, rsi
   856 0000B89A E83A4AFFFF          <1>     call vga_print_hex64
   857 0000B89F 488D356EF6FFFF      <1>     lea rsi, [STR_RDI]
   858 0000B8A6 E8014AFFFF          <1>     call vga_print_string
   859 0000B8AB 4889F8              <1>     mov rax, rdi
   860 0000B8AE E8264AFFFF          <1>     call vga_print_hex64
   861 0000B8B3 B00A                <1>     mov al, 0x0A
   862 0000B8B5 E8B948FFFF          <1>     call vga_print_char
   863                              <1> 
   864 0000B8BA 488D355BF6FFFF      <1>     lea rsi, [STR_RSP]
   865 0000B8C1 E8E649FFFF          <1>     call vga_print_string
   866 0000B8C6 4889E0              <1>     mov rax, rsp
   867 0000B8C9 E80B4AFFFF          <1>     call vga_print_hex64
   868 0000B8CE 488D354DF6FFFF      <1>     lea rsi, [STR_RBP]
   869 0000B8D5 E8D249FFFF          <1>     call vga_print_string
   870 0000B8DA 4889E8              <1>     mov rax, rbp
   871 0000B8DD E8F749FFFF          <1>     call vga_print_hex64
   872 0000B8E2 B00A                <1>     mov al, 0x0A
   873 0000B8E4 E88A48FFFF          <1>     call vga_print_char
   874                              <1> 
   875 0000B8E9 488D353AF6FFFF      <1>     lea rsi, [STR_R8]
   876 0000B8F0 E8B749FFFF          <1>     call vga_print_string
   877 0000B8F5 4C89C0              <1>     mov rax, r8
   878 0000B8F8 E8DC49FFFF          <1>     call vga_print_hex64
   879 0000B8FD 488D352CF6FFFF      <1>     lea rsi, [STR_R9]
   880 0000B904 E8A349FFFF          <1>     call vga_print_string
   881 0000B909 4C89C8              <1>     mov rax, r9
   882 0000B90C E8C849FFFF          <1>     call vga_print_hex64
   883 0000B911 B00A                <1>     mov al, 0x0A
   884 0000B913 E85B48FFFF          <1>     call vga_print_char
   885                              <1> 
   886 0000B918 488D3519F6FFFF      <1>     lea rsi, [STR_R10]
   887 0000B91F E88849FFFF          <1>     call vga_print_string
   888 0000B924 4C89D0              <1>     mov rax, r10
   889 0000B927 E8AD49FFFF          <1>     call vga_print_hex64
   890 0000B92C 488D350BF6FFFF      <1>     lea rsi, [STR_R11]
   891 0000B933 E87449FFFF          <1>     call vga_print_string
   892 0000B938 4C89D8              <1>     mov rax, r11
   893 0000B93B E89949FFFF          <1>     call vga_print_hex64
   894 0000B940 B00A                <1>     mov al, 0x0A
   895 0000B942 E82C48FFFF          <1>     call vga_print_char
   896                              <1> 
   897 0000B947 488D35F8F5FFFF      <1>     lea rsi, [STR_R12]
   898 0000B94E E85949FFFF          <1>     call vga_print_string
   899 0000B953 4C89E0              <1>     mov rax, r12
   900 0000B956 E87E49FFFF          <1>     call vga_print_hex64
   901 0000B95B 488D35EAF5FFFF      <1>     lea rsi, [STR_R13]
   902 0000B962 E84549FFFF          <1>     call vga_print_string
   903 0000B967 4C89E8              <1>     mov rax, r13
   904 0000B96A E86A49FFFF          <1>     call vga_print_hex64
   905 0000B96F B00A                <1>     mov al, 0x0A
   906 0000B971 E8FD47FFFF          <1>     call vga_print_char
   907                              <1> 
   908 0000B976 488D35D7F5FFFF      <1>     lea rsi, [STR_R14]
   909 0000B97D E82A49FFFF          <1>     call vga_print_string
   910 0000B982 4C89F0              <1>     mov rax, r14
   911 0000B985 E84F49FFFF          <1>     call vga_print_hex64
   912 0000B98A 488D35C9F5FFFF      <1>     lea rsi, [STR_R15]
   913 0000B991 E81649FFFF          <1>     call vga_print_string
   914 0000B996 4C89F8              <1>     mov rax, r15
   915 0000B999 E83B49FFFF          <1>     call vga_print_hex64
   916 0000B99E B00A                <1>     mov al, 0x0A
   917 0000B9A0 E8CE47FFFF          <1>     call vga_print_char
   918 0000B9A5 E983090000          <1>     jmp .done
   919                              <1> 
   920                              <1> .do_mem:
   921 0000B9AA B30B                <1>     mov bl, COLOR_LIGHT_CYAN
   922 0000B9AC 488D35B9F3FFFF      <1>     lea rsi, [MSG_MEM_HEADER]
   923 0000B9B3 E80549FFFF          <1>     call vga_print_string_color
   924                              <1> 
   925 0000B9B8 488D35D1F3FFFF      <1>     lea rsi, [MSG_MEM_CR3]
   926 0000B9BF E8E848FFFF          <1>     call vga_print_string
   927 0000B9C4 0F20D8              <1>     mov rax, cr3
   928 0000B9C7 E80D49FFFF          <1>     call vga_print_hex64
   929 0000B9CC B00A                <1>     mov al, 0x0A
   930 0000B9CE E8A047FFFF          <1>     call vga_print_char
   931                              <1> 
   932 0000B9D3 488D35D4F3FFFF      <1>     lea rsi, [MSG_MEM_KERNEL]
   933 0000B9DA E8CD48FFFF          <1>     call vga_print_string
   934                              <1> 
   935 0000B9DF 488D35F9F3FFFF      <1>     lea rsi, [MSG_MEM_VGA]
   936 0000B9E6 E8C148FFFF          <1>     call vga_print_string
   937                              <1> 
   938 0000B9EB 488D351EF4FFFF      <1>     lea rsi, [MSG_MEM_STACK]
   939 0000B9F2 E8B548FFFF          <1>     call vga_print_string
   940 0000B9F7 4889E0              <1>     mov rax, rsp
   941 0000B9FA E8DA48FFFF          <1>     call vga_print_hex64
   942 0000B9FF B00A                <1>     mov al, 0x0A
   943 0000BA01 E86D47FFFF          <1>     call vga_print_char
   944 0000BA06 E922090000          <1>     jmp .done
   945                              <1> 
   946                              <1> .do_ticks:
   947 0000BA0B B30E                <1>     mov bl, COLOR_YELLOW
   948 0000BA0D 488D351AF4FFFF      <1>     lea rsi, [MSG_TICKS_TEXT]
   949 0000BA14 E8A448FFFF          <1>     call vga_print_string_color
   950 0000BA19 488B05125BFFFF      <1>     mov rax, [timer_ticks]
   951 0000BA20 E84B49FFFF          <1>     call vga_print_dec
   952 0000BA25 B00A                <1>     mov al, 0x0A
   953 0000BA27 E84747FFFF          <1>     call vga_print_char
   954 0000BA2C E9FC080000          <1>     jmp .done
   955                              <1> 
   956                              <1> .do_about:
   957 0000BA31 B30A                <1>     mov bl, COLOR_LIGHT_GREEN
   958 0000BA33 488D35A2EFFFFF      <1>     lea rsi, [MSG_ABOUT_TEXT]
   959 0000BA3A E87E48FFFF          <1>     call vga_print_string_color
   960 0000BA3F E9E9080000          <1>     jmp .done
   961                              <1> 
   962                              <1> .do_echo:
   963 0000BA44 4883C604            <1>     add rsi, 4
   964 0000BA48 E812090000          <1>     call skip_spaces
   965 0000BA4D E85A48FFFF          <1>     call vga_print_string
   966 0000BA52 B00A                <1>     mov al, 0x0A
   967 0000BA54 E81A47FFFF          <1>     call vga_print_char
   968 0000BA59 E9CF080000          <1>     jmp .done
   969                              <1> 
   970                              <1> .do_reboot:
   971 0000BA5E B30D                <1>     mov bl, COLOR_LIGHT_MAGENTA
   972 0000BA60 488D3511000000      <1>     lea rsi, [.reboot_msg]
   973 0000BA67 E85148FFFF          <1>     call vga_print_string_color
   974 0000BA6C FA                  <1>     cli
   975                              <1> .reboot_wait:
   976 0000BA6D E464                <1>     in al, 0x64
   977 0000BA6F A802                <1>     test al, 2
   978 0000BA71 75FA                <1>     jnz .reboot_wait
   979 0000BA73 B0FE                <1>     mov al, 0xFE
   980 0000BA75 E664                <1>     out 0x64, al
   981 0000BA77 F4                  <1>     hlt
   982 0000BA78 5265626F6F74696E67- <1> .reboot_msg: db "Rebooting x86_64 system...", 0x0A, 0
   982 0000BA81 207838365F36342073- <1>
   982 0000BA8A 797374656D2E2E2E0A- <1>
   982 0000BA93 00                  <1>
   983                              <1> 
   984                              <1> .do_halt:
   985 0000BA94 B30C                <1>     mov bl, COLOR_LIGHT_RED
   986 0000BA96 488D3506EFFFFF      <1>     lea rsi, [MSG_HALT_WARN]
   987 0000BA9D E81B48FFFF          <1>     call vga_print_string_color
   988 0000BAA2 FA                  <1>     cli
   989 0000BAA3 F4                  <1>     hlt
   990 0000BAA4 EBFE                <1>     jmp $
   991                              <1> 
   992                              <1> ; ------------------------------------------------------------------------------
   993                              <1> ; Network Command Implementations
   994                              <1> ; ------------------------------------------------------------------------------
   995                              <1> 
   996                              <1> .do_ifconfig:
   997 0000BAA6 803D956AFFFF01      <1>     cmp byte [net_present], 1
   998 0000BAAD 7443                <1>     je .ifconfig_show
   999 0000BAAF B30C                <1>     mov bl, COLOR_LIGHT_RED
  1000 0000BAB1 488D350A000000      <1>     lea rsi, [.msg_no_nic]
  1001 0000BAB8 E80048FFFF          <1>     call vga_print_string_color
  1002 0000BABD E96B080000          <1>     jmp .done
  1003 0000BAC2 5B4E45545D2052544C- <1> .msg_no_nic: db "[NET] RTL8139 PCI NIC not detected or offline.", 0x0A, 0
  1003 0000BACB 383133392050434920- <1>
  1003 0000BAD4 4E4943206E6F742064- <1>
  1003 0000BADD 65746563746564206F- <1>
  1003 0000BAE6 72206F66666C696E65- <1>
  1003 0000BAEF 2E0A00              <1>
  1004                              <1> 
  1005                              <1> .ifconfig_show:
  1006 0000BAF2 B30B                <1>     mov bl, COLOR_LIGHT_CYAN
  1007 0000BAF4 488D3587010000      <1>     lea rsi, [.msg_hdr]
  1008 0000BAFB E8BD47FFFF          <1>     call vga_print_string_color
  1009                              <1> 
  1010                              <1>     ; Status
  1011 0000BB00 488D35AC010000      <1>     lea rsi, [.msg_status]
  1012 0000BB07 E8A047FFFF          <1>     call vga_print_string
  1013                              <1> 
  1014                              <1>     ; I/O Port
  1015 0000BB0C 488D35D6010000      <1>     lea rsi, [.msg_io]
  1016 0000BB13 E89447FFFF          <1>     call vga_print_string
  1017 0000BB18 668B05246AFFFF      <1>     mov ax, [net_io_base]
  1018 0000BB1F E8BF48FFFF          <1>     call vga_print_hex16
  1019 0000BB24 B00A                <1>     mov al, 0x0A
  1020 0000BB26 E84846FFFF          <1>     call vga_print_char
  1021                              <1> 
  1022                              <1>     ; MAC Address: XX:XX:XX:XX:XX:XX
  1023 0000BB2B 488D35CA010000      <1>     lea rsi, [.msg_mac]
  1024 0000BB32 E87547FFFF          <1>     call vga_print_string
  1025 0000BB37 31C9                <1>     xor ecx, ecx
  1026                              <1> .mac_print:
  1027 0000BB39 8A81[48250000]      <1>     mov al, [net_mac + rcx]
  1028 0000BB3F E87148FFFF          <1>     call vga_print_hex8
  1029 0000BB44 83F905              <1>     cmp ecx, 5
  1030 0000BB47 740B                <1>     je .mac_done
  1031 0000BB49 B03A                <1>     mov al, ':'
  1032 0000BB4B E82346FFFF          <1>     call vga_print_char
  1033 0000BB50 FFC1                <1>     inc ecx
  1034 0000BB52 EBE5                <1>     jmp .mac_print
  1035                              <1> .mac_done:
  1036 0000BB54 B00A                <1>     mov al, 0x0A
  1037 0000BB56 E81846FFFF          <1>     call vga_print_char
  1038                              <1> 
  1039                              <1>     ; IPv4 Address
  1040 0000BB5B 488D35AB010000      <1>     lea rsi, [.msg_ip]
  1041 0000BB62 E84547FFFF          <1>     call vga_print_string
  1042 0000BB67 488D35BA79FFFF      <1>     lea rsi, [net_ip]
  1043 0000BB6E E8E58DFFFF          <1>     call vga_print_ip
  1044 0000BB73 B00A                <1>     mov al, 0x0A
  1045 0000BB75 E8F945FFFF          <1>     call vga_print_char
  1046                              <1> 
  1047                              <1>     ; Netmask
  1048 0000BB7A 488D359D010000      <1>     lea rsi, [.msg_mask]
  1049 0000BB81 E82647FFFF          <1>     call vga_print_string
  1050 0000BB86 488D35A379FFFF      <1>     lea rsi, [net_netmask]
  1051 0000BB8D E8C68DFFFF          <1>     call vga_print_ip
  1052 0000BB92 B00A                <1>     mov al, 0x0A
  1053 0000BB94 E8DA45FFFF          <1>     call vga_print_char
  1054                              <1> 
  1055                              <1>     ; Gateway IP & MAC
  1056 0000BB99 488D358F010000      <1>     lea rsi, [.msg_gw]
  1057 0000BBA0 E80747FFFF          <1>     call vga_print_string
  1058 0000BBA5 488D358079FFFF      <1>     lea rsi, [net_gateway]
  1059 0000BBAC E8A78DFFFF          <1>     call vga_print_ip
  1060 0000BBB1 488D3588010000      <1>     lea rsi, [.msg_gw_mac]
  1061 0000BBB8 E8EF46FFFF          <1>     call vga_print_string
  1062 0000BBBD 31C9                <1>     xor ecx, ecx
  1063                              <1> .gw_mac_loop:
  1064 0000BBBF 8A81[38350000]      <1>     mov al, [gateway_mac + rcx]
  1065 0000BBC5 E8EB47FFFF          <1>     call vga_print_hex8
  1066 0000BBCA 83F905              <1>     cmp ecx, 5
  1067 0000BBCD 740B                <1>     je .gw_mac_done
  1068 0000BBCF B03A                <1>     mov al, ':'
  1069 0000BBD1 E89D45FFFF          <1>     call vga_print_char
  1070 0000BBD6 FFC1                <1>     inc ecx
  1071 0000BBD8 EBE5                <1>     jmp .gw_mac_loop
  1072                              <1> .gw_mac_done:
  1073 0000BBDA 488D35A4010000      <1>     lea rsi, [.msg_close_paren]
  1074 0000BBE1 E8C646FFFF          <1>     call vga_print_string
  1075                              <1> 
  1076                              <1>     ; DNS Server
  1077 0000BBE6 488D355B010000      <1>     lea rsi, [.msg_dns]
  1078 0000BBED E8BA46FFFF          <1>     call vga_print_string
  1079 0000BBF2 488D353B79FFFF      <1>     lea rsi, [net_dns]
  1080 0000BBF9 E85A8DFFFF          <1>     call vga_print_ip
  1081 0000BBFE B00A                <1>     mov al, 0x0A
  1082 0000BC00 E86E45FFFF          <1>     call vga_print_char
  1083                              <1> 
  1084                              <1>     ; Statistics: RX/TX Packets & Bytes
  1085 0000BC05 488D354D010000      <1>     lea rsi, [.msg_rx]
  1086 0000BC0C E89B46FFFF          <1>     call vga_print_string
  1087 0000BC11 488B053669FFFF      <1>     mov rax, [net_packets_rx]
  1088 0000BC18 E85347FFFF          <1>     call vga_print_dec
  1089 0000BC1D 488D3557010000      <1>     lea rsi, [.msg_bytes]
  1090 0000BC24 E88346FFFF          <1>     call vga_print_string
  1091 0000BC29 488B052E69FFFF      <1>     mov rax, [net_bytes_rx]
  1092 0000BC30 E83B47FFFF          <1>     call vga_print_dec
  1093 0000BC35 488D3549010000      <1>     lea rsi, [.msg_close_paren]
  1094 0000BC3C E86B46FFFF          <1>     call vga_print_string
  1095                              <1> 
  1096 0000BC41 488D3522010000      <1>     lea rsi, [.msg_tx]
  1097 0000BC48 E85F46FFFF          <1>     call vga_print_string
  1098 0000BC4D 488B050269FFFF      <1>     mov rax, [net_packets_tx]
  1099 0000BC54 E81747FFFF          <1>     call vga_print_dec
  1100 0000BC59 488D351B010000      <1>     lea rsi, [.msg_bytes]
  1101 0000BC60 E84746FFFF          <1>     call vga_print_string
  1102 0000BC65 488B05FA68FFFF      <1>     mov rax, [net_bytes_tx]
  1103 0000BC6C E8FF46FFFF          <1>     call vga_print_dec
  1104 0000BC71 488D350D010000      <1>     lea rsi, [.msg_close_paren]
  1105 0000BC78 E82F46FFFF          <1>     call vga_print_string
  1106                              <1> 
  1107 0000BC7D E9AB060000          <1>     jmp .done
  1108                              <1> 
  1109 0000BC82 2D2D2D20657468303A- <1> .msg_hdr:         db "--- eth0: Realtek RTL8139 Fast Ethernet PCI ---", 0x0A, 0
  1109 0000BC8B 205265616C74656B20- <1>
  1109 0000BC94 52544C383133392046- <1>
  1109 0000BC9D 617374204574686572- <1>
  1109 0000BCA6 6E657420504349202D- <1>
  1109 0000BCAF 2D2D0A00            <1>
  1110 0000BCB3 20204C696E6B205374- <1> .msg_status:      db "  Link Status:  UP, 100 Mbps Full Duplex, Bus Master", 0x0A, 0
  1110 0000BCBC 617475733A20205550- <1>
  1110 0000BCC5 2C20313030204D6270- <1>
  1110 0000BCCE 732046756C6C204475- <1>
  1110 0000BCD7 706C65782C20427573- <1>
  1110 0000BCE0 204D61737465720A00  <1>
  1111 0000BCE9 2020492F4F20506F72- <1> .msg_io:          db "  I/O Port:     0x", 0
  1111 0000BCF2 743A20202020203078- <1>
  1111 0000BCFB 00                  <1>
  1112 0000BCFC 20204D414320416464- <1> .msg_mac:         db "  MAC Address:  ", 0
  1112 0000BD05 726573733A202000    <1>
  1113 0000BD0D 202049507634204164- <1> .msg_ip:          db "  IPv4 Address: ", 0
  1113 0000BD16 64726573733A2000    <1>
  1114 0000BD1E 20205375626E657420- <1> .msg_mask:        db "  Subnet Mask:  ", 0
  1114 0000BD27 4D61736B3A202000    <1>
  1115 0000BD2F 202044656661756C74- <1> .msg_gw:          db "  Default GW:   ", 0
  1115 0000BD38 2047573A20202000    <1>
  1116 0000BD40 20284D41433A2000    <1> .msg_gw_mac:      db " (MAC: ", 0
  1117 0000BD48 2020444E5320536572- <1> .msg_dns:         db "  DNS Server:   ", 0
  1117 0000BD51 7665723A20202000    <1>
  1118 0000BD59 20205258205061636B- <1> .msg_rx:          db "  RX Packets:   ", 0
  1118 0000BD62 6574733A20202000    <1>
  1119 0000BD6A 20205458205061636B- <1> .msg_tx:          db "  TX Packets:   ", 0
  1119 0000BD73 6574733A20202000    <1>
  1120 0000BD7B 202842797465733A20- <1> .msg_bytes:       db " (Bytes: ", 0
  1120 0000BD84 00                  <1>
  1121 0000BD85 290A00              <1> .msg_close_paren: db ")", 0x0A, 0
  1122                              <1> 
  1123                              <1> .do_arp:
  1124 0000BD88 B30B                <1>     mov bl, COLOR_LIGHT_CYAN
  1125 0000BD8A 488D35B8000000      <1>     lea rsi, [.arp_hdr]
  1126 0000BD91 E82745FFFF          <1>     call vga_print_string_color
  1127                              <1> 
  1128                              <1>     ; Print Default Gateway Static Entry
  1129 0000BD96 488D358F77FFFF      <1>     lea rsi, [net_gateway]
  1130 0000BD9D E8B68BFFFF          <1>     call vga_print_ip
  1131 0000BDA2 488D3519010000      <1>     lea rsi, [.spc1]
  1132 0000BDA9 E8FE44FFFF          <1>     call vga_print_string
  1133 0000BDAE 31C9                <1>     xor ecx, ecx
  1134                              <1> .gw_arp_mac:
  1135 0000BDB0 8A81[38350000]      <1>     mov al, [gateway_mac + rcx]
  1136 0000BDB6 E8FA45FFFF          <1>     call vga_print_hex8
  1137 0000BDBB 83F905              <1>     cmp ecx, 5
  1138 0000BDBE 740B                <1>     je .gw_arp_done
  1139 0000BDC0 B03A                <1>     mov al, ':'
  1140 0000BDC2 E8AC43FFFF          <1>     call vga_print_char
  1141 0000BDC7 FFC1                <1>     inc ecx
  1142 0000BDC9 EBE5                <1>     jmp .gw_arp_mac
  1143                              <1> .gw_arp_done:
  1144 0000BDCB 488D35D1000000      <1>     lea rsi, [.arp_static]
  1145 0000BDD2 E8D544FFFF          <1>     call vga_print_string
  1146                              <1> 
  1147                              <1>     ; Iterate through ARP cache (0..7)
  1148 0000BDD7 4531F6              <1>     xor r14d, r14d
  1149                              <1> .arp_loop:
  1150 0000BDDA 4180BE[94350000]01  <1>     cmp byte [arp_cache_valid + r14], 1
  1151 0000BDE2 7557                <1>     jne .arp_next
  1152                              <1> 
  1153                              <1>     ; Print Cached IP
  1154 0000BDE4 488D355977FFFF      <1>     lea rsi, [arp_cache_ip]
  1155 0000BDEB 4489F0              <1>     mov eax, r14d
  1156 0000BDEE C1E002              <1>     shl eax, 2
  1157 0000BDF1 4801C6              <1>     add rsi, rax
  1158 0000BDF4 E85F8BFFFF          <1>     call vga_print_ip
  1159                              <1> 
  1160 0000BDF9 488D35C2000000      <1>     lea rsi, [.spc1]
  1161 0000BE00 E8A744FFFF          <1>     call vga_print_string
  1162                              <1> 
  1163                              <1>     ; Print Cached MAC
  1164 0000BE05 488D355877FFFF      <1>     lea rsi, [arp_cache_mac]
  1165 0000BE0C 4489F0              <1>     mov eax, r14d
  1166 0000BE0F 6BC006              <1>     imul eax, 6
  1167 0000BE12 4801C6              <1>     add rsi, rax
  1168 0000BE15 31C9                <1>     xor ecx, ecx
  1169                              <1> .cache_mac_print:
  1170 0000BE17 8A040E              <1>     mov al, [rsi + rcx]
  1171 0000BE1A E89645FFFF          <1>     call vga_print_hex8
  1172 0000BE1F 83F905              <1>     cmp ecx, 5
  1173 0000BE22 740B                <1>     je .cache_mac_done
  1174 0000BE24 B03A                <1>     mov al, ':'
  1175 0000BE26 E84843FFFF          <1>     call vga_print_char
  1176 0000BE2B FFC1                <1>     inc ecx
  1177 0000BE2D EBE8                <1>     jmp .cache_mac_print
  1178                              <1> .cache_mac_done:
  1179 0000BE2F 488D3581000000      <1>     lea rsi, [.arp_dynamic]
  1180 0000BE36 E87144FFFF          <1>     call vga_print_string
  1181                              <1> 
  1182                              <1> .arp_next:
  1183 0000BE3B 41FFC6              <1>     inc r14d
  1184 0000BE3E 4183FE08            <1>     cmp r14d, ARP_CACHE_MAX
  1185 0000BE42 7C96                <1>     jl .arp_loop
  1186                              <1> 
  1187 0000BE44 E9E4040000          <1>     jmp .done
  1188                              <1> 
  1189 0000BE49 2D2D2D204164647265- <1> .arp_hdr:     db "--- Address Resolution Protocol (ARP) Cache ---", 0x0A
  1189 0000BE52 7373205265736F6C75- <1>
  1189 0000BE5B 74696F6E2050726F74- <1>
  1189 0000BE64 6F636F6C2028415250- <1>
  1189 0000BE6D 29204361636865202D- <1>
  1189 0000BE76 2D2D0A              <1>
  1190 0000BE79 495020414444524553- <1>               db "IP ADDRESS       MAC ADDRESS        TYPE", 0x0A, 0
  1190 0000BE82 53202020202020204D- <1>
  1190 0000BE8B 414320414444524553- <1>
  1190 0000BE94 532020202020202020- <1>
  1190 0000BE9D 545950450A00        <1>
  1191 0000BEA3 202053544154494320- <1> .arp_static:  db "  STATIC (GATEWAY)", 0x0A, 0
  1191 0000BEAC 284741544557415929- <1>
  1191 0000BEB5 0A00                <1>
  1192 0000BEB7 202044594E414D4943- <1> .arp_dynamic: db "  DYNAMIC", 0x0A, 0
  1192 0000BEC0 0A00                <1>
  1193 0000BEC2 2020202020202000    <1> .spc1:        db "       ", 0
  1194                              <1> 
  1195                              <1> .do_ping:
  1196 0000BECA 4883C604            <1>     add rsi, 4                  ; Skip "ping"
  1197 0000BECE E88C040000          <1>     call skip_spaces
  1198 0000BED3 803E00              <1>     cmp byte [rsi], 0
  1199 0000BED6 0F8495000000        <1>     je .ping_usage
  1200                              <1> 
  1201                              <1>     ; Extract target string into net_cmd_target
  1202 0000BEDC 488D3D93F0FFFF      <1>     lea rdi, [net_cmd_target]
  1203 0000BEE3 B93F000000          <1>     mov rcx, 63
  1204                              <1> .copy_ping_tgt:
  1205 0000BEE8 AC                  <1>     lodsb
  1206 0000BEE9 3C20                <1>     cmp al, ' '
  1207 0000BEEB 7407                <1>     je .ping_tgt_end
  1208 0000BEED 3C00                <1>     cmp al, 0
  1209 0000BEEF 7403                <1>     je .ping_tgt_nul
  1210 0000BEF1 AA                  <1>     stosb
  1211 0000BEF2 E2F4                <1>     loop .copy_ping_tgt
  1212                              <1> .ping_tgt_end:
  1213                              <1> .ping_tgt_nul:
  1214 0000BEF4 30C0                <1>     xor al, al
  1215 0000BEF6 AA                  <1>     stosb
  1216                              <1> 
  1217                              <1>     ; Try parsing as dotted IPv4
  1218 0000BEF7 488D3578F0FFFF      <1>     lea rsi, [net_cmd_target]
  1219 0000BEFE 488D3DB1F0FFFF      <1>     lea rdi, [net_target_ip]
  1220 0000BF05 E8018CFFFF          <1>     call net_parse_ip
  1221 0000BF0A 4885C0              <1>     test rax, rax
  1222 0000BF0D 7451                <1>     jz .ping_ip_ready
  1223                              <1> 
  1224                              <1>     ; Resolve domain name via DNS!
  1225 0000BF0F B309                <1>     mov bl, COLOR_LIGHT_BLUE
  1226 0000BF11 488D35B1000000      <1>     lea rsi, [.msg_ping_res]
  1227 0000BF18 E8A043FFFF          <1>     call vga_print_string_color
  1228 0000BF1D 488D3552F0FFFF      <1>     lea rsi, [net_cmd_target]
  1229 0000BF24 E88343FFFF          <1>     call vga_print_string
  1230 0000BF29 488D35A4000000      <1>     lea rsi, [.msg_dots]
  1231 0000BF30 E88843FFFF          <1>     call vga_print_string_color
  1232                              <1> 
  1233 0000BF35 488D353AF0FFFF      <1>     lea rsi, [net_cmd_target]
  1234 0000BF3C 488D3D73F0FFFF      <1>     lea rdi, [net_target_ip]
  1235 0000BF43 E88795FFFF          <1>     call dns_resolve
  1236 0000BF48 4885C0              <1>     test rax, rax
  1237 0000BF4B 7413                <1>     jz .ping_ip_ready
  1238                              <1> 
  1239 0000BF4D B30C                <1>     mov bl, COLOR_LIGHT_RED
  1240 0000BF4F 488D3583000000      <1>     lea rsi, [.msg_ping_fail]
  1241 0000BF56 E86243FFFF          <1>     call vga_print_string_color
  1242 0000BF5B E9CD030000          <1>     jmp .done
  1243                              <1> 
  1244                              <1> .ping_ip_ready:
  1245 0000BF60 488D354FF0FFFF      <1>     lea rsi, [net_target_ip]
  1246 0000BF67 E80E8AFFFF          <1>     call icmp_ping
  1247 0000BF6C E9BC030000          <1>     jmp .done
  1248                              <1> 
  1249                              <1> .ping_usage:
  1250 0000BF71 B30E                <1>     mov bl, COLOR_YELLOW
  1251 0000BF73 488D350A000000      <1>     lea rsi, [.msg_ping_use]
  1252 0000BF7A E83E43FFFF          <1>     call vga_print_string_color
  1253 0000BF7F E9A9030000          <1>     jmp .done
  1254                              <1> 
  1255 0000BF84 55736167653A207069- <1> .msg_ping_use:  db "Usage: ping <ip or domain>  (e.g. ping 10.0.2.2 or ping google.com)", 0x0A, 0
  1255 0000BF8D 6E67203C6970206F72- <1>
  1255 0000BF96 20646F6D61696E3E20- <1>
  1255 0000BF9F 2028652E672E207069- <1>
  1255 0000BFA8 6E672031302E302E32- <1>
  1255 0000BFB1 2E32206F722070696E- <1>
  1255 0000BFBA 6720676F6F676C652E- <1>
  1255 0000BFC3 636F6D290A00        <1>
  1256 0000BFC9 5265736F6C76696E67- <1> .msg_ping_res:  db "Resolving ", 0
  1256 0000BFD2 2000                <1>
  1257 0000BFD4 2E2E2E2000          <1> .msg_dots:      db "... ", 0
  1258 0000BFD9 4641494C45440A5B50- <1> .msg_ping_fail: db "FAILED", 0x0A, "[PING] Error: Host could not be resolved.", 0x0A, 0
  1258 0000BFE2 494E475D204572726F- <1>
  1258 0000BFEB 723A20486F73742063- <1>
  1258 0000BFF4 6F756C64206E6F7420- <1>
  1258 0000BFFD 6265207265736F6C76- <1>
  1258 0000C006 65642E0A00          <1>
  1259                              <1> 
  1260                              <1> .do_nslookup:
  1261 0000C00B 4883C608            <1>     add rsi, 8                  ; Skip "nslookup"
  1262 0000C00F EB04                <1>     jmp .dns_common
  1263                              <1> 
  1264                              <1> .do_dns:
  1265 0000C011 4883C603            <1>     add rsi, 3                  ; Skip "dns"
  1266                              <1> .dns_common:
  1267 0000C015 E845030000          <1>     call skip_spaces
  1268 0000C01A 803E00              <1>     cmp byte [rsi], 0
  1269 0000C01D 0F84BA000000        <1>     je .dns_usage
  1270                              <1> 
  1271                              <1>     ; Extract domain argument
  1272 0000C023 488D3D4CEFFFFF      <1>     lea rdi, [net_cmd_target]
  1273 0000C02A B93F000000          <1>     mov rcx, 63
  1274                              <1> .copy_dns_dom:
  1275 0000C02F AC                  <1>     lodsb
  1276 0000C030 3C20                <1>     cmp al, ' '
  1277 0000C032 7407                <1>     je .dns_dom_end
  1278 0000C034 3C00                <1>     cmp al, 0
  1279 0000C036 7403                <1>     je .dns_dom_nul
  1280 0000C038 AA                  <1>     stosb
  1281 0000C039 E2F4                <1>     loop .copy_dns_dom
  1282                              <1> .dns_dom_end:
  1283                              <1> .dns_dom_nul:
  1284 0000C03B 30C0                <1>     xor al, al
  1285 0000C03D AA                  <1>     stosb
  1286                              <1> 
  1287                              <1>     ; Query message
  1288 0000C03E B30B                <1>     mov bl, COLOR_LIGHT_CYAN
  1289 0000C040 488D35D5000000      <1>     lea rsi, [.msg_dns_query]
  1290 0000C047 E87142FFFF          <1>     call vga_print_string_color
  1291 0000C04C 488D3523EFFFFF      <1>     lea rsi, [net_cmd_target]
  1292 0000C053 E85442FFFF          <1>     call vga_print_string
  1293 0000C058 B00A                <1>     mov al, 0x0A
  1294 0000C05A E81441FFFF          <1>     call vga_print_char
  1295                              <1> 
  1296                              <1>     ; Resolve via UDP port 53
  1297 0000C05F 488D3510EFFFFF      <1>     lea rsi, [net_cmd_target]
  1298 0000C066 488D3D49EFFFFF      <1>     lea rdi, [net_target_ip]
  1299 0000C06D E85D94FFFF          <1>     call dns_resolve
  1300 0000C072 4885C0              <1>     test rax, rax
  1301 0000C075 7553                <1>     jnz .dns_failed
  1302                              <1> 
  1303                              <1>     ; Success
  1304 0000C077 B30A                <1>     mov bl, COLOR_LIGHT_GREEN
  1305 0000C079 488D35BE000000      <1>     lea rsi, [.msg_dns_ans]
  1306 0000C080 E83842FFFF          <1>     call vga_print_string_color
  1307                              <1> 
  1308 0000C085 B30F                <1>     mov bl, COLOR_WHITE
  1309 0000C087 488D35CB000000      <1>     lea rsi, [.msg_dns_name]
  1310 0000C08E E82A42FFFF          <1>     call vga_print_string_color
  1311 0000C093 488D35DCEEFFFF      <1>     lea rsi, [net_cmd_target]
  1312 0000C09A E80D42FFFF          <1>     call vga_print_string
  1313 0000C09F B00A                <1>     mov al, 0x0A
  1314 0000C0A1 E8CD40FFFF          <1>     call vga_print_char
  1315                              <1> 
  1316 0000C0A6 488D35B8000000      <1>     lea rsi, [.msg_dns_addr]
  1317 0000C0AD E80B42FFFF          <1>     call vga_print_string_color
  1318 0000C0B2 488D35FDEEFFFF      <1>     lea rsi, [net_target_ip]
  1319 0000C0B9 E89A88FFFF          <1>     call vga_print_ip
  1320 0000C0BE B00A                <1>     mov al, 0x0A
  1321 0000C0C0 E8AE40FFFF          <1>     call vga_print_char
  1322 0000C0C5 E963020000          <1>     jmp .done
  1323                              <1> 
  1324                              <1> .dns_failed:
  1325 0000C0CA B30C                <1>     mov bl, COLOR_LIGHT_RED
  1326 0000C0CC 488D359E000000      <1>     lea rsi, [.msg_dns_err]
  1327 0000C0D3 E8E541FFFF          <1>     call vga_print_string_color
  1328 0000C0D8 E950020000          <1>     jmp .done
  1329                              <1> 
  1330                              <1> .dns_usage:
  1331 0000C0DD B30E                <1>     mov bl, COLOR_YELLOW
  1332 0000C0DF 488D350A000000      <1>     lea rsi, [.msg_dns_use]
  1333 0000C0E6 E8D241FFFF          <1>     call vga_print_string_color
  1334 0000C0EB E93D020000          <1>     jmp .done
  1335                              <1> 
  1336 0000C0F0 55736167653A20646E- <1> .msg_dns_use:   db "Usage: dns <domain>  (e.g. dns google.com)", 0x0A, 0
  1336 0000C0F9 73203C646F6D61696E- <1>
  1336 0000C102 3E202028652E672E20- <1>
  1336 0000C10B 646E7320676F6F676C- <1>
  1336 0000C114 652E636F6D290A00    <1>
  1337 0000C11C 5175657279696E6720- <1> .msg_dns_query: db "Querying DNS server 10.0.2.3 for ", 0
  1337 0000C125 444E53207365727665- <1>
  1337 0000C12E 722031302E302E322E- <1>
  1337 0000C137 3320666F722000      <1>
  1338 0000C13E 4E6F6E2D617574686F- <1> .msg_dns_ans:   db "Non-authoritative answer:", 0x0A, 0
  1338 0000C147 726974617469766520- <1>
  1338 0000C150 616E737765723A0A00  <1>
  1339 0000C159 20204E616D653A2020- <1> .msg_dns_name:  db "  Name:    ", 0
  1339 0000C162 202000              <1>
  1340 0000C165 202041646472657373- <1> .msg_dns_addr:  db "  Address: ", 0
  1340 0000C16E 3A2000              <1>
  1341 0000C171 5B444E535D20457272- <1> .msg_dns_err:   db "[DNS] Error: Name resolution failed or query timed out.", 0x0A, 0
  1341 0000C17A 6F723A204E616D6520- <1>
  1341 0000C183 7265736F6C7574696F- <1>
  1341 0000C18C 6E206661696C656420- <1>
  1341 0000C195 6F7220717565727920- <1>
  1341 0000C19E 74696D6564206F7574- <1>
  1341 0000C1A7 2E0A00              <1>
  1342                              <1> 
  1343                              <1> .do_http:
  1344                              <1> .do_curl:
  1345 0000C1AA 4883C604            <1>     add rsi, 4                  ; Skip "curl" or "http"
  1346 0000C1AE E8AC010000          <1>     call skip_spaces
  1347 0000C1B3 803E00              <1>     cmp byte [rsi], 0
  1348 0000C1B6 0F84D8000000        <1>     je .curl_usage
  1349                              <1> 
  1350                              <1>     ; Extract target host
  1351 0000C1BC 488D3DB3EDFFFF      <1>     lea rdi, [net_cmd_target]
  1352 0000C1C3 B93F000000          <1>     mov rcx, 63
  1353                              <1> .copy_curl_tgt:
  1354 0000C1C8 AC                  <1>     lodsb
  1355 0000C1C9 3C20                <1>     cmp al, ' '
  1356 0000C1CB 7407                <1>     je .curl_tgt_end
  1357 0000C1CD 3C00                <1>     cmp al, 0
  1358 0000C1CF 7403                <1>     je .curl_tgt_nul
  1359 0000C1D1 AA                  <1>     stosb
  1360 0000C1D2 E2F4                <1>     loop .copy_curl_tgt
  1361                              <1> .curl_tgt_end:
  1362                              <1> .curl_tgt_nul:
  1363 0000C1D4 30C0                <1>     xor al, al
  1364 0000C1D6 AA                  <1>     stosb
  1365                              <1> 
  1366                              <1>     ; Check if optional port argument exists
  1367 0000C1D7 E883010000          <1>     call skip_spaces
  1368 0000C1DC 803E00              <1>     cmp byte [rsi], 0
  1369 0000C1DF 740A                <1>     je .curl_default_port
  1370 0000C1E1 E858010000          <1>     call parse_dec
  1371 0000C1E6 6689C2              <1>     mov dx, ax
  1372 0000C1E9 EB04                <1>     jmp .curl_resolve
  1373                              <1> 
  1374                              <1> .curl_default_port:
  1375 0000C1EB 66BA5000            <1>     mov dx, 80                  ; Standard HTTP port
  1376                              <1> 
  1377                              <1> .curl_resolve:
  1378 0000C1EF 52                  <1>     push rdx                    ; Save port number
  1379                              <1> 
  1380                              <1>     ; Parse as IPv4 or resolve domain
  1381 0000C1F0 488D357FEDFFFF      <1>     lea rsi, [net_cmd_target]
  1382 0000C1F7 488D3DB8EDFFFF      <1>     lea rdi, [net_target_ip]
  1383 0000C1FE E80889FFFF          <1>     call net_parse_ip
  1384 0000C203 4885C0              <1>     test rax, rax
  1385 0000C206 7473                <1>     jz .curl_ready
  1386                              <1> 
  1387                              <1>     ; Resolve domain
  1388 0000C208 B309                <1>     mov bl, COLOR_LIGHT_BLUE
  1389 0000C20A 488D35DD000000      <1>     lea rsi, [.msg_res]
  1390 0000C211 E8A740FFFF          <1>     call vga_print_string_color
  1391 0000C216 488D3559EDFFFF      <1>     lea rsi, [net_cmd_target]
  1392 0000C21D E88A40FFFF          <1>     call vga_print_string
  1393 0000C222 488D35D0000000      <1>     lea rsi, [.msg_curl_dots]
  1394 0000C229 E88F40FFFF          <1>     call vga_print_string_color
  1395                              <1> 
  1396 0000C22E 488D3541EDFFFF      <1>     lea rsi, [net_cmd_target]
  1397 0000C235 488D3D7AEDFFFF      <1>     lea rdi, [net_target_ip]
  1398 0000C23C E88E92FFFF          <1>     call dns_resolve
  1399 0000C241 4885C0              <1>     test rax, rax
  1400 0000C244 7414                <1>     jz .curl_resolved_ok
  1401                              <1> 
  1402 0000C246 5A                  <1>     pop rdx
  1403 0000C247 B30C                <1>     mov bl, COLOR_LIGHT_RED
  1404 0000C249 488D3521FFFFFF      <1>     lea rsi, [.msg_dns_err]
  1405 0000C250 E86840FFFF          <1>     call vga_print_string_color
  1406 0000C255 E9D3000000          <1>     jmp .done
  1407                              <1> 
  1408                              <1> .curl_resolved_ok:
  1409 0000C25A B30A                <1>     mov bl, COLOR_LIGHT_GREEN
  1410 0000C25C 488D359B000000      <1>     lea rsi, [.msg_ok]
  1411 0000C263 E85540FFFF          <1>     call vga_print_string_color
  1412 0000C268 488D3547EDFFFF      <1>     lea rsi, [net_target_ip]
  1413 0000C26F E8E486FFFF          <1>     call vga_print_ip
  1414 0000C274 B00A                <1>     mov al, 0x0A
  1415 0000C276 E8F83EFFFF          <1>     call vga_print_char
  1416                              <1> 
  1417                              <1> .curl_ready:
  1418 0000C27B 5A                  <1>     pop rdx                     ; Restore port number
  1419 0000C27C 488D3533EDFFFF      <1>     lea rsi, [net_target_ip]
  1420 0000C283 488D3DECECFFFF      <1>     lea rdi, [net_cmd_target]
  1421 0000C28A E813B8FFFF          <1>     call tcp_http_client
  1422 0000C28F E999000000          <1>     jmp .done
  1423                              <1> 
  1424                              <1> .curl_usage:
  1425 0000C294 B30E                <1>     mov bl, COLOR_YELLOW
  1426 0000C296 488D350A000000      <1>     lea rsi, [.msg_curl_use]
  1427 0000C29D E81B40FFFF          <1>     call vga_print_string_color
  1428 0000C2A2 E986000000          <1>     jmp .done
  1429                              <1> 
  1430 0000C2A7 55736167653A206375- <1> .msg_curl_use:  db "Usage: curl <target> [port]  (e.g. curl 10.0.2.2 or curl 10.0.2.2 80)", 0x0A, 0
  1430 0000C2B0 726C203C7461726765- <1>
  1430 0000C2B9 743E205B706F72745D- <1>
  1430 0000C2C2 202028652E672E2063- <1>
  1430 0000C2CB 75726C2031302E302E- <1>
  1430 0000C2D4 322E32206F72206375- <1>
  1430 0000C2DD 726C2031302E302E32- <1>
  1430 0000C2E6 2E32203830290A00    <1>
  1431 0000C2EE 5265736F6C76696E67- <1> .msg_res:       db "Resolving ", 0
  1431 0000C2F7 2000                <1>
  1432 0000C2F9 2E2E2E2000          <1> .msg_curl_dots: db "... ", 0
  1433 0000C2FE 4F4B202D3E2000      <1> .msg_ok:        db "OK -> ", 0
  1434                              <1> 
  1435                              <1> .do_tcplisten_arg:
  1436 0000C305 4883C609            <1>     add rsi, 9                  ; Skip "tcplisten"
  1437 0000C309 E851000000          <1>     call skip_spaces
  1438 0000C30E 803E00              <1>     cmp byte [rsi], 0
  1439 0000C311 740F                <1>     je .do_tcplisten_default
  1440 0000C313 E826000000          <1>     call parse_dec
  1441 0000C318 6689C2              <1>     mov dx, ax
  1442 0000C31B E820BAFFFF          <1>     call tcp_server_start
  1443 0000C320 EB0B                <1>     jmp .done
  1444                              <1> 
  1445                              <1> .do_tcplisten_default:
  1446 0000C322 66BA5000            <1>     mov dx, 80                  ; Default HTTP port 80
  1447 0000C326 E815BAFFFF          <1>     call tcp_server_start
  1448 0000C32B EB00                <1>     jmp .done
  1449                              <1> 
  1450                              <1> .done:
  1451 0000C32D 415E                <1>     pop r14
  1452 0000C32F 415D                <1>     pop r13
  1453 0000C331 415C                <1>     pop r12
  1454 0000C333 4159                <1>     pop r9
  1455 0000C335 4158                <1>     pop r8
  1456 0000C337 5F                  <1>     pop rdi
  1457 0000C338 5E                  <1>     pop rsi
  1458 0000C339 5A                  <1>     pop rdx
  1459 0000C33A 59                  <1>     pop rcx
  1460 0000C33B 5B                  <1>     pop rbx
  1461 0000C33C 58                  <1>     pop rax
  1462 0000C33D C3                  <1>     ret
  1463                              <1> 
  1464                              <1> ; ------------------------------------------------------------------------------
  1465                              <1> ; parse_dec: Parses unsigned decimal ASCII integer from RSI
  1466                              <1> ; Input:  RSI = string pointer
  1467                              <1> ; Output: EAX = integer value, RSI advanced
  1468                              <1> ; ------------------------------------------------------------------------------
  1469                              <1> parse_dec:
  1470 0000C33E 53                  <1>     push rbx
  1471 0000C33F 52                  <1>     push rdx
  1472 0000C340 31C0                <1>     xor eax, eax
  1473                              <1> .loop:
  1474 0000C342 0FB616              <1>     movzx edx, byte [rsi]
  1475 0000C345 80FA30              <1>     cmp dl, '0'
  1476 0000C348 7212                <1>     jb .dec_done
  1477 0000C34A 80FA39              <1>     cmp dl, '9'
  1478 0000C34D 770D                <1>     ja .dec_done
  1479 0000C34F 80EA30              <1>     sub dl, '0'
  1480 0000C352 6BC00A              <1>     imul eax, 10
  1481 0000C355 01D0                <1>     add eax, edx
  1482 0000C357 48FFC6              <1>     inc rsi
  1483 0000C35A EBE6                <1>     jmp .loop
  1484                              <1> .dec_done:
  1485 0000C35C 5A                  <1>     pop rdx
  1486 0000C35D 5B                  <1>     pop rbx
  1487 0000C35E C3                  <1>     ret
  1488                              <1> 
  1489                              <1> ; ------------------------------------------------------------------------------
  1490                              <1> ; Helper: Skip leading spaces in RSI
  1491                              <1> ; ------------------------------------------------------------------------------
  1492                              <1> skip_spaces:
  1493                              <1> .loop:
  1494 0000C35F 803E20              <1>     cmp byte [rsi], ' '
  1495 0000C362 7505                <1>     jne .done
  1496 0000C364 48FFC6              <1>     inc rsi
  1497 0000C367 EBF6                <1>     jmp .loop
  1498                              <1> .done:
  1499 0000C369 C3                  <1>     ret
  1500                              <1> 
  1501                              <1> ; ------------------------------------------------------------------------------
  1502                              <1> ; Helper: Compute string length at RSI
  1503                              <1> ; Returns: RAX = length
  1504                              <1> ; ------------------------------------------------------------------------------
  1505                              <1> strlen:
  1506 0000C36A 56                  <1>     push rsi
  1507 0000C36B 4831C0              <1>     xor rax, rax
  1508                              <1> .loop:
  1509 0000C36E 803C0600            <1>     cmp byte [rsi + rax], 0
  1510 0000C372 7405                <1>     je .done
  1511 0000C374 48FFC0              <1>     inc rax
  1512 0000C377 EBF5                <1>     jmp .loop
  1513                              <1> .done:
  1514 0000C379 5E                  <1>     pop rsi
  1515 0000C37A C3                  <1>     ret
  1516                              <1> 
  1517                              <1> ; ------------------------------------------------------------------------------
  1518                              <1> ; String Comparison: RSI vs RDI, ZF=1 if equal
  1519                              <1> ; Preserves RAX, RBX, RCX, RDX, RSI, RDI
  1520                              <1> ; ------------------------------------------------------------------------------
  1521                              <1> strcmp:
  1522 0000C37B 56                  <1>     push rsi
  1523 0000C37C 57                  <1>     push rdi
  1524 0000C37D 52                  <1>     push rdx
  1525                              <1> .loop:
  1526 0000C37E 8A16                <1>     mov dl, [rsi]
  1527 0000C380 3A17                <1>     cmp dl, [rdi]
  1528 0000C382 750C                <1>     jne .diff
  1529 0000C384 84D2                <1>     test dl, dl
  1530 0000C386 740C                <1>     jz .equal
  1531 0000C388 48FFC6              <1>     inc rsi
  1532 0000C38B 48FFC7              <1>     inc rdi
  1533 0000C38E EBEE                <1>     jmp .loop
  1534                              <1> .diff:
  1535 0000C390 5A                  <1>     pop rdx
  1536 0000C391 5F                  <1>     pop rdi
  1537 0000C392 5E                  <1>     pop rsi
  1538 0000C393 C3                  <1>     ret
  1539                              <1> .equal:
  1540 0000C394 5A                  <1>     pop rdx
  1541 0000C395 5F                  <1>     pop rdi
  1542 0000C396 5E                  <1>     pop rsi
  1543 0000C397 39C0                <1>     cmp eax, eax                ; Guarantees ZF=1, modifies no registers
  1544 0000C399 C3                  <1>     ret
  1545                              <1> 
  1546                              <1> ; ------------------------------------------------------------------------------
  1547                              <1> ; Substring Comparison: RSI vs RDI for RCX bytes, ZF=1 if matched
  1548                              <1> ; Preserves RAX, RBX, RCX, RDX, RSI, RDI
  1549                              <1> ; ------------------------------------------------------------------------------
  1550                              <1> strncmp:
  1551 0000C39A 56                  <1>     push rsi
  1552 0000C39B 57                  <1>     push rdi
  1553 0000C39C 51                  <1>     push rcx
  1554 0000C39D 52                  <1>     push rdx
  1555                              <1> .loop:
  1556 0000C39E 4885C9              <1>     test rcx, rcx
  1557 0000C3A1 741A                <1>     jz .equal
  1558 0000C3A3 8A16                <1>     mov dl, [rsi]
  1559 0000C3A5 3A17                <1>     cmp dl, [rdi]
  1560 0000C3A7 750F                <1>     jne .diff
  1561 0000C3A9 84D2                <1>     test dl, dl
  1562 0000C3AB 7410                <1>     jz .equal
  1563 0000C3AD 48FFC6              <1>     inc rsi
  1564 0000C3B0 48FFC7              <1>     inc rdi
  1565 0000C3B3 48FFC9              <1>     dec rcx
  1566 0000C3B6 EBE6                <1>     jmp .loop
  1567                              <1> .diff:
  1568 0000C3B8 5A                  <1>     pop rdx
  1569 0000C3B9 59                  <1>     pop rcx
  1570 0000C3BA 5F                  <1>     pop rdi
  1571 0000C3BB 5E                  <1>     pop rsi
  1572 0000C3BC C3                  <1>     ret
  1573                              <1> .equal:
  1574 0000C3BD 5A                  <1>     pop rdx
  1575 0000C3BE 59                  <1>     pop rcx
  1576 0000C3BF 5F                  <1>     pop rdi
  1577 0000C3C0 5E                  <1>     pop rsi
  1578 0000C3C1 39C0                <1>     cmp eax, eax                ; Guarantees ZF=1, modifies no registers
  1579 0000C3C3 C3                  <1>     ret
  1580                              <1> 
  1581                              <1> ; ------------------------------------------------------------------------------
  1582                              <1> ; match_command: Compares command keyword at RDI with user input at RSI
  1583                              <1> ; Returns: ZF=1 if matched and [RSI + len] is ' ' or 0
  1584                              <1> ; Preserves RAX, RBX, RCX, RDX, RSI, RDI
  1585                              <1> ; ------------------------------------------------------------------------------
  1586                              <1> match_command:
  1587 0000C3C4 56                  <1>     push rsi
  1588 0000C3C5 57                  <1>     push rdi
  1589 0000C3C6 52                  <1>     push rdx
  1590                              <1> .loop:
  1591 0000C3C7 8A17                <1>     mov dl, [rdi]
  1592 0000C3C9 84D2                <1>     test dl, dl
  1593 0000C3CB 740C                <1>     jz .cmd_end
  1594 0000C3CD 3A16                <1>     cmp dl, [rsi]
  1595 0000C3CF 751C                <1>     jne .diff
  1596 0000C3D1 48FFC6              <1>     inc rsi
  1597 0000C3D4 48FFC7              <1>     inc rdi
  1598 0000C3D7 EBEE                <1>     jmp .loop
  1599                              <1> 
  1600                              <1> .cmd_end:
  1601 0000C3D9 8A16                <1>     mov dl, [rsi]
  1602 0000C3DB 80FA20              <1>     cmp dl, ' '
  1603 0000C3DE 7407                <1>     je .matched
  1604 0000C3E0 80FA00              <1>     cmp dl, 0
  1605 0000C3E3 7402                <1>     je .matched
  1606 0000C3E5 EB06                <1>     jmp .diff
  1607                              <1> 
  1608                              <1> .matched:
  1609 0000C3E7 5A                  <1>     pop rdx
  1610 0000C3E8 5F                  <1>     pop rdi
  1611 0000C3E9 5E                  <1>     pop rsi
  1612 0000C3EA 39C0                <1>     cmp eax, eax                ; ZF=1
  1613 0000C3EC C3                  <1>     ret
  1614                              <1> 
  1615                              <1> .diff:
  1616 0000C3ED 5A                  <1>     pop rdx
  1617 0000C3EE 5F                  <1>     pop rdi
  1618 0000C3EF 5E                  <1>     pop rsi
  1619 0000C3F0 85E4                <1>     test esp, esp               ; ZF=0 (ESP is non-zero)
  1620 0000C3F2 C3                  <1>     ret
  1621                              <1> 
  1622                              <1> ; ------------------------------------------------------------------------------
  1623                              <1> ; append_suffix_and_space: Appends suffix string at RSI to input_buffer and screen,
  1624                              <1> ;                          followed by a space (unless already ending in a space).
  1625                              <1> ; Input: RSI = null-terminated suffix string to append
  1626                              <1> ; Preserves all general purpose registers
  1627                              <1> ; ------------------------------------------------------------------------------
  1628                              <1> append_suffix_and_space:
  1629 0000C3F3 50                  <1>     push rax
  1630 0000C3F4 51                  <1>     push rcx
  1631 0000C3F5 56                  <1>     push rsi
  1632                              <1> 
  1633                              <1> .loop:
  1634 0000C3F6 AC                  <1>     lodsb
  1635 0000C3F7 84C0                <1>     test al, al
  1636 0000C3F9 7428                <1>     jz .check_space
  1637                              <1> 
  1638 0000C3FB 488B0D9152FFFF      <1>     mov rcx, [input_len]
  1639 0000C402 4883F97E            <1>     cmp rcx, INPUT_BUFFER_MAX - 2
  1640 0000C406 7352                <1>     jae .done
  1641                              <1> 
  1642 0000C408 8881[9B160000]      <1>     mov [input_buffer + rcx], al
  1643 0000C40E 48FF057E52FFFF      <1>     inc qword [input_len]
  1644 0000C415 C681[9C160000]00    <1>     mov byte [input_buffer + rcx + 1], 0
  1645 0000C41C E8523DFFFF          <1>     call vga_print_char
  1646 0000C421 EBD3                <1>     jmp .loop
  1647                              <1> 
  1648                              <1> .check_space:
  1649 0000C423 488B0D6952FFFF      <1>     mov rcx, [input_len]
  1650 0000C42A 4885C9              <1>     test rcx, rcx
  1651 0000C42D 7409                <1>     jz .do_space
  1652 0000C42F 80B9[9A160000]20    <1>     cmp byte [input_buffer + rcx - 1], ' '
  1653 0000C436 7422                <1>     je .done
  1654                              <1> 
  1655                              <1> .do_space:
  1656 0000C438 4883F97E            <1>     cmp rcx, INPUT_BUFFER_MAX - 2
  1657 0000C43C 731C                <1>     jae .done
  1658 0000C43E C681[9B160000]20    <1>     mov byte [input_buffer + rcx], ' '
  1659 0000C445 48FF054752FFFF      <1>     inc qword [input_len]
  1660 0000C44C C681[9C160000]00    <1>     mov byte [input_buffer + rcx + 1], 0
  1661 0000C453 B020                <1>     mov al, ' '
  1662 0000C455 E8193DFFFF          <1>     call vga_print_char
  1663                              <1> 
  1664                              <1> .done:
  1665 0000C45A 5E                  <1>     pop rsi
  1666 0000C45B 59                  <1>     pop rcx
  1667 0000C45C 58                  <1>     pop rax
  1668 0000C45D C3                  <1>     ret
  1669                              <1> 
  1670                              <1> ; ------------------------------------------------------------------------------
  1671                              <1> ; shell_tab_complete: Bash-style Tab auto-completion engine
  1672                              <1> ; Completes command names and on-disk AntigravityFS filenames
  1673                              <1> ; ------------------------------------------------------------------------------
  1674                              <1> shell_tab_complete:
  1675 0000C45E 50                  <1>     push rax
  1676 0000C45F 53                  <1>     push rbx
  1677 0000C460 51                  <1>     push rcx
  1678 0000C461 52                  <1>     push rdx
  1679 0000C462 56                  <1>     push rsi
  1680 0000C463 57                  <1>     push rdi
  1681 0000C464 4150                <1>     push r8
  1682 0000C466 4151                <1>     push r9
  1683 0000C468 4152                <1>     push r10
  1684 0000C46A 4153                <1>     push r11
  1685 0000C46C 4154                <1>     push r12
  1686 0000C46E 4155                <1>     push r13
  1687 0000C470 4156                <1>     push r14
  1688 0000C472 4157                <1>     push r15
  1689                              <1> 
  1690                              <1>     ; Find start of first word in input_buffer
  1691 0000C474 488D352052FFFF      <1>     lea rsi, [input_buffer]
  1692                              <1> .tab_skip_leading:
  1693 0000C47B 803E20              <1>     cmp byte [rsi], ' '
  1694 0000C47E 7505                <1>     jne .tab_check_first_word
  1695 0000C480 48FFC6              <1>     inc rsi
  1696 0000C483 EBF6                <1>     jmp .tab_skip_leading
  1697                              <1> 
  1698                              <1> .tab_check_first_word:
  1699                              <1>     ; Scan to see if there is a space separating command and argument
  1700 0000C485 4889F7              <1>     mov rdi, rsi
  1701                              <1> .tab_find_spc:
  1702 0000C488 803F00              <1>     cmp byte [rdi], 0
  1703 0000C48B 0F84C4010000        <1>     je .tab_cmd_mode            ; No space -> User is typing a command!
  1704 0000C491 803F20              <1>     cmp byte [rdi], ' '
  1705 0000C494 7405                <1>     je .tab_found_spc           ; Space found -> Check if file command!
  1706 0000C496 48FFC7              <1>     inc rdi
  1707 0000C499 EBED                <1>     jmp .tab_find_spc
  1708                              <1> 
  1709                              <1> .tab_found_spc:
  1710                              <1>     ; First word is at RSI with length RCX = RDI - RSI
  1711 0000C49B 4889F9              <1>     mov rcx, rdi
  1712 0000C49E 4829F1              <1>     sub rcx, rsi
  1713                              <1> 
  1714                              <1>     ; Check if first word is a filesystem command that takes a filename
  1715                              <1>     ; "cat" (3)
  1716 0000C4A1 4883F903            <1>     cmp rcx, 3
  1717 0000C4A5 7515                <1>     jne .chk_touch
  1718 0000C4A7 803E63              <1>     cmp byte [rsi], 'c'
  1719 0000C4AA 7510                <1>     jne .chk_touch
  1720 0000C4AC 807E0161            <1>     cmp byte [rsi+1], 'a'
  1721 0000C4B0 750A                <1>     jne .chk_touch
  1722 0000C4B2 807E0274            <1>     cmp byte [rsi+2], 't'
  1723 0000C4B6 0F8484000000        <1>     je .tab_file_mode
  1724                              <1> 
  1725                              <1> .chk_touch:
  1726                              <1>     ; "touch" (5)
  1727 0000C4BC 4883F905            <1>     cmp rcx, 5
  1728 0000C4C0 751D                <1>     jne .chk_write
  1729 0000C4C2 803E74              <1>     cmp byte [rsi], 't'
  1730 0000C4C5 7518                <1>     jne .chk_write
  1731 0000C4C7 807E016F            <1>     cmp byte [rsi+1], 'o'
  1732 0000C4CB 7512                <1>     jne .chk_write
  1733 0000C4CD 807E0275            <1>     cmp byte [rsi+2], 'u'
  1734 0000C4D1 750C                <1>     jne .chk_write
  1735 0000C4D3 807E0363            <1>     cmp byte [rsi+3], 'c'
  1736 0000C4D7 7506                <1>     jne .chk_write
  1737 0000C4D9 807E0468            <1>     cmp byte [rsi+4], 'h'
  1738 0000C4DD 7461                <1>     je .tab_file_mode
  1739                              <1> 
  1740                              <1> .chk_write:
  1741                              <1>     ; "write" (5)
  1742 0000C4DF 4883F905            <1>     cmp rcx, 5
  1743 0000C4E3 751D                <1>     jne .chk_rm
  1744 0000C4E5 803E77              <1>     cmp byte [rsi], 'w'
  1745 0000C4E8 7518                <1>     jne .chk_rm
  1746 0000C4EA 807E0172            <1>     cmp byte [rsi+1], 'r'
  1747 0000C4EE 7512                <1>     jne .chk_rm
  1748 0000C4F0 807E0269            <1>     cmp byte [rsi+2], 'i'
  1749 0000C4F4 750C                <1>     jne .chk_rm
  1750 0000C4F6 807E0374            <1>     cmp byte [rsi+3], 't'
  1751 0000C4FA 7506                <1>     jne .chk_rm
  1752 0000C4FC 807E0465            <1>     cmp byte [rsi+4], 'e'
  1753 0000C500 743E                <1>     je .tab_file_mode
  1754                              <1> 
  1755                              <1> .chk_rm:
  1756                              <1>     ; "rm" (2)
  1757 0000C502 4883F902            <1>     cmp rcx, 2
  1758 0000C506 750B                <1>     jne .chk_ls
  1759 0000C508 803E72              <1>     cmp byte [rsi], 'r'
  1760 0000C50B 7506                <1>     jne .chk_ls
  1761 0000C50D 807E016D            <1>     cmp byte [rsi+1], 'm'
  1762 0000C511 742D                <1>     je .tab_file_mode
  1763                              <1> 
  1764                              <1> .chk_ls:
  1765                              <1>     ; "ls" (2)
  1766 0000C513 4883F902            <1>     cmp rcx, 2
  1767 0000C517 750B                <1>     jne .chk_dir
  1768 0000C519 803E6C              <1>     cmp byte [rsi], 'l'
  1769 0000C51C 7506                <1>     jne .chk_dir
  1770 0000C51E 807E0173            <1>     cmp byte [rsi+1], 's'
  1771 0000C522 741C                <1>     je .tab_file_mode
  1772                              <1> 
  1773                              <1> .chk_dir:
  1774                              <1>     ; "dir" (3)
  1775 0000C524 4883F903            <1>     cmp rcx, 3
  1776 0000C528 7511                <1>     jne .tab_not_file_cmd
  1777 0000C52A 803E64              <1>     cmp byte [rsi], 'd'
  1778 0000C52D 750C                <1>     jne .tab_not_file_cmd
  1779 0000C52F 807E0169            <1>     cmp byte [rsi+1], 'i'
  1780 0000C533 7506                <1>     jne .tab_not_file_cmd
  1781 0000C535 807E0272            <1>     cmp byte [rsi+2], 'r'
  1782 0000C539 7405                <1>     je .tab_file_mode
  1783                              <1> 
  1784                              <1> .tab_not_file_cmd:
  1785                              <1>     ; Command does not take filenames, do nothing
  1786 0000C53B E9EB010000          <1>     jmp .tab_done
  1787                              <1> 
  1788                              <1> .tab_file_mode:
  1789                              <1>     ; RDI is currently pointing at ' ' after command.
  1790                              <1>     ; Skip spaces to find start of filename argument.
  1791                              <1> .tab_skip_arg_spc:
  1792 0000C540 803F20              <1>     cmp byte [rdi], ' '
  1793 0000C543 7505                <1>     jne .tab_arg_start
  1794 0000C545 48FFC7              <1>     inc rdi
  1795 0000C548 EBF6                <1>     jmp .tab_skip_arg_spc
  1796                              <1> 
  1797                              <1> .tab_arg_start:
  1798                              <1>     ; RDI points to filename argument prefix (or 0 if user just typed "cat ")
  1799                              <1>     ; Check if there is another space AFTER this argument word (e.g. for write text...)
  1800 0000C54A 4889FB              <1>     mov rbx, rdi
  1801                              <1> .tab_chk_trailing_spc:
  1802 0000C54D 803B00              <1>     cmp byte [rbx], 0
  1803 0000C550 740F                <1>     je .tab_valid_file_arg
  1804 0000C552 803B20              <1>     cmp byte [rbx], ' '
  1805 0000C555 7405                <1>     je .tab_trailing_spc_found
  1806 0000C557 48FFC3              <1>     inc rbx
  1807 0000C55A EBF1                <1>     jmp .tab_chk_trailing_spc
  1808                              <1> 
  1809                              <1> .tab_trailing_spc_found:
  1810                              <1>     ; Argument already finished with space, do not complete further
  1811 0000C55C E9CA010000          <1>     jmp .tab_done
  1812                              <1> 
  1813                              <1> .tab_valid_file_arg:
  1814                              <1>     ; RDI points to filename prefix to match in fs_inode_table
  1815 0000C561 4889FE              <1>     mov rsi, rdi
  1816 0000C564 E801FEFFFF          <1>     call strlen
  1817 0000C569 4989C6              <1>     mov r14, rax                ; R14 = L_arg (length of filename prefix)
  1818 0000C56C 4989FF              <1>     mov r15, rdi                ; R15 = pointer to typed filename prefix
  1819                              <1> 
  1820                              <1>     ; Scan fs_inode_table
  1821 0000C56F 4D31E4              <1>     xor r12, r12                ; R12 = match count
  1822 0000C572 4D31ED              <1>     xor r13, r13                ; R13 = pointer to last matched inode filename
  1823 0000C575 4D31D2              <1>     xor r10, r10                ; R10 = inode index (0..31)
  1824                              <1> 
  1825                              <1> .tab_file_scan:
  1826 0000C578 4C89D0              <1>     mov rax, r10
  1827 0000C57B 48C1E005            <1>     shl rax, 5
  1828 0000C57F 488D80[001A0000]    <1>     lea rax, [fs_inode_table + rax]
  1829 0000C586 F6401801            <1>     test byte [rax + 24], FS_FLAG_ALLOC
  1830 0000C58A 7427                <1>     jz .tab_file_next
  1831                              <1> 
  1832                              <1>     ; Check if filename in [rax] matches prefix at R15 (length R14)
  1833 0000C58C 4C89F1              <1>     mov rcx, r14
  1834 0000C58F 4885C9              <1>     test rcx, rcx
  1835 0000C592 7419                <1>     jz .tab_file_matched        ; If prefix is empty (L=0), all files match!
  1836                              <1> 
  1837 0000C594 4D89F8              <1>     mov r8, r15
  1838 0000C597 4989C1              <1>     mov r9, rax
  1839                              <1> .tab_file_cmp:
  1840 0000C59A 418A10              <1>     mov dl, [r8]
  1841 0000C59D 413A11              <1>     cmp dl, [r9]
  1842 0000C5A0 7511                <1>     jne .tab_file_next
  1843 0000C5A2 49FFC0              <1>     inc r8
  1844 0000C5A5 49FFC1              <1>     inc r9
  1845 0000C5A8 48FFC9              <1>     dec rcx
  1846 0000C5AB 75ED                <1>     jnz .tab_file_cmp
  1847                              <1> 
  1848                              <1> .tab_file_matched:
  1849 0000C5AD 49FFC4              <1>     inc r12
  1850 0000C5B0 4989C5              <1>     mov r13, rax
  1851                              <1> 
  1852                              <1> .tab_file_next:
  1853 0000C5B3 49FFC2              <1>     inc r10
  1854 0000C5B6 4983FA20            <1>     cmp r10, FS_MAX_INODES
  1855 0000C5BA 7CBC                <1>     jl .tab_file_scan
  1856                              <1> 
  1857                              <1>     ; Evaluate file matches
  1858 0000C5BC 4D85E4              <1>     test r12, r12
  1859 0000C5BF 0F8466010000        <1>     jz .tab_done                ; 0 matches -> do nothing
  1860                              <1> 
  1861 0000C5C5 4983FC01            <1>     cmp r12, 1
  1862 0000C5C9 750F                <1>     jne .tab_file_multiple
  1863                              <1> 
  1864                              <1>     ; EXACTLY 1 MATCH: Auto-complete suffix + space!
  1865 0000C5CB 4B8D743500          <1>     lea rsi, [r13 + r14]        ; Start of suffix (after typed prefix)
  1866 0000C5D0 E81EFEFFFF          <1>     call append_suffix_and_space
  1867 0000C5D5 E951010000          <1>     jmp .tab_done
  1868                              <1> 
  1869                              <1> .tab_file_multiple:
  1870                              <1>     ; Multiple file matches: print list and restore prompt
  1871 0000C5DA B00A                <1>     mov al, 0x0A
  1872 0000C5DC E8923BFFFF          <1>     call vga_print_char
  1873                              <1> 
  1874                              <1>     ; Loop through matching files and print names
  1875 0000C5E1 4D31D2              <1>     xor r10, r10
  1876                              <1> .tab_file_print_loop:
  1877 0000C5E4 4C89D0              <1>     mov rax, r10
  1878 0000C5E7 48C1E005            <1>     shl rax, 5
  1879 0000C5EB 488D80[001A0000]    <1>     lea rax, [fs_inode_table + rax]
  1880 0000C5F2 F6401801            <1>     test byte [rax + 24], FS_FLAG_ALLOC
  1881 0000C5F6 7437                <1>     jz .tab_file_p_next
  1882                              <1> 
  1883 0000C5F8 4C89F1              <1>     mov rcx, r14
  1884 0000C5FB 4885C9              <1>     test rcx, rcx
  1885 0000C5FE 7419                <1>     jz .tab_file_p_do
  1886                              <1> 
  1887 0000C600 4D89F8              <1>     mov r8, r15
  1888 0000C603 4989C1              <1>     mov r9, rax
  1889                              <1> .tab_file_p_cmp:
  1890 0000C606 418A10              <1>     mov dl, [r8]
  1891 0000C609 413A11              <1>     cmp dl, [r9]
  1892 0000C60C 7521                <1>     jne .tab_file_p_next
  1893 0000C60E 49FFC0              <1>     inc r8
  1894 0000C611 49FFC1              <1>     inc r9
  1895 0000C614 48FFC9              <1>     dec rcx
  1896 0000C617 75ED                <1>     jnz .tab_file_p_cmp
  1897                              <1> 
  1898                              <1> .tab_file_p_do:
  1899 0000C619 B30A                <1>     mov bl, COLOR_LIGHT_GREEN
  1900 0000C61B 4889C6              <1>     mov rsi, rax
  1901 0000C61E E89A3CFFFF          <1>     call vga_print_string_color
  1902 0000C623 488D35A5DCFFFF      <1>     lea rsi, [STR_TWO_SPACES]
  1903 0000C62A E87D3CFFFF          <1>     call vga_print_string
  1904                              <1> 
  1905                              <1> .tab_file_p_next:
  1906 0000C62F 49FFC2              <1>     inc r10
  1907 0000C632 4983FA20            <1>     cmp r10, FS_MAX_INODES
  1908 0000C636 7CAC                <1>     jl .tab_file_print_loop
  1909                              <1> 
  1910                              <1>     ; End list of files with newline
  1911 0000C638 B00A                <1>     mov al, 0x0A
  1912 0000C63A E8343BFFFF          <1>     call vga_print_char
  1913                              <1> 
  1914                              <1>     ; Re-render prompt and current line
  1915 0000C63F E876E9FFFF          <1>     call shell_print_prompt
  1916 0000C644 488D355050FFFF      <1>     lea rsi, [input_buffer]
  1917 0000C64B E85C3CFFFF          <1>     call vga_print_string
  1918 0000C650 E9D6000000          <1>     jmp .tab_done
  1919                              <1> 
  1920                              <1> ; ------------------------------------------------------------------------------
  1921                              <1> ; Command Completion Branch
  1922                              <1> ; ------------------------------------------------------------------------------
  1923                              <1> .tab_cmd_mode:
  1924                              <1>     ; RSI points to start of command prefix
  1925 0000C655 4889F7              <1>     mov rdi, rsi
  1926 0000C658 E80DFDFFFF          <1>     call strlen
  1927 0000C65D 4989C6              <1>     mov r14, rax                ; R14 = L_cmd (prefix length)
  1928 0000C660 4989F7              <1>     mov r15, rsi                ; R15 = pointer to typed command prefix
  1929                              <1> 
  1930                              <1>     ; Scan tab_cmd_ptrs table
  1931 0000C663 4D31E4              <1>     xor r12, r12                ; R12 = match count
  1932 0000C666 4D31ED              <1>     xor r13, r13                ; R13 = pointer to last matched command string
  1933 0000C669 4D31D2              <1>     xor r10, r10                ; R10 = table index (0, 1, 2...)
  1934                              <1> 
  1935                              <1> .tab_cmd_scan:
  1936 0000C66C 4A8B04D5[D2A20000]  <1>     mov rax, [tab_cmd_ptrs + r10 * 8]
  1937 0000C674 4885C0              <1>     test rax, rax
  1938 0000C677 742C                <1>     jz .tab_cmd_scan_done
  1939                              <1> 
  1940                              <1>     ; Compare prefix at R15 of length R14 against command at RAX
  1941 0000C679 4C89F1              <1>     mov rcx, r14
  1942 0000C67C 4885C9              <1>     test rcx, rcx
  1943 0000C67F 7419                <1>     jz .tab_cmd_matched
  1944                              <1> 
  1945 0000C681 4D89F8              <1>     mov r8, r15
  1946 0000C684 4989C1              <1>     mov r9, rax
  1947                              <1> .tab_cmd_cmp:
  1948 0000C687 418A10              <1>     mov dl, [r8]
  1949 0000C68A 413A11              <1>     cmp dl, [r9]
  1950 0000C68D 7511                <1>     jne .tab_cmd_next
  1951 0000C68F 49FFC0              <1>     inc r8
  1952 0000C692 49FFC1              <1>     inc r9
  1953 0000C695 48FFC9              <1>     dec rcx
  1954 0000C698 75ED                <1>     jnz .tab_cmd_cmp
  1955                              <1> 
  1956                              <1> .tab_cmd_matched:
  1957 0000C69A 49FFC4              <1>     inc r12
  1958 0000C69D 4989C5              <1>     mov r13, rax
  1959                              <1> 
  1960                              <1> .tab_cmd_next:
  1961 0000C6A0 49FFC2              <1>     inc r10
  1962 0000C6A3 EBC7                <1>     jmp .tab_cmd_scan
  1963                              <1> 
  1964                              <1> .tab_cmd_scan_done:
  1965 0000C6A5 4D85E4              <1>     test r12, r12
  1966 0000C6A8 0F847D000000        <1>     jz .tab_done
  1967                              <1> 
  1968 0000C6AE 4983FC01            <1>     cmp r12, 1
  1969 0000C6B2 750C                <1>     jne .tab_cmd_multiple
  1970                              <1> 
  1971                              <1>     ; EXACTLY 1 MATCH: Complete suffix + space!
  1972 0000C6B4 4B8D743500          <1>     lea rsi, [r13 + r14]
  1973 0000C6B9 E835FDFFFF          <1>     call append_suffix_and_space
  1974 0000C6BE EB6B                <1>     jmp .tab_done
  1975                              <1> 
  1976                              <1> .tab_cmd_multiple:
  1977                              <1>     ; Multiple command matches: print list and restore prompt
  1978 0000C6C0 B00A                <1>     mov al, 0x0A
  1979 0000C6C2 E8AC3AFFFF          <1>     call vga_print_char
  1980                              <1> 
  1981 0000C6C7 4D31D2              <1>     xor r10, r10
  1982                              <1> .tab_cmd_print_loop:
  1983 0000C6CA 4A8B04D5[D2A20000]  <1>     mov rax, [tab_cmd_ptrs + r10 * 8]
  1984 0000C6D2 4885C0              <1>     test rax, rax
  1985 0000C6D5 743C                <1>     jz .tab_cmd_print_done
  1986                              <1> 
  1987 0000C6D7 4C89F1              <1>     mov rcx, r14
  1988 0000C6DA 4885C9              <1>     test rcx, rcx
  1989 0000C6DD 7419                <1>     jz .tab_cmd_p_do
  1990                              <1> 
  1991 0000C6DF 4D89F8              <1>     mov r8, r15
  1992 0000C6E2 4989C1              <1>     mov r9, rax
  1993                              <1> .tab_cmd_p_cmp:
  1994 0000C6E5 418A10              <1>     mov dl, [r8]
  1995 0000C6E8 413A11              <1>     cmp dl, [r9]
  1996 0000C6EB 7521                <1>     jne .tab_cmd_p_next
  1997 0000C6ED 49FFC0              <1>     inc r8
  1998 0000C6F0 49FFC1              <1>     inc r9
  1999 0000C6F3 48FFC9              <1>     dec rcx
  2000 0000C6F6 75ED                <1>     jnz .tab_cmd_p_cmp
  2001                              <1> 
  2002                              <1> .tab_cmd_p_do:
  2003 0000C6F8 B30B                <1>     mov bl, COLOR_LIGHT_CYAN
  2004 0000C6FA 4889C6              <1>     mov rsi, rax
  2005 0000C6FD E8BB3BFFFF          <1>     call vga_print_string_color
  2006 0000C702 488D35C6DBFFFF      <1>     lea rsi, [STR_TWO_SPACES]
  2007 0000C709 E89E3BFFFF          <1>     call vga_print_string
  2008                              <1> 
  2009                              <1> .tab_cmd_p_next:
  2010 0000C70E 49FFC2              <1>     inc r10
  2011 0000C711 EBB7                <1>     jmp .tab_cmd_print_loop
  2012                              <1> 
  2013                              <1> .tab_cmd_print_done:
  2014 0000C713 B00A                <1>     mov al, 0x0A
  2015 0000C715 E8593AFFFF          <1>     call vga_print_char
  2016                              <1> 
  2017                              <1>     ; Re-render prompt and current line
  2018 0000C71A E89BE8FFFF          <1>     call shell_print_prompt
  2019 0000C71F 488D35754FFFFF      <1>     lea rsi, [input_buffer]
  2020 0000C726 E8813BFFFF          <1>     call vga_print_string
  2021                              <1> 
  2022                              <1> .tab_done:
  2023 0000C72B 415F                <1>     pop r15
  2024 0000C72D 415E                <1>     pop r14
  2025 0000C72F 415D                <1>     pop r13
  2026 0000C731 415C                <1>     pop r12
  2027 0000C733 415B                <1>     pop r11
  2028 0000C735 415A                <1>     pop r10
  2029 0000C737 4159                <1>     pop r9
  2030 0000C739 4158                <1>     pop r8
  2031 0000C73B 5F                  <1>     pop rdi
  2032 0000C73C 5E                  <1>     pop rsi
  2033 0000C73D 5A                  <1>     pop rdx
  2034 0000C73E 59                  <1>     pop rcx
  2035 0000C73F 5B                  <1>     pop rbx
  2036 0000C740 58                  <1>     pop rax
  2037 0000C741 C3                  <1>     ret
   134                                  
   135                                  ; ------------------------------------------------------------------------------
   136                                  ; Kernel Static Data Strings
   137                                  ; ------------------------------------------------------------------------------
   138 0000C742 202020205F5F5F2020-     BANNER_LINE1: db "    ___          __  _                         _ __          ____  _____ ", 0x0A, 0
   138 0000C74B 20202020202020205F-
   138 0000C754 5F20205F2020202020-
   138 0000C75D 202020202020202020-
   138 0000C766 202020202020202020-
   138 0000C76F 20205F205F5F202020-
   138 0000C778 202020202020205F5F-
   138 0000C781 5F5F20205F5F5F5F5F-
   138 0000C78A 200A00             
   139 0000C78D 2020202F2020207C20-     BANNER_LINE2: db "   /   |  ____  / /_(_)___ __________ __   __ (_) /___  __  / __ \/ ___/ ", 0x0A, 0
   139 0000C796 205F5F5F5F20202F20-
   139 0000C79F 2F5F285F295F5F5F20-
   139 0000C7A8 5F5F5F5F5F5F5F5F5F-
   139 0000C7B1 5F205F5F2020205F5F-
   139 0000C7BA 20285F29202F5F5F5F-
   139 0000C7C3 20205F5F20202F205F-
   139 0000C7CC 5F205C2F205F5F5F2F-
   139 0000C7D5 200A00             
   140 0000C7D8 20202F202F7C207C20-     BANNER_LINE3: db "  / /| | / __ \/ __/ / __ `/ ___/ __ `/ | / // / __/ / / / / / / /\__ \  ", 0x0A, 0
   140 0000C7E1 2F205F5F205C2F205F-
   140 0000C7EA 5F2F202F205F5F2060-
   140 0000C7F3 2F205F5F5F2F205F5F-
   140 0000C7FC 20602F207C202F202F-
   140 0000C805 2F202F205F5F2F202F-
   140 0000C80E 202F202F202F202F20-
   140 0000C817 2F202F5C5F5F205C20-
   140 0000C820 200A00             
   141 0000C823 202F205F5F5F207C2F-     BANNER_LINE4: db " / ___ |/ / / / /_/ / /_/ / /  / /_/ /| |/ // / /_/ /_/ / / /_/ /___/ /  ", 0x0A, 0
   141 0000C82C 202F202F202F202F5F-
   141 0000C835 2F202F202F5F2F202F-
   141 0000C83E 202F20202F202F5F2F-
   141 0000C847 202F7C207C2F202F2F-
   141 0000C850 202F202F5F2F202F5F-
   141 0000C859 2F202F202F202F5F2F-
   141 0000C862 202F5F5F5F2F202F20-
   141 0000C86B 200A00             
   142 0000C86E 2F5F2F20207C5F2F5F-     BANNER_LINE5: db "/_/  |_/_/ /_/\__/_/\__, /_/   \__,_/ |___//_/\__/\__, /  \____//____/   ", 0x0A, 0
   142 0000C877 2F202F5F2F5C5F5F2F-
   142 0000C880 5F2F5C5F5F2C202F5F-
   142 0000C889 2F2020205C5F5F2C5F-
   142 0000C892 2F207C5F5F5F2F2F5F-
   142 0000C89B 2F5C5F5F2F5C5F5F2C-
   142 0000C8A4 202F20205C5F5F5F5F-
   142 0000C8AD 2F2F5F5F5F5F2F2020-
   142 0000C8B6 200A00             
   143 0000C8B9 202020202020202020-     BANNER_LINE6: db "                   /____/                        /____/                  ", 0x0A, 0
   143 0000C8C2 202020202020202020-
   143 0000C8CB 202F5F5F5F5F2F2020-
   143 0000C8D4 202020202020202020-
   143 0000C8DD 202020202020202020-
   143 0000C8E6 202020202F5F5F5F5F-
   143 0000C8EF 2F2020202020202020-
   143 0000C8F8 202020202020202020-
   143 0000C901 200A00             
   144 0000C904 20202020202020203D-     BANNER_SUBTITLE: db "        ===[ 64-Bit Bare-Metal Long Mode Operating System ]===          ", 0x0A, 0x0A, 0
   144 0000C90D 3D3D5B2036342D4269-
   144 0000C916 7420426172652D4D65-
   144 0000C91F 74616C204C6F6E6720-
   144 0000C928 4D6F6465204F706572-
   144 0000C931 6174696E6720537973-
   144 0000C93A 74656D205D3D3D3D20-
   144 0000C943 202020202020202020-
   144 0000C94C 0A0A00             
   145                                  
   146 0000C94F 5B4B45524E454C5D20-     MSG_INIT_IDT: db "[KERNEL] Initializing 64-bit IDT and remapping 8259 PIC...", 0x0A, 0
   146 0000C958 496E697469616C697A-
   146 0000C961 696E672036342D6269-
   146 0000C96A 742049445420616E64-
   146 0000C973 2072656D617070696E-
   146 0000C97C 672038323539205049-
   146 0000C985 432E2E2E0A00       
   147 0000C98B 5B4B45524E454C5D20-     MSG_IDT_OK:   db "[KERNEL] 64-bit Long Mode active. Hardware IRQs running (IRQ0, IRQ1).", 0x0A, 0
   147 0000C994 36342D626974204C6F-
   147 0000C99D 6E67204D6F64652061-
   147 0000C9A6 63746976652E204861-
   147 0000C9AF 726477617265204952-
   147 0000C9B8 51732072756E6E696E-
   147 0000C9C1 672028495251302C20-
   147 0000C9CA 49525131292E0A00   
   148 0000C9D2 5B4B45524E454C5D20-     MSG_READY:    db "[KERNEL] System ready. Type 'help' to see available commands.", 0x0A, 0x0A, 0
   148 0000C9DB 53797374656D207265-
   148 0000C9E4 6164792E2054797065-
   148 0000C9ED 202768656C70272074-
   148 0000C9F6 6F2073656520617661-
   148 0000C9FF 696C61626C6520636F-
   148 0000CA08 6D6D616E64732E0A0A-
   148 0000CA11 00                 
   149                                  
   150                                  ; ------------------------------------------------------------------------------
   151                                  ; Pad kernel to exactly 128 sectors (65,536 bytes) to match bootloader load size
   152                                  ; ------------------------------------------------------------------------------
   153 0000CA12 00<rep 35EEh>           times (128 * 512) - ($ - $$) db 0
